ISO-10303-21;
HEADER;
FILE_DESCRIPTION(('Open CASCADE Model'),'2;1');
FILE_NAME('Open CASCADE Shape Model','2026-08-30T01:18:22',('Author'),(
    'Open CASCADE'),'Open CASCADE STEP processor 7.9','build123d',
  'Unknown');
FILE_SCHEMA(('AUTOMOTIVE_DESIGN { 1 0 10303 214 1 1 1 1 }'));
ENDSEC;
DATA;
#1 = APPLICATION_PROTOCOL_DEFINITION('international standard',
  'automotive_design',2000,#2);
#2 = APPLICATION_CONTEXT(
  'core data for automotive mechanical design processes');
#3 = SHAPE_DEFINITION_REPRESENTATION(#4,#10);
#4 = PRODUCT_DEFINITION_SHAPE('','',#5);
#5 = PRODUCT_DEFINITION('design','',#6,#9);
#6 = PRODUCT_DEFINITION_FORMATION('','',#7);
#7 = PRODUCT('COMPOUND','COMPOUND','',(#8));
#8 = PRODUCT_CONTEXT('',#2,'mechanical');
#9 = PRODUCT_DEFINITION_CONTEXT('part definition',#2,'design');
#10 = ADVANCED_BREP_SHAPE_REPRESENTATION('',(#11,#15),#18823);
#11 = AXIS2_PLACEMENT_3D('',#12,#13,#14);
#12 = CARTESIAN_POINT('',(0.,0.,0.));
#13 = DIRECTION('',(0.,0.,1.));
#14 = DIRECTION('',(1.,0.,-0.));
#15 = MANIFOLD_SOLID_BREP('',#16);
#16 = CLOSED_SHELL('',(#17,#137,#215,#293,#6926,#7260,#7287,#7312,#7339,
    #7366,#7393,#7420,#7447,#7472,#7479,#7506,#7582,#7631,#7680,#7729,
    #7778,#7827,#7876,#7925,#7974,#8023,#8072,#8121,#8170,#8219,#8268,
    #8317,#8366,#8415,#8464,#8513,#8562,#8611,#8660,#8709,#8758,#8807,
    #8856,#8905,#8954,#9003,#9052,#9101,#9150,#9199,#9248,#9297,#9346,
    #9395,#9444,#9493,#9542,#9591,#9640,#9689,#9738,#9787,#9836,#9863,
    #9939,#9988,#10037,#10086,#10135,#10184,#10233,#10282,#10331,#10380,
    #10429,#10478,#10527,#10576,#10625,#10674,#10723,#10772,#10821,
    #10870,#10919,#10968,#11017,#11066,#11115,#11164,#11213,#11262,
    #11311,#11360,#11409,#11458,#11507,#11556,#11605,#11654,#11703,
    #11752,#11801,#11850,#11899,#11948,#11997,#12046,#12095,#12144,
    #12193,#12220,#12296,#12345,#12394,#12443,#12492,#12541,#12590,
    #12639,#12688,#12737,#12786,#12835,#12884,#12933,#12982,#13031,
    #13080,#13129,#13178,#13227,#13276,#13325,#13374,#13423,#13472,
    #13521,#13570,#13619,#13668,#13717,#13766,#13815,#13864,#13913,
    #13962,#14011,#14060,#14109,#14158,#14207,#14256,#14305,#14354,
    #14403,#14452,#14501,#14550,#14577,#14604,#14680,#14729,#14778,
    #14827,#14876,#14925,#14974,#15023,#15072,#15121,#15170,#15219,
    #15268,#15317,#15366,#15415,#15464,#15513,#15562,#15611,#15660,
    #15709,#15758,#15807,#15856,#15905,#15954,#16003,#16052,#16101,
    #16150,#16199,#16248,#16297,#16346,#16395,#16444,#16493,#16542,
    #16591,#16640,#16689,#16738,#16787,#16836,#16885,#16934,#16961,
    #17058,#17107,#17156,#17205,#17254,#17303,#17352,#17401,#17450,
    #17499,#17548,#17597,#17646,#17695,#17744,#17793,#17842,#17891,
    #17940,#17989,#18038,#18087,#18136,#18185,#18234,#18283,#18332,
    #18381,#18430,#18479,#18528,#18555,#18584,#18635,#18686,#18737,
    #18788));
#17 = ADVANCED_FACE('',(#18),#32,.T.);
#18 = FACE_BOUND('',#19,.T.);
#19 = EDGE_LOOP('',(#20,#55,#83,#111));
#20 = ORIENTED_EDGE('',*,*,#21,.T.);
#21 = EDGE_CURVE('',#22,#24,#26,.T.);
#22 = VERTEX_POINT('',#23);
#23 = CARTESIAN_POINT('',(-42.,-9.5,1.8));
#24 = VERTEX_POINT('',#25);
#25 = CARTESIAN_POINT('',(-42.,-9.5,5.8));
#26 = SURFACE_CURVE('',#27,(#31,#43),.PCURVE_S1.);
#27 = LINE('',#28,#29);
#28 = CARTESIAN_POINT('',(-42.,-9.5,1.8));
#29 = VECTOR('',#30,1.);
#30 = DIRECTION('',(0.,0.,1.));
#31 = PCURVE('',#32,#37);
#32 = PLANE('',#33);
#33 = AXIS2_PLACEMENT_3D('',#34,#35,#36);
#34 = CARTESIAN_POINT('',(-42.,-9.5,1.8));
#35 = DIRECTION('',(-1.,0.,0.));
#36 = DIRECTION('',(0.,1.,0.));
#37 = DEFINITIONAL_REPRESENTATION('',(#38),#42);
#38 = LINE('',#39,#40);
#39 = CARTESIAN_POINT('',(0.,0.));
#40 = VECTOR('',#41,1.);
#41 = DIRECTION('',(0.,-1.));
#42 = ( GEOMETRIC_REPRESENTATION_CONTEXT(2) 
PARAMETRIC_REPRESENTATION_CONTEXT() REPRESENTATION_CONTEXT('2D SPACE',''
  ) );
#43 = PCURVE('',#44,#49);
#44 = CYLINDRICAL_SURFACE('',#45,3.);
#45 = AXIS2_PLACEMENT_3D('',#46,#47,#48);
#46 = CARTESIAN_POINT('',(-39.,-9.5,1.8));
#47 = DIRECTION('',(-0.,-0.,-1.));
#48 = DIRECTION('',(1.,0.,0.));
#49 = DEFINITIONAL_REPRESENTATION('',(#50),#54);
#50 = LINE('',#51,#52);
#51 = CARTESIAN_POINT('',(-3.14159265359,0.));
#52 = VECTOR('',#53,1.);
#53 = DIRECTION('',(-0.,-1.));
#54 = ( GEOMETRIC_REPRESENTATION_CONTEXT(2) 
PARAMETRIC_REPRESENTATION_CONTEXT() REPRESENTATION_CONTEXT('2D SPACE',''
  ) );
#55 = ORIENTED_EDGE('',*,*,#56,.T.);
#56 = EDGE_CURVE('',#24,#57,#59,.T.);
#57 = VERTEX_POINT('',#58);
#58 = CARTESIAN_POINT('',(-42.,9.499999998822,5.8));
#59 = SURFACE_CURVE('',#60,(#64,#71),.PCURVE_S1.);
#60 = LINE('',#61,#62);
#61 = CARTESIAN_POINT('',(-42.,0.,5.8));
#62 = VECTOR('',#63,1.);
#63 = DIRECTION('',(0.,1.,0.));
#64 = PCURVE('',#32,#65);
#65 = DEFINITIONAL_REPRESENTATION('',(#66),#70);
#66 = LINE('',#67,#68);
#67 = CARTESIAN_POINT('',(9.5,-4.));
#68 = VECTOR('',#69,1.);
#69 = DIRECTION('',(1.,0.));
#70 = ( GEOMETRIC_REPRESENTATION_CONTEXT(2) 
PARAMETRIC_REPRESENTATION_CONTEXT() REPRESENTATION_CONTEXT('2D SPACE',''
  ) );
#71 = PCURVE('',#72,#77);
#72 = PLANE('',#73);
#73 = AXIS2_PLACEMENT_3D('',#74,#75,#76);
#74 = CARTESIAN_POINT('',(-26.15,-3.087414322334E-10,5.8));
#75 = DIRECTION('',(0.,0.,1.));
#76 = DIRECTION('',(1.,0.,-0.));
#77 = DEFINITIONAL_REPRESENTATION('',(#78),#82);
#78 = LINE('',#79,#80);
#79 = CARTESIAN_POINT('',(-15.85,3.087414322334E-10));
#80 = VECTOR('',#81,1.);
#81 = DIRECTION('',(0.,1.));
#82 = ( GEOMETRIC_REPRESENTATION_CONTEXT(2) 
PARAMETRIC_REPRESENTATION_CONTEXT() REPRESENTATION_CONTEXT('2D SPACE',''
  ) );
#83 = ORIENTED_EDGE('',*,*,#84,.F.);
#84 = EDGE_CURVE('',#85,#57,#87,.T.);
#85 = VERTEX_POINT('',#86);
#86 = CARTESIAN_POINT('',(-42.,9.499999998822,1.8));
#87 = SURFACE_CURVE('',#88,(#92,#99),.PCURVE_S1.);
#88 = LINE('',#89,#90);
#89 = CARTESIAN_POINT('',(-42.,9.499999998822,1.8));
#90 = VECTOR('',#91,1.);
#91 = DIRECTION('',(0.,0.,1.));
#92 = PCURVE('',#32,#93);
#93 = DEFINITIONAL_REPRESENTATION('',(#94),#98);
#94 = LINE('',#95,#96);
#95 = CARTESIAN_POINT('',(18.999999998822,0.));
#96 = VECTOR('',#97,1.);
#97 = DIRECTION('',(0.,-1.));
#98 = ( GEOMETRIC_REPRESENTATION_CONTEXT(2) 
PARAMETRIC_REPRESENTATION_CONTEXT() REPRESENTATION_CONTEXT('2D SPACE',''
  ) );
#99 = PCURVE('',#100,#105);
#100 = CYLINDRICAL_SURFACE('',#101,3.);
#101 = AXIS2_PLACEMENT_3D('',#102,#103,#104);
#102 = CARTESIAN_POINT('',(-39.,9.499999998822,1.8));
#103 = DIRECTION('',(-0.,-0.,-1.));
#104 = DIRECTION('',(1.,0.,0.));
#105 = DEFINITIONAL_REPRESENTATION('',(#106),#110);
#106 = LINE('',#107,#108);
#107 = CARTESIAN_POINT('',(-3.14159265359,0.));
#108 = VECTOR('',#109,1.);
#109 = DIRECTION('',(-0.,-1.));
#110 = ( GEOMETRIC_REPRESENTATION_CONTEXT(2) 
PARAMETRIC_REPRESENTATION_CONTEXT() REPRESENTATION_CONTEXT('2D SPACE',''
  ) );
#111 = ORIENTED_EDGE('',*,*,#112,.F.);
#112 = EDGE_CURVE('',#22,#85,#113,.T.);
#113 = SURFACE_CURVE('',#114,(#118,#125),.PCURVE_S1.);
#114 = LINE('',#115,#116);
#115 = CARTESIAN_POINT('',(-42.,0.,1.8));
#116 = VECTOR('',#117,1.);
#117 = DIRECTION('',(0.,1.,0.));
#118 = PCURVE('',#32,#119);
#119 = DEFINITIONAL_REPRESENTATION('',(#120),#124);
#120 = LINE('',#121,#122);
#121 = CARTESIAN_POINT('',(9.5,0.));
#122 = VECTOR('',#123,1.);
#123 = DIRECTION('',(1.,0.));
#124 = ( GEOMETRIC_REPRESENTATION_CONTEXT(2) 
PARAMETRIC_REPRESENTATION_CONTEXT() REPRESENTATION_CONTEXT('2D SPACE',''
  ) );
#125 = PCURVE('',#126,#131);
#126 = PLANE('',#127);
#127 = AXIS2_PLACEMENT_3D('',#128,#129,#130);
#128 = CARTESIAN_POINT('',(-26.15,-3.087414322334E-10,1.8));
#129 = DIRECTION('',(0.,0.,1.));
#130 = DIRECTION('',(1.,0.,-0.));
#131 = DEFINITIONAL_REPRESENTATION('',(#132),#136);
#132 = LINE('',#133,#134);
#133 = CARTESIAN_POINT('',(-15.85,3.087414322334E-10));
#134 = VECTOR('',#135,1.);
#135 = DIRECTION('',(0.,1.));
#136 = ( GEOMETRIC_REPRESENTATION_CONTEXT(2) 
PARAMETRIC_REPRESENTATION_CONTEXT() REPRESENTATION_CONTEXT('2D SPACE',''
  ) );
#137 = ADVANCED_FACE('',(#138),#44,.T.);
#138 = FACE_BOUND('',#139,.F.);
#139 = EDGE_LOOP('',(#140,#141,#165,#193));
#140 = ORIENTED_EDGE('',*,*,#21,.T.);
#141 = ORIENTED_EDGE('',*,*,#142,.T.);
#142 = EDGE_CURVE('',#24,#143,#145,.T.);
#143 = VERTEX_POINT('',#144);
#144 = CARTESIAN_POINT('',(-39.,-12.5,5.8));
#145 = SURFACE_CURVE('',#146,(#151,#158),.PCURVE_S1.);
#146 = CIRCLE('',#147,3.);
#147 = AXIS2_PLACEMENT_3D('',#148,#149,#150);
#148 = CARTESIAN_POINT('',(-39.,-9.5,5.8));
#149 = DIRECTION('',(0.,0.,1.));
#150 = DIRECTION('',(1.,0.,0.));
#151 = PCURVE('',#44,#152);
#152 = DEFINITIONAL_REPRESENTATION('',(#153),#157);
#153 = LINE('',#154,#155);
#154 = CARTESIAN_POINT('',(-0.,-4.));
#155 = VECTOR('',#156,1.);
#156 = DIRECTION('',(-1.,0.));
#157 = ( GEOMETRIC_REPRESENTATION_CONTEXT(2) 
PARAMETRIC_REPRESENTATION_CONTEXT() REPRESENTATION_CONTEXT('2D SPACE',''
  ) );
#158 = PCURVE('',#72,#159);
#159 = DEFINITIONAL_REPRESENTATION('',(#160),#164);
#160 = CIRCLE('',#161,3.);
#161 = AXIS2_PLACEMENT_2D('',#162,#163);
#162 = CARTESIAN_POINT('',(-12.85,-9.499999999691));
#163 = DIRECTION('',(1.,0.));
#164 = ( GEOMETRIC_REPRESENTATION_CONTEXT(2) 
PARAMETRIC_REPRESENTATION_CONTEXT() REPRESENTATION_CONTEXT('2D SPACE',''
  ) );
#165 = ORIENTED_EDGE('',*,*,#166,.F.);
#166 = EDGE_CURVE('',#167,#143,#169,.T.);
#167 = VERTEX_POINT('',#168);
#168 = CARTESIAN_POINT('',(-39.,-12.5,1.8));
#169 = SURFACE_CURVE('',#170,(#174,#181),.PCURVE_S1.);
#170 = LINE('',#171,#172);
#171 = CARTESIAN_POINT('',(-39.,-12.5,1.8));
#172 = VECTOR('',#173,1.);
#173 = DIRECTION('',(0.,0.,1.));
#174 = PCURVE('',#44,#175);
#175 = DEFINITIONAL_REPRESENTATION('',(#176),#180);
#176 = LINE('',#177,#178);
#177 = CARTESIAN_POINT('',(-4.712388980385,0.));
#178 = VECTOR('',#179,1.);
#179 = DIRECTION('',(-0.,-1.));
#180 = ( GEOMETRIC_REPRESENTATION_CONTEXT(2) 
PARAMETRIC_REPRESENTATION_CONTEXT() REPRESENTATION_CONTEXT('2D SPACE',''
  ) );
#181 = PCURVE('',#182,#187);
#182 = PLANE('',#183);
#183 = AXIS2_PLACEMENT_3D('',#184,#185,#186);
#184 = CARTESIAN_POINT('',(-39.,-12.5,1.8));
#185 = DIRECTION('',(0.,1.,0.));
#186 = DIRECTION('',(1.,0.,0.));
#187 = DEFINITIONAL_REPRESENTATION('',(#188),#192);
#188 = LINE('',#189,#190);
#189 = CARTESIAN_POINT('',(0.,0.));
#190 = VECTOR('',#191,1.);
#191 = DIRECTION('',(0.,-1.));
#192 = ( GEOMETRIC_REPRESENTATION_CONTEXT(2) 
PARAMETRIC_REPRESENTATION_CONTEXT() REPRESENTATION_CONTEXT('2D SPACE',''
  ) );
#193 = ORIENTED_EDGE('',*,*,#194,.F.);
#194 = EDGE_CURVE('',#22,#167,#195,.T.);
#195 = SURFACE_CURVE('',#196,(#201,#208),.PCURVE_S1.);
#196 = CIRCLE('',#197,3.);
#197 = AXIS2_PLACEMENT_3D('',#198,#199,#200);
#198 = CARTESIAN_POINT('',(-39.,-9.5,1.8));
#199 = DIRECTION('',(0.,0.,1.));
#200 = DIRECTION('',(1.,0.,0.));
#201 = PCURVE('',#44,#202);
#202 = DEFINITIONAL_REPRESENTATION('',(#203),#207);
#203 = LINE('',#204,#205);
#204 = CARTESIAN_POINT('',(-0.,0.));
#205 = VECTOR('',#206,1.);
#206 = DIRECTION('',(-1.,0.));
#207 = ( GEOMETRIC_REPRESENTATION_CONTEXT(2) 
PARAMETRIC_REPRESENTATION_CONTEXT() REPRESENTATION_CONTEXT('2D SPACE',''
  ) );
#208 = PCURVE('',#126,#209);
#209 = DEFINITIONAL_REPRESENTATION('',(#210),#214);
#210 = CIRCLE('',#211,3.);
#211 = AXIS2_PLACEMENT_2D('',#212,#213);
#212 = CARTESIAN_POINT('',(-12.85,-9.499999999691));
#213 = DIRECTION('',(1.,0.));
#214 = ( GEOMETRIC_REPRESENTATION_CONTEXT(2) 
PARAMETRIC_REPRESENTATION_CONTEXT() REPRESENTATION_CONTEXT('2D SPACE',''
  ) );
#215 = ADVANCED_FACE('',(#216),#100,.T.);
#216 = FACE_BOUND('',#217,.F.);
#217 = EDGE_LOOP('',(#218,#248,#270,#271));
#218 = ORIENTED_EDGE('',*,*,#219,.T.);
#219 = EDGE_CURVE('',#220,#222,#224,.T.);
#220 = VERTEX_POINT('',#221);
#221 = CARTESIAN_POINT('',(-39.,12.499999999411,1.8));
#222 = VERTEX_POINT('',#223);
#223 = CARTESIAN_POINT('',(-39.,12.499999999411,5.8));
#224 = SURFACE_CURVE('',#225,(#229,#236),.PCURVE_S1.);
#225 = LINE('',#226,#227);
#226 = CARTESIAN_POINT('',(-39.,12.499999999411,1.8));
#227 = VECTOR('',#228,1.);
#228 = DIRECTION('',(0.,0.,1.));
#229 = PCURVE('',#100,#230);
#230 = DEFINITIONAL_REPRESENTATION('',(#231),#235);
#231 = LINE('',#232,#233);
#232 = CARTESIAN_POINT('',(-1.570796326795,0.));
#233 = VECTOR('',#234,1.);
#234 = DIRECTION('',(-0.,-1.));
#235 = ( GEOMETRIC_REPRESENTATION_CONTEXT(2) 
PARAMETRIC_REPRESENTATION_CONTEXT() REPRESENTATION_CONTEXT('2D SPACE',''
  ) );
#236 = PCURVE('',#237,#242);
#237 = PLANE('',#238);
#238 = AXIS2_PLACEMENT_3D('',#239,#240,#241);
#239 = CARTESIAN_POINT('',(-39.,12.5,1.8));
#240 = DIRECTION('',(0.,1.,0.));
#241 = DIRECTION('',(1.,0.,0.));
#242 = DEFINITIONAL_REPRESENTATION('',(#243),#247);
#243 = LINE('',#244,#245);
#244 = CARTESIAN_POINT('',(0.,0.));
#245 = VECTOR('',#246,1.);
#246 = DIRECTION('',(0.,-1.));
#247 = ( GEOMETRIC_REPRESENTATION_CONTEXT(2) 
PARAMETRIC_REPRESENTATION_CONTEXT() REPRESENTATION_CONTEXT('2D SPACE',''
  ) );
#248 = ORIENTED_EDGE('',*,*,#249,.T.);
#249 = EDGE_CURVE('',#222,#57,#250,.T.);
#250 = SURFACE_CURVE('',#251,(#256,#263),.PCURVE_S1.);
#251 = CIRCLE('',#252,3.);
#252 = AXIS2_PLACEMENT_3D('',#253,#254,#255);
#253 = CARTESIAN_POINT('',(-39.,9.499999998822,5.8));
#254 = DIRECTION('',(0.,0.,1.));
#255 = DIRECTION('',(1.,0.,0.));
#256 = PCURVE('',#100,#257);
#257 = DEFINITIONAL_REPRESENTATION('',(#258),#262);
#258 = LINE('',#259,#260);
#259 = CARTESIAN_POINT('',(-0.,-4.));
#260 = VECTOR('',#261,1.);
#261 = DIRECTION('',(-1.,0.));
#262 = ( GEOMETRIC_REPRESENTATION_CONTEXT(2) 
PARAMETRIC_REPRESENTATION_CONTEXT() REPRESENTATION_CONTEXT('2D SPACE',''
  ) );
#263 = PCURVE('',#72,#264);
#264 = DEFINITIONAL_REPRESENTATION('',(#265),#269);
#265 = CIRCLE('',#266,3.);
#266 = AXIS2_PLACEMENT_2D('',#267,#268);
#267 = CARTESIAN_POINT('',(-12.85,9.499999999131));
#268 = DIRECTION('',(1.,0.));
#269 = ( GEOMETRIC_REPRESENTATION_CONTEXT(2) 
PARAMETRIC_REPRESENTATION_CONTEXT() REPRESENTATION_CONTEXT('2D SPACE',''
  ) );
#270 = ORIENTED_EDGE('',*,*,#84,.F.);
#271 = ORIENTED_EDGE('',*,*,#272,.F.);
#272 = EDGE_CURVE('',#220,#85,#273,.T.);
#273 = SURFACE_CURVE('',#274,(#279,#286),.PCURVE_S1.);
#274 = CIRCLE('',#275,3.);
#275 = AXIS2_PLACEMENT_3D('',#276,#277,#278);
#276 = CARTESIAN_POINT('',(-39.,9.499999998822,1.8));
#277 = DIRECTION('',(0.,0.,1.));
#278 = DIRECTION('',(1.,0.,0.));
#279 = PCURVE('',#100,#280);
#280 = DEFINITIONAL_REPRESENTATION('',(#281),#285);
#281 = LINE('',#282,#283);
#282 = CARTESIAN_POINT('',(-0.,0.));
#283 = VECTOR('',#284,1.);
#284 = DIRECTION('',(-1.,0.));
#285 = ( GEOMETRIC_REPRESENTATION_CONTEXT(2) 
PARAMETRIC_REPRESENTATION_CONTEXT() REPRESENTATION_CONTEXT('2D SPACE',''
  ) );
#286 = PCURVE('',#126,#287);
#287 = DEFINITIONAL_REPRESENTATION('',(#288),#292);
#288 = CIRCLE('',#289,3.);
#289 = AXIS2_PLACEMENT_2D('',#290,#291);
#290 = CARTESIAN_POINT('',(-12.85,9.499999999131));
#291 = DIRECTION('',(1.,0.));
#292 = ( GEOMETRIC_REPRESENTATION_CONTEXT(2) 
PARAMETRIC_REPRESENTATION_CONTEXT() REPRESENTATION_CONTEXT('2D SPACE',''
  ) );
#293 = ADVANCED_FACE('',(#294,#541,#576,#1922,#3268,#4614,#4649,#5995),
  #126,.F.);
#294 = FACE_BOUND('',#295,.F.);
#295 = EDGE_LOOP('',(#296,#297,#298,#321,#350,#378,#407,#435,#463,#491,
    #519,#540));
#296 = ORIENTED_EDGE('',*,*,#112,.F.);
#297 = ORIENTED_EDGE('',*,*,#194,.T.);
#298 = ORIENTED_EDGE('',*,*,#299,.T.);
#299 = EDGE_CURVE('',#167,#300,#302,.T.);
#300 = VERTEX_POINT('',#301);
#301 = CARTESIAN_POINT('',(-13.3,-12.5,1.8));
#302 = SURFACE_CURVE('',#303,(#307,#314),.PCURVE_S1.);
#303 = LINE('',#304,#305);
#304 = CARTESIAN_POINT('',(-26.15,-12.5,1.8));
#305 = VECTOR('',#306,1.);
#306 = DIRECTION('',(1.,0.,0.));
#307 = PCURVE('',#126,#308);
#308 = DEFINITIONAL_REPRESENTATION('',(#309),#313);
#309 = LINE('',#310,#311);
#310 = CARTESIAN_POINT('',(7.105427357601E-15,-12.49999999969));
#311 = VECTOR('',#312,1.);
#312 = DIRECTION('',(1.,0.));
#313 = ( GEOMETRIC_REPRESENTATION_CONTEXT(2) 
PARAMETRIC_REPRESENTATION_CONTEXT() REPRESENTATION_CONTEXT('2D SPACE',''
  ) );
#314 = PCURVE('',#182,#315);
#315 = DEFINITIONAL_REPRESENTATION('',(#316),#320);
#316 = LINE('',#317,#318);
#317 = CARTESIAN_POINT('',(12.85,0.));
#318 = VECTOR('',#319,1.);
#319 = DIRECTION('',(1.,0.));
#320 = ( GEOMETRIC_REPRESENTATION_CONTEXT(2) 
PARAMETRIC_REPRESENTATION_CONTEXT() REPRESENTATION_CONTEXT('2D SPACE',''
  ) );
#321 = ORIENTED_EDGE('',*,*,#322,.T.);
#322 = EDGE_CURVE('',#300,#323,#325,.T.);
#323 = VERTEX_POINT('',#324);
#324 = CARTESIAN_POINT('',(-10.3,-9.5,1.8));
#325 = SURFACE_CURVE('',#326,(#331,#338),.PCURVE_S1.);
#326 = CIRCLE('',#327,3.);
#327 = AXIS2_PLACEMENT_3D('',#328,#329,#330);
#328 = CARTESIAN_POINT('',(-13.3,-9.5,1.8));
#329 = DIRECTION('',(0.,0.,1.));
#330 = DIRECTION('',(1.,0.,0.));
#331 = PCURVE('',#126,#332);
#332 = DEFINITIONAL_REPRESENTATION('',(#333),#337);
#333 = CIRCLE('',#334,3.);
#334 = AXIS2_PLACEMENT_2D('',#335,#336);
#335 = CARTESIAN_POINT('',(12.85,-9.499999999691));
#336 = DIRECTION('',(1.,0.));
#337 = ( GEOMETRIC_REPRESENTATION_CONTEXT(2) 
PARAMETRIC_REPRESENTATION_CONTEXT() REPRESENTATION_CONTEXT('2D SPACE',''
  ) );
#338 = PCURVE('',#339,#344);
#339 = CYLINDRICAL_SURFACE('',#340,3.);
#340 = AXIS2_PLACEMENT_3D('',#341,#342,#343);
#341 = CARTESIAN_POINT('',(-13.3,-9.5,1.8));
#342 = DIRECTION('',(-0.,-0.,-1.));
#343 = DIRECTION('',(1.,0.,0.));
#344 = DEFINITIONAL_REPRESENTATION('',(#345),#349);
#345 = LINE('',#346,#347);
#346 = CARTESIAN_POINT('',(-0.,0.));
#347 = VECTOR('',#348,1.);
#348 = DIRECTION('',(-1.,0.));
#349 = ( GEOMETRIC_REPRESENTATION_CONTEXT(2) 
PARAMETRIC_REPRESENTATION_CONTEXT() REPRESENTATION_CONTEXT('2D SPACE',''
  ) );
#350 = ORIENTED_EDGE('',*,*,#351,.T.);
#351 = EDGE_CURVE('',#323,#352,#354,.T.);
#352 = VERTEX_POINT('',#353);
#353 = CARTESIAN_POINT('',(-10.3,9.499999998822,1.8));
#354 = SURFACE_CURVE('',#355,(#359,#366),.PCURVE_S1.);
#355 = LINE('',#356,#357);
#356 = CARTESIAN_POINT('',(-10.3,0.,1.8));
#357 = VECTOR('',#358,1.);
#358 = DIRECTION('',(0.,1.,0.));
#359 = PCURVE('',#126,#360);
#360 = DEFINITIONAL_REPRESENTATION('',(#361),#365);
#361 = LINE('',#362,#363);
#362 = CARTESIAN_POINT('',(15.85,3.087414322334E-10));
#363 = VECTOR('',#364,1.);
#364 = DIRECTION('',(0.,1.));
#365 = ( GEOMETRIC_REPRESENTATION_CONTEXT(2) 
PARAMETRIC_REPRESENTATION_CONTEXT() REPRESENTATION_CONTEXT('2D SPACE',''
  ) );
#366 = PCURVE('',#367,#372);
#367 = PLANE('',#368);
#368 = AXIS2_PLACEMENT_3D('',#369,#370,#371);
#369 = CARTESIAN_POINT('',(-10.3,-9.5,1.8));
#370 = DIRECTION('',(-1.,0.,0.));
#371 = DIRECTION('',(0.,1.,0.));
#372 = DEFINITIONAL_REPRESENTATION('',(#373),#377);
#373 = LINE('',#374,#375);
#374 = CARTESIAN_POINT('',(9.5,0.));
#375 = VECTOR('',#376,1.);
#376 = DIRECTION('',(1.,0.));
#377 = ( GEOMETRIC_REPRESENTATION_CONTEXT(2) 
PARAMETRIC_REPRESENTATION_CONTEXT() REPRESENTATION_CONTEXT('2D SPACE',''
  ) );
#378 = ORIENTED_EDGE('',*,*,#379,.T.);
#379 = EDGE_CURVE('',#352,#380,#382,.T.);
#380 = VERTEX_POINT('',#381);
#381 = CARTESIAN_POINT('',(-13.3,12.499999999411,1.8));
#382 = SURFACE_CURVE('',#383,(#388,#395),.PCURVE_S1.);
#383 = CIRCLE('',#384,3.);
#384 = AXIS2_PLACEMENT_3D('',#385,#386,#387);
#385 = CARTESIAN_POINT('',(-13.3,9.499999998822,1.8));
#386 = DIRECTION('',(0.,0.,1.));
#387 = DIRECTION('',(1.,0.,0.));
#388 = PCURVE('',#126,#389);
#389 = DEFINITIONAL_REPRESENTATION('',(#390),#394);
#390 = CIRCLE('',#391,3.);
#391 = AXIS2_PLACEMENT_2D('',#392,#393);
#392 = CARTESIAN_POINT('',(12.85,9.499999999131));
#393 = DIRECTION('',(1.,0.));
#394 = ( GEOMETRIC_REPRESENTATION_CONTEXT(2) 
PARAMETRIC_REPRESENTATION_CONTEXT() REPRESENTATION_CONTEXT('2D SPACE',''
  ) );
#395 = PCURVE('',#396,#401);
#396 = CYLINDRICAL_SURFACE('',#397,3.);
#397 = AXIS2_PLACEMENT_3D('',#398,#399,#400);
#398 = CARTESIAN_POINT('',(-13.3,9.499999998822,1.8));
#399 = DIRECTION('',(-0.,-0.,-1.));
#400 = DIRECTION('',(1.,0.,0.));
#401 = DEFINITIONAL_REPRESENTATION('',(#402),#406);
#402 = LINE('',#403,#404);
#403 = CARTESIAN_POINT('',(-0.,0.));
#404 = VECTOR('',#405,1.);
#405 = DIRECTION('',(-1.,0.));
#406 = ( GEOMETRIC_REPRESENTATION_CONTEXT(2) 
PARAMETRIC_REPRESENTATION_CONTEXT() REPRESENTATION_CONTEXT('2D SPACE',''
  ) );
#407 = ORIENTED_EDGE('',*,*,#408,.F.);
#408 = EDGE_CURVE('',#409,#380,#411,.T.);
#409 = VERTEX_POINT('',#410);
#410 = CARTESIAN_POINT('',(-18.15,12.5,1.8));
#411 = SURFACE_CURVE('',#412,(#416,#423),.PCURVE_S1.);
#412 = LINE('',#413,#414);
#413 = CARTESIAN_POINT('',(-26.15,12.5,1.8));
#414 = VECTOR('',#415,1.);
#415 = DIRECTION('',(1.,0.,0.));
#416 = PCURVE('',#126,#417);
#417 = DEFINITIONAL_REPRESENTATION('',(#418),#422);
#418 = LINE('',#419,#420);
#419 = CARTESIAN_POINT('',(7.105427357601E-15,12.500000000309));
#420 = VECTOR('',#421,1.);
#421 = DIRECTION('',(1.,0.));
#422 = ( GEOMETRIC_REPRESENTATION_CONTEXT(2) 
PARAMETRIC_REPRESENTATION_CONTEXT() REPRESENTATION_CONTEXT('2D SPACE',''
  ) );
#423 = PCURVE('',#424,#429);
#424 = PLANE('',#425);
#425 = AXIS2_PLACEMENT_3D('',#426,#427,#428);
#426 = CARTESIAN_POINT('',(-39.,12.5,1.8));
#427 = DIRECTION('',(0.,1.,0.));
#428 = DIRECTION('',(1.,0.,0.));
#429 = DEFINITIONAL_REPRESENTATION('',(#430),#434);
#430 = LINE('',#431,#432);
#431 = CARTESIAN_POINT('',(12.85,0.));
#432 = VECTOR('',#433,1.);
#433 = DIRECTION('',(1.,0.));
#434 = ( GEOMETRIC_REPRESENTATION_CONTEXT(2) 
PARAMETRIC_REPRESENTATION_CONTEXT() REPRESENTATION_CONTEXT('2D SPACE',''
  ) );
#435 = ORIENTED_EDGE('',*,*,#436,.T.);
#436 = EDGE_CURVE('',#409,#437,#439,.T.);
#437 = VERTEX_POINT('',#438);
#438 = CARTESIAN_POINT('',(-18.15,21.5,1.8));
#439 = SURFACE_CURVE('',#440,(#444,#451),.PCURVE_S1.);
#440 = LINE('',#441,#442);
#441 = CARTESIAN_POINT('',(-18.15,10.5,1.8));
#442 = VECTOR('',#443,1.);
#443 = DIRECTION('',(-0.,1.,0.));
#444 = PCURVE('',#126,#445);
#445 = DEFINITIONAL_REPRESENTATION('',(#446),#450);
#446 = LINE('',#447,#448);
#447 = CARTESIAN_POINT('',(8.,10.500000000309));
#448 = VECTOR('',#449,1.);
#449 = DIRECTION('',(0.,1.));
#450 = ( GEOMETRIC_REPRESENTATION_CONTEXT(2) 
PARAMETRIC_REPRESENTATION_CONTEXT() REPRESENTATION_CONTEXT('2D SPACE',''
  ) );
#451 = PCURVE('',#452,#457);
#452 = PLANE('',#453);
#453 = AXIS2_PLACEMENT_3D('',#454,#455,#456);
#454 = CARTESIAN_POINT('',(-18.15,10.5,1.8));
#455 = DIRECTION('',(1.,0.,-0.));
#456 = DIRECTION('',(0.,0.,1.));
#457 = DEFINITIONAL_REPRESENTATION('',(#458),#462);
#458 = LINE('',#459,#460);
#459 = CARTESIAN_POINT('',(0.,0.));
#460 = VECTOR('',#461,1.);
#461 = DIRECTION('',(0.,-1.));
#462 = ( GEOMETRIC_REPRESENTATION_CONTEXT(2) 
PARAMETRIC_REPRESENTATION_CONTEXT() REPRESENTATION_CONTEXT('2D SPACE',''
  ) );
#463 = ORIENTED_EDGE('',*,*,#464,.F.);
#464 = EDGE_CURVE('',#465,#437,#467,.T.);
#465 = VERTEX_POINT('',#466);
#466 = CARTESIAN_POINT('',(-34.15,21.5,1.8));
#467 = SURFACE_CURVE('',#468,(#472,#479),.PCURVE_S1.);
#468 = LINE('',#469,#470);
#469 = CARTESIAN_POINT('',(-34.15,21.5,1.8));
#470 = VECTOR('',#471,1.);
#471 = DIRECTION('',(1.,0.,-0.));
#472 = PCURVE('',#126,#473);
#473 = DEFINITIONAL_REPRESENTATION('',(#474),#478);
#474 = LINE('',#475,#476);
#475 = CARTESIAN_POINT('',(-8.,21.500000000309));
#476 = VECTOR('',#477,1.);
#477 = DIRECTION('',(1.,0.));
#478 = ( GEOMETRIC_REPRESENTATION_CONTEXT(2) 
PARAMETRIC_REPRESENTATION_CONTEXT() REPRESENTATION_CONTEXT('2D SPACE',''
  ) );
#479 = PCURVE('',#480,#485);
#480 = PLANE('',#481);
#481 = AXIS2_PLACEMENT_3D('',#482,#483,#484);
#482 = CARTESIAN_POINT('',(-34.15,21.5,1.8));
#483 = DIRECTION('',(-0.,1.,0.));
#484 = DIRECTION('',(0.,0.,1.));
#485 = DEFINITIONAL_REPRESENTATION('',(#486),#490);
#486 = LINE('',#487,#488);
#487 = CARTESIAN_POINT('',(0.,0.));
#488 = VECTOR('',#489,1.);
#489 = DIRECTION('',(0.,1.));
#490 = ( GEOMETRIC_REPRESENTATION_CONTEXT(2) 
PARAMETRIC_REPRESENTATION_CONTEXT() REPRESENTATION_CONTEXT('2D SPACE',''
  ) );
#491 = ORIENTED_EDGE('',*,*,#492,.F.);
#492 = EDGE_CURVE('',#493,#465,#495,.T.);
#493 = VERTEX_POINT('',#494);
#494 = CARTESIAN_POINT('',(-34.15,12.5,1.8));
#495 = SURFACE_CURVE('',#496,(#500,#507),.PCURVE_S1.);
#496 = LINE('',#497,#498);
#497 = CARTESIAN_POINT('',(-34.15,10.5,1.8));
#498 = VECTOR('',#499,1.);
#499 = DIRECTION('',(-0.,1.,0.));
#500 = PCURVE('',#126,#501);
#501 = DEFINITIONAL_REPRESENTATION('',(#502),#506);
#502 = LINE('',#503,#504);
#503 = CARTESIAN_POINT('',(-8.,10.500000000309));
#504 = VECTOR('',#505,1.);
#505 = DIRECTION('',(0.,1.));
#506 = ( GEOMETRIC_REPRESENTATION_CONTEXT(2) 
PARAMETRIC_REPRESENTATION_CONTEXT() REPRESENTATION_CONTEXT('2D SPACE',''
  ) );
#507 = PCURVE('',#508,#513);
#508 = PLANE('',#509);
#509 = AXIS2_PLACEMENT_3D('',#510,#511,#512);
#510 = CARTESIAN_POINT('',(-34.15,10.5,1.8));
#511 = DIRECTION('',(1.,0.,-0.));
#512 = DIRECTION('',(0.,0.,1.));
#513 = DEFINITIONAL_REPRESENTATION('',(#514),#518);
#514 = LINE('',#515,#516);
#515 = CARTESIAN_POINT('',(0.,0.));
#516 = VECTOR('',#517,1.);
#517 = DIRECTION('',(0.,-1.));
#518 = ( GEOMETRIC_REPRESENTATION_CONTEXT(2) 
PARAMETRIC_REPRESENTATION_CONTEXT() REPRESENTATION_CONTEXT('2D SPACE',''
  ) );
#519 = ORIENTED_EDGE('',*,*,#520,.F.);
#520 = EDGE_CURVE('',#220,#493,#521,.T.);
#521 = SURFACE_CURVE('',#522,(#526,#533),.PCURVE_S1.);
#522 = LINE('',#523,#524);
#523 = CARTESIAN_POINT('',(-26.15,12.5,1.8));
#524 = VECTOR('',#525,1.);
#525 = DIRECTION('',(1.,0.,0.));
#526 = PCURVE('',#126,#527);
#527 = DEFINITIONAL_REPRESENTATION('',(#528),#532);
#528 = LINE('',#529,#530);
#529 = CARTESIAN_POINT('',(7.105427357601E-15,12.500000000309));
#530 = VECTOR('',#531,1.);
#531 = DIRECTION('',(1.,0.));
#532 = ( GEOMETRIC_REPRESENTATION_CONTEXT(2) 
PARAMETRIC_REPRESENTATION_CONTEXT() REPRESENTATION_CONTEXT('2D SPACE',''
  ) );
#533 = PCURVE('',#237,#534);
#534 = DEFINITIONAL_REPRESENTATION('',(#535),#539);
#535 = LINE('',#536,#537);
#536 = CARTESIAN_POINT('',(12.85,0.));
#537 = VECTOR('',#538,1.);
#538 = DIRECTION('',(1.,0.));
#539 = ( GEOMETRIC_REPRESENTATION_CONTEXT(2) 
PARAMETRIC_REPRESENTATION_CONTEXT() REPRESENTATION_CONTEXT('2D SPACE',''
  ) );
#540 = ORIENTED_EDGE('',*,*,#272,.T.);
#541 = FACE_BOUND('',#542,.F.);
#542 = EDGE_LOOP('',(#543));
#543 = ORIENTED_EDGE('',*,*,#544,.T.);
#544 = EDGE_CURVE('',#545,#545,#547,.T.);
#545 = VERTEX_POINT('',#546);
#546 = CARTESIAN_POINT('',(-35.35,-8.5,1.8));
#547 = SURFACE_CURVE('',#548,(#553,#564),.PCURVE_S1.);
#548 = CIRCLE('',#549,2.65);
#549 = AXIS2_PLACEMENT_3D('',#550,#551,#552);
#550 = CARTESIAN_POINT('',(-38.,-8.5,1.8));
#551 = DIRECTION('',(0.,-0.,-1.));
#552 = DIRECTION('',(1.,0.,-0.));
#553 = PCURVE('',#126,#554);
#554 = DEFINITIONAL_REPRESENTATION('',(#555),#563);
#555 = ( BOUNDED_CURVE() B_SPLINE_CURVE(2,(#556,#557,#558,#559,#560,#561
,#562),.UNSPECIFIED.,.T.,.F.) B_SPLINE_CURVE_WITH_KNOTS((1,2,2,2,2,1),(
    -2.094395102393,0.,2.094395102393,4.188790204786,6.28318530718,
8.377580409573),.UNSPECIFIED.) CURVE() GEOMETRIC_REPRESENTATION_ITEM() 
RATIONAL_B_SPLINE_CURVE((1.,0.5,1.,0.5,1.,0.5,1.)) REPRESENTATION_ITEM(
  '') );
#556 = CARTESIAN_POINT('',(-9.2,-8.499999999691));
#557 = CARTESIAN_POINT('',(-9.2,-13.08993463974));
#558 = CARTESIAN_POINT('',(-13.175,-10.79496731972));
#559 = CARTESIAN_POINT('',(-17.15,-8.499999999691));
#560 = CARTESIAN_POINT('',(-13.175,-6.205032679662));
#561 = CARTESIAN_POINT('',(-9.2,-3.910065359634));
#562 = CARTESIAN_POINT('',(-9.2,-8.499999999691));
#563 = ( GEOMETRIC_REPRESENTATION_CONTEXT(2) 
PARAMETRIC_REPRESENTATION_CONTEXT() REPRESENTATION_CONTEXT('2D SPACE',''
  ) );
#564 = PCURVE('',#565,#570);
#565 = CYLINDRICAL_SURFACE('',#566,2.65);
#566 = AXIS2_PLACEMENT_3D('',#567,#568,#569);
#567 = CARTESIAN_POINT('',(-38.,-8.5,-0.1));
#568 = DIRECTION('',(-0.,-0.,-1.));
#569 = DIRECTION('',(1.,0.,-0.));
#570 = DEFINITIONAL_REPRESENTATION('',(#571),#575);
#571 = LINE('',#572,#573);
#572 = CARTESIAN_POINT('',(-6.28318530718,-1.9));
#573 = VECTOR('',#574,1.);
#574 = DIRECTION('',(1.,-0.));
#575 = ( GEOMETRIC_REPRESENTATION_CONTEXT(2) 
PARAMETRIC_REPRESENTATION_CONTEXT() REPRESENTATION_CONTEXT('2D SPACE',''
  ) );
#576 = FACE_BOUND('',#577,.F.);
#577 = EDGE_LOOP('',(#578,#608,#636,#664,#692,#720,#748,#776,#804,#832,
    #860,#888,#916,#944,#972,#1000,#1028,#1056,#1084,#1112,#1140,#1168,
    #1196,#1224,#1252,#1280,#1308,#1336,#1364,#1392,#1420,#1448,#1476,
    #1504,#1532,#1560,#1588,#1616,#1644,#1672,#1700,#1728,#1756,#1784,
    #1812,#1840,#1868,#1896));
#578 = ORIENTED_EDGE('',*,*,#579,.T.);
#579 = EDGE_CURVE('',#580,#582,#584,.T.);
#580 = VERTEX_POINT('',#581);
#581 = CARTESIAN_POINT('',(-26.7136882218,-6.258841907552,1.8));
#582 = VERTEX_POINT('',#583);
#583 = CARTESIAN_POINT('',(-26.75451867793,-6.464110472164,1.8));
#584 = SURFACE_CURVE('',#585,(#589,#596),.PCURVE_S1.);
#585 = LINE('',#586,#587);
#586 = CARTESIAN_POINT('',(-26.7136882218,-6.258841907552,1.8));
#587 = VECTOR('',#588,1.);
#588 = DIRECTION('',(-0.195090322016,-0.980785280403,0.));
#589 = PCURVE('',#126,#590);
#590 = DEFINITIONAL_REPRESENTATION('',(#591),#595);
#591 = LINE('',#592,#593);
#592 = CARTESIAN_POINT('',(-0.563688221802,-6.258841907243));
#593 = VECTOR('',#594,1.);
#594 = DIRECTION('',(-0.195090322016,-0.980785280403));
#595 = ( GEOMETRIC_REPRESENTATION_CONTEXT(2) 
PARAMETRIC_REPRESENTATION_CONTEXT() REPRESENTATION_CONTEXT('2D SPACE',''
  ) );
#596 = PCURVE('',#597,#602);
#597 = PLANE('',#598);
#598 = AXIS2_PLACEMENT_3D('',#599,#600,#601);
#599 = CARTESIAN_POINT('',(-26.7136882218,-6.258841907552,0.));
#600 = DIRECTION('',(0.980785280403,-0.195090322016,0.));
#601 = DIRECTION('',(-0.195090322016,-0.980785280403,0.));
#602 = DEFINITIONAL_REPRESENTATION('',(#603),#607);
#603 = LINE('',#604,#605);
#604 = CARTESIAN_POINT('',(0.,-1.8));
#605 = VECTOR('',#606,1.);
#606 = DIRECTION('',(1.,0.));
#607 = ( GEOMETRIC_REPRESENTATION_CONTEXT(2) 
PARAMETRIC_REPRESENTATION_CONTEXT() REPRESENTATION_CONTEXT('2D SPACE',''
  ) );
#608 = ORIENTED_EDGE('',*,*,#609,.T.);
#609 = EDGE_CURVE('',#582,#610,#612,.T.);
#610 = VERTEX_POINT('',#611);
#611 = CARTESIAN_POINT('',(-26.82179274798,-6.662293491784,1.8));
#612 = SURFACE_CURVE('',#613,(#617,#624),.PCURVE_S1.);
#613 = LINE('',#614,#615);
#614 = CARTESIAN_POINT('',(-26.75451867793,-6.464110472164,1.8));
#615 = VECTOR('',#616,1.);
#616 = DIRECTION('',(-0.321439465303,-0.946930129495,0.));
#617 = PCURVE('',#126,#618);
#618 = DEFINITIONAL_REPRESENTATION('',(#619),#623);
#619 = LINE('',#620,#621);
#620 = CARTESIAN_POINT('',(-0.604518677937,-6.464110471855));
#621 = VECTOR('',#622,1.);
#622 = DIRECTION('',(-0.321439465303,-0.946930129495));
#623 = ( GEOMETRIC_REPRESENTATION_CONTEXT(2) 
PARAMETRIC_REPRESENTATION_CONTEXT() REPRESENTATION_CONTEXT('2D SPACE',''
  ) );
#624 = PCURVE('',#625,#630);
#625 = PLANE('',#626);
#626 = AXIS2_PLACEMENT_3D('',#627,#628,#629);
#627 = CARTESIAN_POINT('',(-26.75451867793,-6.464110472164,0.));
#628 = DIRECTION('',(0.946930129495,-0.321439465303,0.));
#629 = DIRECTION('',(-0.321439465303,-0.946930129495,0.));
#630 = DEFINITIONAL_REPRESENTATION('',(#631),#635);
#631 = LINE('',#632,#633);
#632 = CARTESIAN_POINT('',(0.,-1.8));
#633 = VECTOR('',#634,1.);
#634 = DIRECTION('',(1.,0.));
#635 = ( GEOMETRIC_REPRESENTATION_CONTEXT(2) 
PARAMETRIC_REPRESENTATION_CONTEXT() REPRESENTATION_CONTEXT('2D SPACE',''
  ) );
#636 = ORIENTED_EDGE('',*,*,#637,.T.);
#637 = EDGE_CURVE('',#610,#638,#640,.T.);
#638 = VERTEX_POINT('',#639);
#639 = CARTESIAN_POINT('',(-26.91435935394,-6.85,1.8));
#640 = SURFACE_CURVE('',#641,(#645,#652),.PCURVE_S1.);
#641 = LINE('',#642,#643);
#642 = CARTESIAN_POINT('',(-26.82179274798,-6.662293491784,1.8));
#643 = VECTOR('',#644,1.);
#644 = DIRECTION('',(-0.442288690219,-0.896872741533,0.));
#645 = PCURVE('',#126,#646);
#646 = DEFINITIONAL_REPRESENTATION('',(#647),#651);
#647 = LINE('',#648,#649);
#648 = CARTESIAN_POINT('',(-0.671792747982,-6.662293491475));
#649 = VECTOR('',#650,1.);
#650 = DIRECTION('',(-0.442288690219,-0.896872741533));
#651 = ( GEOMETRIC_REPRESENTATION_CONTEXT(2) 
PARAMETRIC_REPRESENTATION_CONTEXT() REPRESENTATION_CONTEXT('2D SPACE',''
  ) );
#652 = PCURVE('',#653,#658);
#653 = PLANE('',#654);
#654 = AXIS2_PLACEMENT_3D('',#655,#656,#657);
#655 = CARTESIAN_POINT('',(-26.82179274798,-6.662293491784,0.));
#656 = DIRECTION('',(0.896872741533,-0.442288690219,0.));
#657 = DIRECTION('',(-0.442288690219,-0.896872741533,0.));
#658 = DEFINITIONAL_REPRESENTATION('',(#659),#663);
#659 = LINE('',#660,#661);
#660 = CARTESIAN_POINT('',(0.,-1.8));
#661 = VECTOR('',#662,1.);
#662 = DIRECTION('',(1.,0.));
#663 = ( GEOMETRIC_REPRESENTATION_CONTEXT(2) 
PARAMETRIC_REPRESENTATION_CONTEXT() REPRESENTATION_CONTEXT('2D SPACE',''
  ) );
#664 = ORIENTED_EDGE('',*,*,#665,.T.);
#665 = EDGE_CURVE('',#638,#666,#668,.T.);
#666 = VERTEX_POINT('',#667);
#667 = CARTESIAN_POINT('',(-27.03063465553,-7.024018286414,1.8));
#668 = SURFACE_CURVE('',#669,(#673,#680),.PCURVE_S1.);
#669 = LINE('',#670,#671);
#670 = CARTESIAN_POINT('',(-26.91435935394,-6.85,1.8));
#671 = VECTOR('',#672,1.);
#672 = DIRECTION('',(-0.55557023302,-0.831469612303,0.));
#673 = PCURVE('',#126,#674);
#674 = DEFINITIONAL_REPRESENTATION('',(#675),#679);
#675 = LINE('',#676,#677);
#676 = CARTESIAN_POINT('',(-0.764359353945,-6.849999999691));
#677 = VECTOR('',#678,1.);
#678 = DIRECTION('',(-0.55557023302,-0.831469612303));
#679 = ( GEOMETRIC_REPRESENTATION_CONTEXT(2) 
PARAMETRIC_REPRESENTATION_CONTEXT() REPRESENTATION_CONTEXT('2D SPACE',''
  ) );
#680 = PCURVE('',#681,#686);
#681 = PLANE('',#682);
#682 = AXIS2_PLACEMENT_3D('',#683,#684,#685);
#683 = CARTESIAN_POINT('',(-26.91435935394,-6.85,0.));
#684 = DIRECTION('',(0.831469612303,-0.55557023302,0.));
#685 = DIRECTION('',(-0.55557023302,-0.831469612303,0.));
#686 = DEFINITIONAL_REPRESENTATION('',(#687),#691);
#687 = LINE('',#688,#689);
#688 = CARTESIAN_POINT('',(0.,-1.8));
#689 = VECTOR('',#690,1.);
#690 = DIRECTION('',(1.,0.));
#691 = ( GEOMETRIC_REPRESENTATION_CONTEXT(2) 
PARAMETRIC_REPRESENTATION_CONTEXT() REPRESENTATION_CONTEXT('2D SPACE',''
  ) );
#692 = ORIENTED_EDGE('',*,*,#693,.T.);
#693 = EDGE_CURVE('',#666,#694,#696,.T.);
#694 = VERTEX_POINT('',#695);
#695 = CARTESIAN_POINT('',(-27.1686291501,-7.181370849898,1.8));
#696 = SURFACE_CURVE('',#697,(#701,#708),.PCURVE_S1.);
#697 = LINE('',#698,#699);
#698 = CARTESIAN_POINT('',(-27.03063465553,-7.024018286414,1.8));
#699 = VECTOR('',#700,1.);
#700 = DIRECTION('',(-0.6593458151,-0.751839807479,0.));
#701 = PCURVE('',#126,#702);
#702 = DEFINITIONAL_REPRESENTATION('',(#703),#707);
#703 = LINE('',#704,#705);
#704 = CARTESIAN_POINT('',(-0.880634655534,-7.024018286105));
#705 = VECTOR('',#706,1.);
#706 = DIRECTION('',(-0.6593458151,-0.751839807479));
#707 = ( GEOMETRIC_REPRESENTATION_CONTEXT(2) 
PARAMETRIC_REPRESENTATION_CONTEXT() REPRESENTATION_CONTEXT('2D SPACE',''
  ) );
#708 = PCURVE('',#709,#714);
#709 = PLANE('',#710);
#710 = AXIS2_PLACEMENT_3D('',#711,#712,#713);
#711 = CARTESIAN_POINT('',(-27.03063465553,-7.024018286414,0.));
#712 = DIRECTION('',(0.751839807479,-0.6593458151,0.));
#713 = DIRECTION('',(-0.6593458151,-0.751839807479,0.));
#714 = DEFINITIONAL_REPRESENTATION('',(#715),#719);
#715 = LINE('',#716,#717);
#716 = CARTESIAN_POINT('',(0.,-1.8));
#717 = VECTOR('',#718,1.);
#718 = DIRECTION('',(1.,0.));
#719 = ( GEOMETRIC_REPRESENTATION_CONTEXT(2) 
PARAMETRIC_REPRESENTATION_CONTEXT() REPRESENTATION_CONTEXT('2D SPACE',''
  ) );
#720 = ORIENTED_EDGE('',*,*,#721,.T.);
#721 = EDGE_CURVE('',#694,#722,#724,.T.);
#722 = VERTEX_POINT('',#723);
#723 = CARTESIAN_POINT('',(-27.32598171358,-7.319365344466,1.8));
#724 = SURFACE_CURVE('',#725,(#729,#736),.PCURVE_S1.);
#725 = LINE('',#726,#727);
#726 = CARTESIAN_POINT('',(-27.1686291501,-7.181370849898,1.8));
#727 = VECTOR('',#728,1.);
#728 = DIRECTION('',(-0.751839807479,-0.6593458151,0.));
#729 = PCURVE('',#126,#730);
#730 = DEFINITIONAL_REPRESENTATION('',(#731),#735);
#731 = LINE('',#732,#733);
#732 = CARTESIAN_POINT('',(-1.018629150102,-7.18137084959));
#733 = VECTOR('',#734,1.);
#734 = DIRECTION('',(-0.751839807479,-0.6593458151));
#735 = ( GEOMETRIC_REPRESENTATION_CONTEXT(2) 
PARAMETRIC_REPRESENTATION_CONTEXT() REPRESENTATION_CONTEXT('2D SPACE',''
  ) );
#736 = PCURVE('',#737,#742);
#737 = PLANE('',#738);
#738 = AXIS2_PLACEMENT_3D('',#739,#740,#741);
#739 = CARTESIAN_POINT('',(-27.1686291501,-7.181370849898,0.));
#740 = DIRECTION('',(0.6593458151,-0.751839807479,0.));
#741 = DIRECTION('',(-0.751839807479,-0.6593458151,0.));
#742 = DEFINITIONAL_REPRESENTATION('',(#743),#747);
#743 = LINE('',#744,#745);
#744 = CARTESIAN_POINT('',(0.,-1.8));
#745 = VECTOR('',#746,1.);
#746 = DIRECTION('',(1.,0.));
#747 = ( GEOMETRIC_REPRESENTATION_CONTEXT(2) 
PARAMETRIC_REPRESENTATION_CONTEXT() REPRESENTATION_CONTEXT('2D SPACE',''
  ) );
#748 = ORIENTED_EDGE('',*,*,#749,.T.);
#749 = EDGE_CURVE('',#722,#750,#752,.T.);
#750 = VERTEX_POINT('',#751);
#751 = CARTESIAN_POINT('',(-27.5,-7.435640646055,1.8));
#752 = SURFACE_CURVE('',#753,(#757,#764),.PCURVE_S1.);
#753 = LINE('',#754,#755);
#754 = CARTESIAN_POINT('',(-27.32598171358,-7.319365344466,1.8));
#755 = VECTOR('',#756,1.);
#756 = DIRECTION('',(-0.831469612303,-0.55557023302,0.));
#757 = PCURVE('',#126,#758);
#758 = DEFINITIONAL_REPRESENTATION('',(#759),#763);
#759 = LINE('',#760,#761);
#760 = CARTESIAN_POINT('',(-1.175981713586,-7.319365344157));
#761 = VECTOR('',#762,1.);
#762 = DIRECTION('',(-0.831469612303,-0.55557023302));
#763 = ( GEOMETRIC_REPRESENTATION_CONTEXT(2) 
PARAMETRIC_REPRESENTATION_CONTEXT() REPRESENTATION_CONTEXT('2D SPACE',''
  ) );
#764 = PCURVE('',#765,#770);
#765 = PLANE('',#766);
#766 = AXIS2_PLACEMENT_3D('',#767,#768,#769);
#767 = CARTESIAN_POINT('',(-27.32598171358,-7.319365344466,0.));
#768 = DIRECTION('',(0.55557023302,-0.831469612303,0.));
#769 = DIRECTION('',(-0.831469612303,-0.55557023302,0.));
#770 = DEFINITIONAL_REPRESENTATION('',(#771),#775);
#771 = LINE('',#772,#773);
#772 = CARTESIAN_POINT('',(0.,-1.8));
#773 = VECTOR('',#774,1.);
#774 = DIRECTION('',(1.,0.));
#775 = ( GEOMETRIC_REPRESENTATION_CONTEXT(2) 
PARAMETRIC_REPRESENTATION_CONTEXT() REPRESENTATION_CONTEXT('2D SPACE',''
  ) );
#776 = ORIENTED_EDGE('',*,*,#777,.T.);
#777 = EDGE_CURVE('',#750,#778,#780,.T.);
#778 = VERTEX_POINT('',#779);
#779 = CARTESIAN_POINT('',(-27.68770650821,-7.528207252018,1.8));
#780 = SURFACE_CURVE('',#781,(#785,#792),.PCURVE_S1.);
#781 = LINE('',#782,#783);
#782 = CARTESIAN_POINT('',(-27.5,-7.435640646055,1.8));
#783 = VECTOR('',#784,1.);
#784 = DIRECTION('',(-0.896872741533,-0.442288690219,0.));
#785 = PCURVE('',#126,#786);
#786 = DEFINITIONAL_REPRESENTATION('',(#787),#791);
#787 = LINE('',#788,#789);
#788 = CARTESIAN_POINT('',(-1.35,-7.435640645746));
#789 = VECTOR('',#790,1.);
#790 = DIRECTION('',(-0.896872741533,-0.442288690219));
#791 = ( GEOMETRIC_REPRESENTATION_CONTEXT(2) 
PARAMETRIC_REPRESENTATION_CONTEXT() REPRESENTATION_CONTEXT('2D SPACE',''
  ) );
#792 = PCURVE('',#793,#798);
#793 = PLANE('',#794);
#794 = AXIS2_PLACEMENT_3D('',#795,#796,#797);
#795 = CARTESIAN_POINT('',(-27.5,-7.435640646055,0.));
#796 = DIRECTION('',(0.442288690219,-0.896872741533,0.));
#797 = DIRECTION('',(-0.896872741533,-0.442288690219,0.));
#798 = DEFINITIONAL_REPRESENTATION('',(#799),#803);
#799 = LINE('',#800,#801);
#800 = CARTESIAN_POINT('',(0.,-1.8));
#801 = VECTOR('',#802,1.);
#802 = DIRECTION('',(1.,0.));
#803 = ( GEOMETRIC_REPRESENTATION_CONTEXT(2) 
PARAMETRIC_REPRESENTATION_CONTEXT() REPRESENTATION_CONTEXT('2D SPACE',''
  ) );
#804 = ORIENTED_EDGE('',*,*,#805,.T.);
#805 = EDGE_CURVE('',#778,#806,#808,.T.);
#806 = VERTEX_POINT('',#807);
#807 = CARTESIAN_POINT('',(-27.88588952783,-7.595481322063,1.8));
#808 = SURFACE_CURVE('',#809,(#813,#820),.PCURVE_S1.);
#809 = LINE('',#810,#811);
#810 = CARTESIAN_POINT('',(-27.68770650821,-7.528207252018,1.8));
#811 = VECTOR('',#812,1.);
#812 = DIRECTION('',(-0.946930129495,-0.321439465303,0.));
#813 = PCURVE('',#126,#814);
#814 = DEFINITIONAL_REPRESENTATION('',(#815),#819);
#815 = LINE('',#816,#817);
#816 = CARTESIAN_POINT('',(-1.537706508216,-7.528207251709));
#817 = VECTOR('',#818,1.);
#818 = DIRECTION('',(-0.946930129495,-0.321439465303));
#819 = ( GEOMETRIC_REPRESENTATION_CONTEXT(2) 
PARAMETRIC_REPRESENTATION_CONTEXT() REPRESENTATION_CONTEXT('2D SPACE',''
  ) );
#820 = PCURVE('',#821,#826);
#821 = PLANE('',#822);
#822 = AXIS2_PLACEMENT_3D('',#823,#824,#825);
#823 = CARTESIAN_POINT('',(-27.68770650821,-7.528207252018,0.));
#824 = DIRECTION('',(0.321439465303,-0.946930129495,0.));
#825 = DIRECTION('',(-0.946930129495,-0.321439465303,0.));
#826 = DEFINITIONAL_REPRESENTATION('',(#827),#831);
#827 = LINE('',#828,#829);
#828 = CARTESIAN_POINT('',(0.,-1.8));
#829 = VECTOR('',#830,1.);
#830 = DIRECTION('',(1.,0.));
#831 = ( GEOMETRIC_REPRESENTATION_CONTEXT(2) 
PARAMETRIC_REPRESENTATION_CONTEXT() REPRESENTATION_CONTEXT('2D SPACE',''
  ) );
#832 = ORIENTED_EDGE('',*,*,#833,.T.);
#833 = EDGE_CURVE('',#806,#834,#836,.T.);
#834 = VERTEX_POINT('',#835);
#835 = CARTESIAN_POINT('',(-28.09115809244,-7.636311778198,1.8));
#836 = SURFACE_CURVE('',#837,(#841,#848),.PCURVE_S1.);
#837 = LINE('',#838,#839);
#838 = CARTESIAN_POINT('',(-27.88588952783,-7.595481322063,1.8));
#839 = VECTOR('',#840,1.);
#840 = DIRECTION('',(-0.980785280403,-0.195090322016,0.));
#841 = PCURVE('',#126,#842);
#842 = DEFINITIONAL_REPRESENTATION('',(#843),#847);
#843 = LINE('',#844,#845);
#844 = CARTESIAN_POINT('',(-1.735889527836,-7.595481321754));
#845 = VECTOR('',#846,1.);
#846 = DIRECTION('',(-0.980785280403,-0.195090322016));
#847 = ( GEOMETRIC_REPRESENTATION_CONTEXT(2) 
PARAMETRIC_REPRESENTATION_CONTEXT() REPRESENTATION_CONTEXT('2D SPACE',''
  ) );
#848 = PCURVE('',#849,#854);
#849 = PLANE('',#850);
#850 = AXIS2_PLACEMENT_3D('',#851,#852,#853);
#851 = CARTESIAN_POINT('',(-27.88588952783,-7.595481322063,0.));
#852 = DIRECTION('',(0.195090322016,-0.980785280403,0.));
#853 = DIRECTION('',(-0.980785280403,-0.195090322016,0.));
#854 = DEFINITIONAL_REPRESENTATION('',(#855),#859);
#855 = LINE('',#856,#857);
#856 = CARTESIAN_POINT('',(0.,-1.8));
#857 = VECTOR('',#858,1.);
#858 = DIRECTION('',(1.,0.));
#859 = ( GEOMETRIC_REPRESENTATION_CONTEXT(2) 
PARAMETRIC_REPRESENTATION_CONTEXT() REPRESENTATION_CONTEXT('2D SPACE',''
  ) );
#860 = ORIENTED_EDGE('',*,*,#861,.T.);
#861 = EDGE_CURVE('',#834,#862,#864,.T.);
#862 = VERTEX_POINT('',#863);
#863 = CARTESIAN_POINT('',(-28.3,-7.65,1.8));
#864 = SURFACE_CURVE('',#865,(#869,#876),.PCURVE_S1.);
#865 = LINE('',#866,#867);
#866 = CARTESIAN_POINT('',(-28.09115809244,-7.636311778198,1.8));
#867 = VECTOR('',#868,1.);
#868 = DIRECTION('',(-0.997858923239,-6.540312923015E-02,0.));
#869 = PCURVE('',#126,#870);
#870 = DEFINITIONAL_REPRESENTATION('',(#871),#875);
#871 = LINE('',#872,#873);
#872 = CARTESIAN_POINT('',(-1.941158092448,-7.636311777889));
#873 = VECTOR('',#874,1.);
#874 = DIRECTION('',(-0.997858923239,-6.540312923015E-02));
#875 = ( GEOMETRIC_REPRESENTATION_CONTEXT(2) 
PARAMETRIC_REPRESENTATION_CONTEXT() REPRESENTATION_CONTEXT('2D SPACE',''
  ) );
#876 = PCURVE('',#877,#882);
#877 = PLANE('',#878);
#878 = AXIS2_PLACEMENT_3D('',#879,#880,#881);
#879 = CARTESIAN_POINT('',(-28.09115809244,-7.636311778198,0.));
#880 = DIRECTION('',(6.540312923015E-02,-0.997858923239,0.));
#881 = DIRECTION('',(-0.997858923239,-6.540312923015E-02,0.));
#882 = DEFINITIONAL_REPRESENTATION('',(#883),#887);
#883 = LINE('',#884,#885);
#884 = CARTESIAN_POINT('',(0.,-1.8));
#885 = VECTOR('',#886,1.);
#886 = DIRECTION('',(1.,0.));
#887 = ( GEOMETRIC_REPRESENTATION_CONTEXT(2) 
PARAMETRIC_REPRESENTATION_CONTEXT() REPRESENTATION_CONTEXT('2D SPACE',''
  ) );
#888 = ORIENTED_EDGE('',*,*,#889,.T.);
#889 = EDGE_CURVE('',#862,#890,#892,.T.);
#890 = VERTEX_POINT('',#891);
#891 = CARTESIAN_POINT('',(-28.50884190755,-7.636311778198,1.8));
#892 = SURFACE_CURVE('',#893,(#897,#904),.PCURVE_S1.);
#893 = LINE('',#894,#895);
#894 = CARTESIAN_POINT('',(-28.3,-7.65,1.8));
#895 = VECTOR('',#896,1.);
#896 = DIRECTION('',(-0.997858923239,6.540312923014E-02,0.));
#897 = PCURVE('',#126,#898);
#898 = DEFINITIONAL_REPRESENTATION('',(#899),#903);
#899 = LINE('',#900,#901);
#900 = CARTESIAN_POINT('',(-2.15,-7.649999999691));
#901 = VECTOR('',#902,1.);
#902 = DIRECTION('',(-0.997858923239,6.540312923014E-02));
#903 = ( GEOMETRIC_REPRESENTATION_CONTEXT(2) 
PARAMETRIC_REPRESENTATION_CONTEXT() REPRESENTATION_CONTEXT('2D SPACE',''
  ) );
#904 = PCURVE('',#905,#910);
#905 = PLANE('',#906);
#906 = AXIS2_PLACEMENT_3D('',#907,#908,#909);
#907 = CARTESIAN_POINT('',(-28.3,-7.65,0.));
#908 = DIRECTION('',(-6.540312923014E-02,-0.997858923239,-0.));
#909 = DIRECTION('',(-0.997858923239,6.540312923014E-02,0.));
#910 = DEFINITIONAL_REPRESENTATION('',(#911),#915);
#911 = LINE('',#912,#913);
#912 = CARTESIAN_POINT('',(0.,-1.8));
#913 = VECTOR('',#914,1.);
#914 = DIRECTION('',(1.,0.));
#915 = ( GEOMETRIC_REPRESENTATION_CONTEXT(2) 
PARAMETRIC_REPRESENTATION_CONTEXT() REPRESENTATION_CONTEXT('2D SPACE',''
  ) );
#916 = ORIENTED_EDGE('',*,*,#917,.T.);
#917 = EDGE_CURVE('',#890,#918,#920,.T.);
#918 = VERTEX_POINT('',#919);
#919 = CARTESIAN_POINT('',(-28.71411047216,-7.595481322063,1.8));
#920 = SURFACE_CURVE('',#921,(#925,#932),.PCURVE_S1.);
#921 = LINE('',#922,#923);
#922 = CARTESIAN_POINT('',(-28.50884190755,-7.636311778198,1.8));
#923 = VECTOR('',#924,1.);
#924 = DIRECTION('',(-0.980785280403,0.195090322016,0.));
#925 = PCURVE('',#126,#926);
#926 = DEFINITIONAL_REPRESENTATION('',(#927),#931);
#927 = LINE('',#928,#929);
#928 = CARTESIAN_POINT('',(-2.358841907552,-7.636311777889));
#929 = VECTOR('',#930,1.);
#930 = DIRECTION('',(-0.980785280403,0.195090322016));
#931 = ( GEOMETRIC_REPRESENTATION_CONTEXT(2) 
PARAMETRIC_REPRESENTATION_CONTEXT() REPRESENTATION_CONTEXT('2D SPACE',''
  ) );
#932 = PCURVE('',#933,#938);
#933 = PLANE('',#934);
#934 = AXIS2_PLACEMENT_3D('',#935,#936,#937);
#935 = CARTESIAN_POINT('',(-28.50884190755,-7.636311778198,0.));
#936 = DIRECTION('',(-0.195090322016,-0.980785280403,-0.));
#937 = DIRECTION('',(-0.980785280403,0.195090322016,0.));
#938 = DEFINITIONAL_REPRESENTATION('',(#939),#943);
#939 = LINE('',#940,#941);
#940 = CARTESIAN_POINT('',(0.,-1.8));
#941 = VECTOR('',#942,1.);
#942 = DIRECTION('',(1.,0.));
#943 = ( GEOMETRIC_REPRESENTATION_CONTEXT(2) 
PARAMETRIC_REPRESENTATION_CONTEXT() REPRESENTATION_CONTEXT('2D SPACE',''
  ) );
#944 = ORIENTED_EDGE('',*,*,#945,.T.);
#945 = EDGE_CURVE('',#918,#946,#948,.T.);
#946 = VERTEX_POINT('',#947);
#947 = CARTESIAN_POINT('',(-28.91229349178,-7.528207252018,1.8));
#948 = SURFACE_CURVE('',#949,(#953,#960),.PCURVE_S1.);
#949 = LINE('',#950,#951);
#950 = CARTESIAN_POINT('',(-28.71411047216,-7.595481322063,1.8));
#951 = VECTOR('',#952,1.);
#952 = DIRECTION('',(-0.946930129495,0.321439465303,0.));
#953 = PCURVE('',#126,#954);
#954 = DEFINITIONAL_REPRESENTATION('',(#955),#959);
#955 = LINE('',#956,#957);
#956 = CARTESIAN_POINT('',(-2.564110472164,-7.595481321754));
#957 = VECTOR('',#958,1.);
#958 = DIRECTION('',(-0.946930129495,0.321439465303));
#959 = ( GEOMETRIC_REPRESENTATION_CONTEXT(2) 
PARAMETRIC_REPRESENTATION_CONTEXT() REPRESENTATION_CONTEXT('2D SPACE',''
  ) );
#960 = PCURVE('',#961,#966);
#961 = PLANE('',#962);
#962 = AXIS2_PLACEMENT_3D('',#963,#964,#965);
#963 = CARTESIAN_POINT('',(-28.71411047216,-7.595481322063,0.));
#964 = DIRECTION('',(-0.321439465303,-0.946930129495,-0.));
#965 = DIRECTION('',(-0.946930129495,0.321439465303,0.));
#966 = DEFINITIONAL_REPRESENTATION('',(#967),#971);
#967 = LINE('',#968,#969);
#968 = CARTESIAN_POINT('',(0.,-1.8));
#969 = VECTOR('',#970,1.);
#970 = DIRECTION('',(1.,0.));
#971 = ( GEOMETRIC_REPRESENTATION_CONTEXT(2) 
PARAMETRIC_REPRESENTATION_CONTEXT() REPRESENTATION_CONTEXT('2D SPACE',''
  ) );
#972 = ORIENTED_EDGE('',*,*,#973,.T.);
#973 = EDGE_CURVE('',#946,#974,#976,.T.);
#974 = VERTEX_POINT('',#975);
#975 = CARTESIAN_POINT('',(-29.1,-7.435640646055,1.8));
#976 = SURFACE_CURVE('',#977,(#981,#988),.PCURVE_S1.);
#977 = LINE('',#978,#979);
#978 = CARTESIAN_POINT('',(-28.91229349178,-7.528207252018,1.8));
#979 = VECTOR('',#980,1.);
#980 = DIRECTION('',(-0.896872741533,0.442288690219,0.));
#981 = PCURVE('',#126,#982);
#982 = DEFINITIONAL_REPRESENTATION('',(#983),#987);
#983 = LINE('',#984,#985);
#984 = CARTESIAN_POINT('',(-2.762293491784,-7.528207251709));
#985 = VECTOR('',#986,1.);
#986 = DIRECTION('',(-0.896872741533,0.442288690219));
#987 = ( GEOMETRIC_REPRESENTATION_CONTEXT(2) 
PARAMETRIC_REPRESENTATION_CONTEXT() REPRESENTATION_CONTEXT('2D SPACE',''
  ) );
#988 = PCURVE('',#989,#994);
#989 = PLANE('',#990);
#990 = AXIS2_PLACEMENT_3D('',#991,#992,#993);
#991 = CARTESIAN_POINT('',(-28.91229349178,-7.528207252018,0.));
#992 = DIRECTION('',(-0.442288690219,-0.896872741533,-0.));
#993 = DIRECTION('',(-0.896872741533,0.442288690219,0.));
#994 = DEFINITIONAL_REPRESENTATION('',(#995),#999);
#995 = LINE('',#996,#997);
#996 = CARTESIAN_POINT('',(0.,-1.8));
#997 = VECTOR('',#998,1.);
#998 = DIRECTION('',(1.,0.));
#999 = ( GEOMETRIC_REPRESENTATION_CONTEXT(2) 
PARAMETRIC_REPRESENTATION_CONTEXT() REPRESENTATION_CONTEXT('2D SPACE',''
  ) );
#1000 = ORIENTED_EDGE('',*,*,#1001,.T.);
#1001 = EDGE_CURVE('',#974,#1002,#1004,.T.);
#1002 = VERTEX_POINT('',#1003);
#1003 = CARTESIAN_POINT('',(-29.27401828641,-7.319365344466,1.8));
#1004 = SURFACE_CURVE('',#1005,(#1009,#1016),.PCURVE_S1.);
#1005 = LINE('',#1006,#1007);
#1006 = CARTESIAN_POINT('',(-29.1,-7.435640646055,1.8));
#1007 = VECTOR('',#1008,1.);
#1008 = DIRECTION('',(-0.831469612303,0.55557023302,0.));
#1009 = PCURVE('',#126,#1010);
#1010 = DEFINITIONAL_REPRESENTATION('',(#1011),#1015);
#1011 = LINE('',#1012,#1013);
#1012 = CARTESIAN_POINT('',(-2.95,-7.435640645746));
#1013 = VECTOR('',#1014,1.);
#1014 = DIRECTION('',(-0.831469612303,0.55557023302));
#1015 = ( GEOMETRIC_REPRESENTATION_CONTEXT(2) 
PARAMETRIC_REPRESENTATION_CONTEXT() REPRESENTATION_CONTEXT('2D SPACE',''
  ) );
#1016 = PCURVE('',#1017,#1022);
#1017 = PLANE('',#1018);
#1018 = AXIS2_PLACEMENT_3D('',#1019,#1020,#1021);
#1019 = CARTESIAN_POINT('',(-29.1,-7.435640646055,0.));
#1020 = DIRECTION('',(-0.55557023302,-0.831469612303,-0.));
#1021 = DIRECTION('',(-0.831469612303,0.55557023302,0.));
#1022 = DEFINITIONAL_REPRESENTATION('',(#1023),#1027);
#1023 = LINE('',#1024,#1025);
#1024 = CARTESIAN_POINT('',(0.,-1.8));
#1025 = VECTOR('',#1026,1.);
#1026 = DIRECTION('',(1.,0.));
#1027 = ( GEOMETRIC_REPRESENTATION_CONTEXT(2) 
PARAMETRIC_REPRESENTATION_CONTEXT() REPRESENTATION_CONTEXT('2D SPACE',''
  ) );
#1028 = ORIENTED_EDGE('',*,*,#1029,.T.);
#1029 = EDGE_CURVE('',#1002,#1030,#1032,.T.);
#1030 = VERTEX_POINT('',#1031);
#1031 = CARTESIAN_POINT('',(-29.43137084989,-7.181370849898,1.8));
#1032 = SURFACE_CURVE('',#1033,(#1037,#1044),.PCURVE_S1.);
#1033 = LINE('',#1034,#1035);
#1034 = CARTESIAN_POINT('',(-29.27401828641,-7.319365344466,1.8));
#1035 = VECTOR('',#1036,1.);
#1036 = DIRECTION('',(-0.751839807479,0.6593458151,0.));
#1037 = PCURVE('',#126,#1038);
#1038 = DEFINITIONAL_REPRESENTATION('',(#1039),#1043);
#1039 = LINE('',#1040,#1041);
#1040 = CARTESIAN_POINT('',(-3.124018286414,-7.319365344157));
#1041 = VECTOR('',#1042,1.);
#1042 = DIRECTION('',(-0.751839807479,0.6593458151));
#1043 = ( GEOMETRIC_REPRESENTATION_CONTEXT(2) 
PARAMETRIC_REPRESENTATION_CONTEXT() REPRESENTATION_CONTEXT('2D SPACE',''
  ) );
#1044 = PCURVE('',#1045,#1050);
#1045 = PLANE('',#1046);
#1046 = AXIS2_PLACEMENT_3D('',#1047,#1048,#1049);
#1047 = CARTESIAN_POINT('',(-29.27401828641,-7.319365344466,0.));
#1048 = DIRECTION('',(-0.6593458151,-0.751839807479,-0.));
#1049 = DIRECTION('',(-0.751839807479,0.6593458151,0.));
#1050 = DEFINITIONAL_REPRESENTATION('',(#1051),#1055);
#1051 = LINE('',#1052,#1053);
#1052 = CARTESIAN_POINT('',(0.,-1.8));
#1053 = VECTOR('',#1054,1.);
#1054 = DIRECTION('',(1.,0.));
#1055 = ( GEOMETRIC_REPRESENTATION_CONTEXT(2) 
PARAMETRIC_REPRESENTATION_CONTEXT() REPRESENTATION_CONTEXT('2D SPACE',''
  ) );
#1056 = ORIENTED_EDGE('',*,*,#1057,.T.);
#1057 = EDGE_CURVE('',#1030,#1058,#1060,.T.);
#1058 = VERTEX_POINT('',#1059);
#1059 = CARTESIAN_POINT('',(-29.56936534446,-7.024018286414,1.8));
#1060 = SURFACE_CURVE('',#1061,(#1065,#1072),.PCURVE_S1.);
#1061 = LINE('',#1062,#1063);
#1062 = CARTESIAN_POINT('',(-29.43137084989,-7.181370849898,1.8));
#1063 = VECTOR('',#1064,1.);
#1064 = DIRECTION('',(-0.6593458151,0.751839807479,0.));
#1065 = PCURVE('',#126,#1066);
#1066 = DEFINITIONAL_REPRESENTATION('',(#1067),#1071);
#1067 = LINE('',#1068,#1069);
#1068 = CARTESIAN_POINT('',(-3.281370849898,-7.18137084959));
#1069 = VECTOR('',#1070,1.);
#1070 = DIRECTION('',(-0.6593458151,0.751839807479));
#1071 = ( GEOMETRIC_REPRESENTATION_CONTEXT(2) 
PARAMETRIC_REPRESENTATION_CONTEXT() REPRESENTATION_CONTEXT('2D SPACE',''
  ) );
#1072 = PCURVE('',#1073,#1078);
#1073 = PLANE('',#1074);
#1074 = AXIS2_PLACEMENT_3D('',#1075,#1076,#1077);
#1075 = CARTESIAN_POINT('',(-29.43137084989,-7.181370849898,0.));
#1076 = DIRECTION('',(-0.751839807479,-0.6593458151,-0.));
#1077 = DIRECTION('',(-0.6593458151,0.751839807479,0.));
#1078 = DEFINITIONAL_REPRESENTATION('',(#1079),#1083);
#1079 = LINE('',#1080,#1081);
#1080 = CARTESIAN_POINT('',(0.,-1.8));
#1081 = VECTOR('',#1082,1.);
#1082 = DIRECTION('',(1.,0.));
#1083 = ( GEOMETRIC_REPRESENTATION_CONTEXT(2) 
PARAMETRIC_REPRESENTATION_CONTEXT() REPRESENTATION_CONTEXT('2D SPACE',''
  ) );
#1084 = ORIENTED_EDGE('',*,*,#1085,.T.);
#1085 = EDGE_CURVE('',#1058,#1086,#1088,.T.);
#1086 = VERTEX_POINT('',#1087);
#1087 = CARTESIAN_POINT('',(-29.68564064605,-6.85,1.8));
#1088 = SURFACE_CURVE('',#1089,(#1093,#1100),.PCURVE_S1.);
#1089 = LINE('',#1090,#1091);
#1090 = CARTESIAN_POINT('',(-29.56936534446,-7.024018286414,1.8));
#1091 = VECTOR('',#1092,1.);
#1092 = DIRECTION('',(-0.55557023302,0.831469612303,0.));
#1093 = PCURVE('',#126,#1094);
#1094 = DEFINITIONAL_REPRESENTATION('',(#1095),#1099);
#1095 = LINE('',#1096,#1097);
#1096 = CARTESIAN_POINT('',(-3.419365344466,-7.024018286105));
#1097 = VECTOR('',#1098,1.);
#1098 = DIRECTION('',(-0.55557023302,0.831469612303));
#1099 = ( GEOMETRIC_REPRESENTATION_CONTEXT(2) 
PARAMETRIC_REPRESENTATION_CONTEXT() REPRESENTATION_CONTEXT('2D SPACE',''
  ) );
#1100 = PCURVE('',#1101,#1106);
#1101 = PLANE('',#1102);
#1102 = AXIS2_PLACEMENT_3D('',#1103,#1104,#1105);
#1103 = CARTESIAN_POINT('',(-29.56936534446,-7.024018286414,0.));
#1104 = DIRECTION('',(-0.831469612303,-0.55557023302,-0.));
#1105 = DIRECTION('',(-0.55557023302,0.831469612303,0.));
#1106 = DEFINITIONAL_REPRESENTATION('',(#1107),#1111);
#1107 = LINE('',#1108,#1109);
#1108 = CARTESIAN_POINT('',(0.,-1.8));
#1109 = VECTOR('',#1110,1.);
#1110 = DIRECTION('',(1.,0.));
#1111 = ( GEOMETRIC_REPRESENTATION_CONTEXT(2) 
PARAMETRIC_REPRESENTATION_CONTEXT() REPRESENTATION_CONTEXT('2D SPACE',''
  ) );
#1112 = ORIENTED_EDGE('',*,*,#1113,.T.);
#1113 = EDGE_CURVE('',#1086,#1114,#1116,.T.);
#1114 = VERTEX_POINT('',#1115);
#1115 = CARTESIAN_POINT('',(-29.77820725201,-6.662293491784,1.8));
#1116 = SURFACE_CURVE('',#1117,(#1121,#1128),.PCURVE_S1.);
#1117 = LINE('',#1118,#1119);
#1118 = CARTESIAN_POINT('',(-29.68564064605,-6.85,1.8));
#1119 = VECTOR('',#1120,1.);
#1120 = DIRECTION('',(-0.442288690219,0.896872741533,0.));
#1121 = PCURVE('',#126,#1122);
#1122 = DEFINITIONAL_REPRESENTATION('',(#1123),#1127);
#1123 = LINE('',#1124,#1125);
#1124 = CARTESIAN_POINT('',(-3.535640646055,-6.849999999691));
#1125 = VECTOR('',#1126,1.);
#1126 = DIRECTION('',(-0.442288690219,0.896872741533));
#1127 = ( GEOMETRIC_REPRESENTATION_CONTEXT(2) 
PARAMETRIC_REPRESENTATION_CONTEXT() REPRESENTATION_CONTEXT('2D SPACE',''
  ) );
#1128 = PCURVE('',#1129,#1134);
#1129 = PLANE('',#1130);
#1130 = AXIS2_PLACEMENT_3D('',#1131,#1132,#1133);
#1131 = CARTESIAN_POINT('',(-29.68564064605,-6.85,0.));
#1132 = DIRECTION('',(-0.896872741533,-0.442288690219,-0.));
#1133 = DIRECTION('',(-0.442288690219,0.896872741533,0.));
#1134 = DEFINITIONAL_REPRESENTATION('',(#1135),#1139);
#1135 = LINE('',#1136,#1137);
#1136 = CARTESIAN_POINT('',(0.,-1.8));
#1137 = VECTOR('',#1138,1.);
#1138 = DIRECTION('',(1.,0.));
#1139 = ( GEOMETRIC_REPRESENTATION_CONTEXT(2) 
PARAMETRIC_REPRESENTATION_CONTEXT() REPRESENTATION_CONTEXT('2D SPACE',''
  ) );
#1140 = ORIENTED_EDGE('',*,*,#1141,.T.);
#1141 = EDGE_CURVE('',#1114,#1142,#1144,.T.);
#1142 = VERTEX_POINT('',#1143);
#1143 = CARTESIAN_POINT('',(-29.84548132206,-6.464110472164,1.8));
#1144 = SURFACE_CURVE('',#1145,(#1149,#1156),.PCURVE_S1.);
#1145 = LINE('',#1146,#1147);
#1146 = CARTESIAN_POINT('',(-29.77820725201,-6.662293491784,1.8));
#1147 = VECTOR('',#1148,1.);
#1148 = DIRECTION('',(-0.321439465303,0.946930129495,0.));
#1149 = PCURVE('',#126,#1150);
#1150 = DEFINITIONAL_REPRESENTATION('',(#1151),#1155);
#1151 = LINE('',#1152,#1153);
#1152 = CARTESIAN_POINT('',(-3.628207252018,-6.662293491475));
#1153 = VECTOR('',#1154,1.);
#1154 = DIRECTION('',(-0.321439465303,0.946930129495));
#1155 = ( GEOMETRIC_REPRESENTATION_CONTEXT(2) 
PARAMETRIC_REPRESENTATION_CONTEXT() REPRESENTATION_CONTEXT('2D SPACE',''
  ) );
#1156 = PCURVE('',#1157,#1162);
#1157 = PLANE('',#1158);
#1158 = AXIS2_PLACEMENT_3D('',#1159,#1160,#1161);
#1159 = CARTESIAN_POINT('',(-29.77820725201,-6.662293491784,0.));
#1160 = DIRECTION('',(-0.946930129495,-0.321439465303,-0.));
#1161 = DIRECTION('',(-0.321439465303,0.946930129495,0.));
#1162 = DEFINITIONAL_REPRESENTATION('',(#1163),#1167);
#1163 = LINE('',#1164,#1165);
#1164 = CARTESIAN_POINT('',(0.,-1.8));
#1165 = VECTOR('',#1166,1.);
#1166 = DIRECTION('',(1.,0.));
#1167 = ( GEOMETRIC_REPRESENTATION_CONTEXT(2) 
PARAMETRIC_REPRESENTATION_CONTEXT() REPRESENTATION_CONTEXT('2D SPACE',''
  ) );
#1168 = ORIENTED_EDGE('',*,*,#1169,.T.);
#1169 = EDGE_CURVE('',#1142,#1170,#1172,.T.);
#1170 = VERTEX_POINT('',#1171);
#1171 = CARTESIAN_POINT('',(-29.88631177819,-6.258841907552,1.8));
#1172 = SURFACE_CURVE('',#1173,(#1177,#1184),.PCURVE_S1.);
#1173 = LINE('',#1174,#1175);
#1174 = CARTESIAN_POINT('',(-29.84548132206,-6.464110472164,1.8));
#1175 = VECTOR('',#1176,1.);
#1176 = DIRECTION('',(-0.195090322016,0.980785280403,0.));
#1177 = PCURVE('',#126,#1178);
#1178 = DEFINITIONAL_REPRESENTATION('',(#1179),#1183);
#1179 = LINE('',#1180,#1181);
#1180 = CARTESIAN_POINT('',(-3.695481322063,-6.464110471855));
#1181 = VECTOR('',#1182,1.);
#1182 = DIRECTION('',(-0.195090322016,0.980785280403));
#1183 = ( GEOMETRIC_REPRESENTATION_CONTEXT(2) 
PARAMETRIC_REPRESENTATION_CONTEXT() REPRESENTATION_CONTEXT('2D SPACE',''
  ) );
#1184 = PCURVE('',#1185,#1190);
#1185 = PLANE('',#1186);
#1186 = AXIS2_PLACEMENT_3D('',#1187,#1188,#1189);
#1187 = CARTESIAN_POINT('',(-29.84548132206,-6.464110472164,0.));
#1188 = DIRECTION('',(-0.980785280403,-0.195090322016,-0.));
#1189 = DIRECTION('',(-0.195090322016,0.980785280403,0.));
#1190 = DEFINITIONAL_REPRESENTATION('',(#1191),#1195);
#1191 = LINE('',#1192,#1193);
#1192 = CARTESIAN_POINT('',(0.,-1.8));
#1193 = VECTOR('',#1194,1.);
#1194 = DIRECTION('',(1.,0.));
#1195 = ( GEOMETRIC_REPRESENTATION_CONTEXT(2) 
PARAMETRIC_REPRESENTATION_CONTEXT() REPRESENTATION_CONTEXT('2D SPACE',''
  ) );
#1196 = ORIENTED_EDGE('',*,*,#1197,.T.);
#1197 = EDGE_CURVE('',#1170,#1198,#1200,.T.);
#1198 = VERTEX_POINT('',#1199);
#1199 = CARTESIAN_POINT('',(-29.9,-6.05,1.8));
#1200 = SURFACE_CURVE('',#1201,(#1205,#1212),.PCURVE_S1.);
#1201 = LINE('',#1202,#1203);
#1202 = CARTESIAN_POINT('',(-29.88631177819,-6.258841907552,1.8));
#1203 = VECTOR('',#1204,1.);
#1204 = DIRECTION('',(-6.540312923014E-02,0.997858923239,0.));
#1205 = PCURVE('',#126,#1206);
#1206 = DEFINITIONAL_REPRESENTATION('',(#1207),#1211);
#1207 = LINE('',#1208,#1209);
#1208 = CARTESIAN_POINT('',(-3.736311778198,-6.258841907243));
#1209 = VECTOR('',#1210,1.);
#1210 = DIRECTION('',(-6.540312923014E-02,0.997858923239));
#1211 = ( GEOMETRIC_REPRESENTATION_CONTEXT(2) 
PARAMETRIC_REPRESENTATION_CONTEXT() REPRESENTATION_CONTEXT('2D SPACE',''
  ) );
#1212 = PCURVE('',#1213,#1218);
#1213 = PLANE('',#1214);
#1214 = AXIS2_PLACEMENT_3D('',#1215,#1216,#1217);
#1215 = CARTESIAN_POINT('',(-29.88631177819,-6.258841907552,0.));
#1216 = DIRECTION('',(-0.997858923239,-6.540312923014E-02,-0.));
#1217 = DIRECTION('',(-6.540312923014E-02,0.997858923239,0.));
#1218 = DEFINITIONAL_REPRESENTATION('',(#1219),#1223);
#1219 = LINE('',#1220,#1221);
#1220 = CARTESIAN_POINT('',(0.,-1.8));
#1221 = VECTOR('',#1222,1.);
#1222 = DIRECTION('',(1.,0.));
#1223 = ( GEOMETRIC_REPRESENTATION_CONTEXT(2) 
PARAMETRIC_REPRESENTATION_CONTEXT() REPRESENTATION_CONTEXT('2D SPACE',''
  ) );
#1224 = ORIENTED_EDGE('',*,*,#1225,.T.);
#1225 = EDGE_CURVE('',#1198,#1226,#1228,.T.);
#1226 = VERTEX_POINT('',#1227);
#1227 = CARTESIAN_POINT('',(-29.88631177819,-5.841158092448,1.8));
#1228 = SURFACE_CURVE('',#1229,(#1233,#1240),.PCURVE_S1.);
#1229 = LINE('',#1230,#1231);
#1230 = CARTESIAN_POINT('',(-29.9,-6.05,1.8));
#1231 = VECTOR('',#1232,1.);
#1232 = DIRECTION('',(6.540312923014E-02,0.997858923239,0.));
#1233 = PCURVE('',#126,#1234);
#1234 = DEFINITIONAL_REPRESENTATION('',(#1235),#1239);
#1235 = LINE('',#1236,#1237);
#1236 = CARTESIAN_POINT('',(-3.75,-6.049999999691));
#1237 = VECTOR('',#1238,1.);
#1238 = DIRECTION('',(6.540312923014E-02,0.997858923239));
#1239 = ( GEOMETRIC_REPRESENTATION_CONTEXT(2) 
PARAMETRIC_REPRESENTATION_CONTEXT() REPRESENTATION_CONTEXT('2D SPACE',''
  ) );
#1240 = PCURVE('',#1241,#1246);
#1241 = PLANE('',#1242);
#1242 = AXIS2_PLACEMENT_3D('',#1243,#1244,#1245);
#1243 = CARTESIAN_POINT('',(-29.9,-6.05,0.));
#1244 = DIRECTION('',(-0.997858923239,6.540312923014E-02,0.));
#1245 = DIRECTION('',(6.540312923014E-02,0.997858923239,0.));
#1246 = DEFINITIONAL_REPRESENTATION('',(#1247),#1251);
#1247 = LINE('',#1248,#1249);
#1248 = CARTESIAN_POINT('',(0.,-1.8));
#1249 = VECTOR('',#1250,1.);
#1250 = DIRECTION('',(1.,0.));
#1251 = ( GEOMETRIC_REPRESENTATION_CONTEXT(2) 
PARAMETRIC_REPRESENTATION_CONTEXT() REPRESENTATION_CONTEXT('2D SPACE',''
  ) );
#1252 = ORIENTED_EDGE('',*,*,#1253,.T.);
#1253 = EDGE_CURVE('',#1226,#1254,#1256,.T.);
#1254 = VERTEX_POINT('',#1255);
#1255 = CARTESIAN_POINT('',(-29.84548132206,-5.635889527836,1.8));
#1256 = SURFACE_CURVE('',#1257,(#1261,#1268),.PCURVE_S1.);
#1257 = LINE('',#1258,#1259);
#1258 = CARTESIAN_POINT('',(-29.88631177819,-5.841158092448,1.8));
#1259 = VECTOR('',#1260,1.);
#1260 = DIRECTION('',(0.195090322016,0.980785280403,0.));
#1261 = PCURVE('',#126,#1262);
#1262 = DEFINITIONAL_REPRESENTATION('',(#1263),#1267);
#1263 = LINE('',#1264,#1265);
#1264 = CARTESIAN_POINT('',(-3.736311778198,-5.841158092139));
#1265 = VECTOR('',#1266,1.);
#1266 = DIRECTION('',(0.195090322016,0.980785280403));
#1267 = ( GEOMETRIC_REPRESENTATION_CONTEXT(2) 
PARAMETRIC_REPRESENTATION_CONTEXT() REPRESENTATION_CONTEXT('2D SPACE',''
  ) );
#1268 = PCURVE('',#1269,#1274);
#1269 = PLANE('',#1270);
#1270 = AXIS2_PLACEMENT_3D('',#1271,#1272,#1273);
#1271 = CARTESIAN_POINT('',(-29.88631177819,-5.841158092448,0.));
#1272 = DIRECTION('',(-0.980785280403,0.195090322016,0.));
#1273 = DIRECTION('',(0.195090322016,0.980785280403,0.));
#1274 = DEFINITIONAL_REPRESENTATION('',(#1275),#1279);
#1275 = LINE('',#1276,#1277);
#1276 = CARTESIAN_POINT('',(0.,-1.8));
#1277 = VECTOR('',#1278,1.);
#1278 = DIRECTION('',(1.,0.));
#1279 = ( GEOMETRIC_REPRESENTATION_CONTEXT(2) 
PARAMETRIC_REPRESENTATION_CONTEXT() REPRESENTATION_CONTEXT('2D SPACE',''
  ) );
#1280 = ORIENTED_EDGE('',*,*,#1281,.T.);
#1281 = EDGE_CURVE('',#1254,#1282,#1284,.T.);
#1282 = VERTEX_POINT('',#1283);
#1283 = CARTESIAN_POINT('',(-29.77820725201,-5.437706508216,1.8));
#1284 = SURFACE_CURVE('',#1285,(#1289,#1296),.PCURVE_S1.);
#1285 = LINE('',#1286,#1287);
#1286 = CARTESIAN_POINT('',(-29.84548132206,-5.635889527836,1.8));
#1287 = VECTOR('',#1288,1.);
#1288 = DIRECTION('',(0.321439465303,0.946930129495,0.));
#1289 = PCURVE('',#126,#1290);
#1290 = DEFINITIONAL_REPRESENTATION('',(#1291),#1295);
#1291 = LINE('',#1292,#1293);
#1292 = CARTESIAN_POINT('',(-3.695481322063,-5.635889527527));
#1293 = VECTOR('',#1294,1.);
#1294 = DIRECTION('',(0.321439465303,0.946930129495));
#1295 = ( GEOMETRIC_REPRESENTATION_CONTEXT(2) 
PARAMETRIC_REPRESENTATION_CONTEXT() REPRESENTATION_CONTEXT('2D SPACE',''
  ) );
#1296 = PCURVE('',#1297,#1302);
#1297 = PLANE('',#1298);
#1298 = AXIS2_PLACEMENT_3D('',#1299,#1300,#1301);
#1299 = CARTESIAN_POINT('',(-29.84548132206,-5.635889527836,0.));
#1300 = DIRECTION('',(-0.946930129495,0.321439465303,0.));
#1301 = DIRECTION('',(0.321439465303,0.946930129495,0.));
#1302 = DEFINITIONAL_REPRESENTATION('',(#1303),#1307);
#1303 = LINE('',#1304,#1305);
#1304 = CARTESIAN_POINT('',(0.,-1.8));
#1305 = VECTOR('',#1306,1.);
#1306 = DIRECTION('',(1.,0.));
#1307 = ( GEOMETRIC_REPRESENTATION_CONTEXT(2) 
PARAMETRIC_REPRESENTATION_CONTEXT() REPRESENTATION_CONTEXT('2D SPACE',''
  ) );
#1308 = ORIENTED_EDGE('',*,*,#1309,.T.);
#1309 = EDGE_CURVE('',#1282,#1310,#1312,.T.);
#1310 = VERTEX_POINT('',#1311);
#1311 = CARTESIAN_POINT('',(-29.68564064605,-5.25,1.8));
#1312 = SURFACE_CURVE('',#1313,(#1317,#1324),.PCURVE_S1.);
#1313 = LINE('',#1314,#1315);
#1314 = CARTESIAN_POINT('',(-29.77820725201,-5.437706508216,1.8));
#1315 = VECTOR('',#1316,1.);
#1316 = DIRECTION('',(0.442288690219,0.896872741533,0.));
#1317 = PCURVE('',#126,#1318);
#1318 = DEFINITIONAL_REPRESENTATION('',(#1319),#1323);
#1319 = LINE('',#1320,#1321);
#1320 = CARTESIAN_POINT('',(-3.628207252018,-5.437706507907));
#1321 = VECTOR('',#1322,1.);
#1322 = DIRECTION('',(0.442288690219,0.896872741533));
#1323 = ( GEOMETRIC_REPRESENTATION_CONTEXT(2) 
PARAMETRIC_REPRESENTATION_CONTEXT() REPRESENTATION_CONTEXT('2D SPACE',''
  ) );
#1324 = PCURVE('',#1325,#1330);
#1325 = PLANE('',#1326);
#1326 = AXIS2_PLACEMENT_3D('',#1327,#1328,#1329);
#1327 = CARTESIAN_POINT('',(-29.77820725201,-5.437706508216,0.));
#1328 = DIRECTION('',(-0.896872741533,0.442288690219,0.));
#1329 = DIRECTION('',(0.442288690219,0.896872741533,0.));
#1330 = DEFINITIONAL_REPRESENTATION('',(#1331),#1335);
#1331 = LINE('',#1332,#1333);
#1332 = CARTESIAN_POINT('',(0.,-1.8));
#1333 = VECTOR('',#1334,1.);
#1334 = DIRECTION('',(1.,0.));
#1335 = ( GEOMETRIC_REPRESENTATION_CONTEXT(2) 
PARAMETRIC_REPRESENTATION_CONTEXT() REPRESENTATION_CONTEXT('2D SPACE',''
  ) );
#1336 = ORIENTED_EDGE('',*,*,#1337,.T.);
#1337 = EDGE_CURVE('',#1310,#1338,#1340,.T.);
#1338 = VERTEX_POINT('',#1339);
#1339 = CARTESIAN_POINT('',(-29.56936534446,-5.075981713586,1.8));
#1340 = SURFACE_CURVE('',#1341,(#1345,#1352),.PCURVE_S1.);
#1341 = LINE('',#1342,#1343);
#1342 = CARTESIAN_POINT('',(-29.68564064605,-5.25,1.8));
#1343 = VECTOR('',#1344,1.);
#1344 = DIRECTION('',(0.55557023302,0.831469612303,0.));
#1345 = PCURVE('',#126,#1346);
#1346 = DEFINITIONAL_REPRESENTATION('',(#1347),#1351);
#1347 = LINE('',#1348,#1349);
#1348 = CARTESIAN_POINT('',(-3.535640646055,-5.249999999691));
#1349 = VECTOR('',#1350,1.);
#1350 = DIRECTION('',(0.55557023302,0.831469612303));
#1351 = ( GEOMETRIC_REPRESENTATION_CONTEXT(2) 
PARAMETRIC_REPRESENTATION_CONTEXT() REPRESENTATION_CONTEXT('2D SPACE',''
  ) );
#1352 = PCURVE('',#1353,#1358);
#1353 = PLANE('',#1354);
#1354 = AXIS2_PLACEMENT_3D('',#1355,#1356,#1357);
#1355 = CARTESIAN_POINT('',(-29.68564064605,-5.25,0.));
#1356 = DIRECTION('',(-0.831469612303,0.55557023302,0.));
#1357 = DIRECTION('',(0.55557023302,0.831469612303,0.));
#1358 = DEFINITIONAL_REPRESENTATION('',(#1359),#1363);
#1359 = LINE('',#1360,#1361);
#1360 = CARTESIAN_POINT('',(0.,-1.8));
#1361 = VECTOR('',#1362,1.);
#1362 = DIRECTION('',(1.,0.));
#1363 = ( GEOMETRIC_REPRESENTATION_CONTEXT(2) 
PARAMETRIC_REPRESENTATION_CONTEXT() REPRESENTATION_CONTEXT('2D SPACE',''
  ) );
#1364 = ORIENTED_EDGE('',*,*,#1365,.T.);
#1365 = EDGE_CURVE('',#1338,#1366,#1368,.T.);
#1366 = VERTEX_POINT('',#1367);
#1367 = CARTESIAN_POINT('',(-29.43137084989,-4.918629150102,1.8));
#1368 = SURFACE_CURVE('',#1369,(#1373,#1380),.PCURVE_S1.);
#1369 = LINE('',#1370,#1371);
#1370 = CARTESIAN_POINT('',(-29.56936534446,-5.075981713586,1.8));
#1371 = VECTOR('',#1372,1.);
#1372 = DIRECTION('',(0.6593458151,0.751839807479,0.));
#1373 = PCURVE('',#126,#1374);
#1374 = DEFINITIONAL_REPRESENTATION('',(#1375),#1379);
#1375 = LINE('',#1376,#1377);
#1376 = CARTESIAN_POINT('',(-3.419365344466,-5.075981713277));
#1377 = VECTOR('',#1378,1.);
#1378 = DIRECTION('',(0.6593458151,0.751839807479));
#1379 = ( GEOMETRIC_REPRESENTATION_CONTEXT(2) 
PARAMETRIC_REPRESENTATION_CONTEXT() REPRESENTATION_CONTEXT('2D SPACE',''
  ) );
#1380 = PCURVE('',#1381,#1386);
#1381 = PLANE('',#1382);
#1382 = AXIS2_PLACEMENT_3D('',#1383,#1384,#1385);
#1383 = CARTESIAN_POINT('',(-29.56936534446,-5.075981713586,0.));
#1384 = DIRECTION('',(-0.751839807479,0.6593458151,0.));
#1385 = DIRECTION('',(0.6593458151,0.751839807479,0.));
#1386 = DEFINITIONAL_REPRESENTATION('',(#1387),#1391);
#1387 = LINE('',#1388,#1389);
#1388 = CARTESIAN_POINT('',(0.,-1.8));
#1389 = VECTOR('',#1390,1.);
#1390 = DIRECTION('',(1.,0.));
#1391 = ( GEOMETRIC_REPRESENTATION_CONTEXT(2) 
PARAMETRIC_REPRESENTATION_CONTEXT() REPRESENTATION_CONTEXT('2D SPACE',''
  ) );
#1392 = ORIENTED_EDGE('',*,*,#1393,.T.);
#1393 = EDGE_CURVE('',#1366,#1394,#1396,.T.);
#1394 = VERTEX_POINT('',#1395);
#1395 = CARTESIAN_POINT('',(-29.27401828641,-4.780634655534,1.8));
#1396 = SURFACE_CURVE('',#1397,(#1401,#1408),.PCURVE_S1.);
#1397 = LINE('',#1398,#1399);
#1398 = CARTESIAN_POINT('',(-29.43137084989,-4.918629150102,1.8));
#1399 = VECTOR('',#1400,1.);
#1400 = DIRECTION('',(0.751839807479,0.6593458151,0.));
#1401 = PCURVE('',#126,#1402);
#1402 = DEFINITIONAL_REPRESENTATION('',(#1403),#1407);
#1403 = LINE('',#1404,#1405);
#1404 = CARTESIAN_POINT('',(-3.281370849898,-4.918629149793));
#1405 = VECTOR('',#1406,1.);
#1406 = DIRECTION('',(0.751839807479,0.6593458151));
#1407 = ( GEOMETRIC_REPRESENTATION_CONTEXT(2) 
PARAMETRIC_REPRESENTATION_CONTEXT() REPRESENTATION_CONTEXT('2D SPACE',''
  ) );
#1408 = PCURVE('',#1409,#1414);
#1409 = PLANE('',#1410);
#1410 = AXIS2_PLACEMENT_3D('',#1411,#1412,#1413);
#1411 = CARTESIAN_POINT('',(-29.43137084989,-4.918629150102,0.));
#1412 = DIRECTION('',(-0.6593458151,0.751839807479,0.));
#1413 = DIRECTION('',(0.751839807479,0.6593458151,0.));
#1414 = DEFINITIONAL_REPRESENTATION('',(#1415),#1419);
#1415 = LINE('',#1416,#1417);
#1416 = CARTESIAN_POINT('',(0.,-1.8));
#1417 = VECTOR('',#1418,1.);
#1418 = DIRECTION('',(1.,0.));
#1419 = ( GEOMETRIC_REPRESENTATION_CONTEXT(2) 
PARAMETRIC_REPRESENTATION_CONTEXT() REPRESENTATION_CONTEXT('2D SPACE',''
  ) );
#1420 = ORIENTED_EDGE('',*,*,#1421,.T.);
#1421 = EDGE_CURVE('',#1394,#1422,#1424,.T.);
#1422 = VERTEX_POINT('',#1423);
#1423 = CARTESIAN_POINT('',(-29.1,-4.664359353945,1.8));
#1424 = SURFACE_CURVE('',#1425,(#1429,#1436),.PCURVE_S1.);
#1425 = LINE('',#1426,#1427);
#1426 = CARTESIAN_POINT('',(-29.27401828641,-4.780634655534,1.8));
#1427 = VECTOR('',#1428,1.);
#1428 = DIRECTION('',(0.831469612303,0.55557023302,0.));
#1429 = PCURVE('',#126,#1430);
#1430 = DEFINITIONAL_REPRESENTATION('',(#1431),#1435);
#1431 = LINE('',#1432,#1433);
#1432 = CARTESIAN_POINT('',(-3.124018286414,-4.780634655225));
#1433 = VECTOR('',#1434,1.);
#1434 = DIRECTION('',(0.831469612303,0.55557023302));
#1435 = ( GEOMETRIC_REPRESENTATION_CONTEXT(2) 
PARAMETRIC_REPRESENTATION_CONTEXT() REPRESENTATION_CONTEXT('2D SPACE',''
  ) );
#1436 = PCURVE('',#1437,#1442);
#1437 = PLANE('',#1438);
#1438 = AXIS2_PLACEMENT_3D('',#1439,#1440,#1441);
#1439 = CARTESIAN_POINT('',(-29.27401828641,-4.780634655534,0.));
#1440 = DIRECTION('',(-0.55557023302,0.831469612303,0.));
#1441 = DIRECTION('',(0.831469612303,0.55557023302,0.));
#1442 = DEFINITIONAL_REPRESENTATION('',(#1443),#1447);
#1443 = LINE('',#1444,#1445);
#1444 = CARTESIAN_POINT('',(0.,-1.8));
#1445 = VECTOR('',#1446,1.);
#1446 = DIRECTION('',(1.,0.));
#1447 = ( GEOMETRIC_REPRESENTATION_CONTEXT(2) 
PARAMETRIC_REPRESENTATION_CONTEXT() REPRESENTATION_CONTEXT('2D SPACE',''
  ) );
#1448 = ORIENTED_EDGE('',*,*,#1449,.T.);
#1449 = EDGE_CURVE('',#1422,#1450,#1452,.T.);
#1450 = VERTEX_POINT('',#1451);
#1451 = CARTESIAN_POINT('',(-28.91229349178,-4.571792747982,1.8));
#1452 = SURFACE_CURVE('',#1453,(#1457,#1464),.PCURVE_S1.);
#1453 = LINE('',#1454,#1455);
#1454 = CARTESIAN_POINT('',(-29.1,-4.664359353945,1.8));
#1455 = VECTOR('',#1456,1.);
#1456 = DIRECTION('',(0.896872741533,0.442288690219,0.));
#1457 = PCURVE('',#126,#1458);
#1458 = DEFINITIONAL_REPRESENTATION('',(#1459),#1463);
#1459 = LINE('',#1460,#1461);
#1460 = CARTESIAN_POINT('',(-2.95,-4.664359353636));
#1461 = VECTOR('',#1462,1.);
#1462 = DIRECTION('',(0.896872741533,0.442288690219));
#1463 = ( GEOMETRIC_REPRESENTATION_CONTEXT(2) 
PARAMETRIC_REPRESENTATION_CONTEXT() REPRESENTATION_CONTEXT('2D SPACE',''
  ) );
#1464 = PCURVE('',#1465,#1470);
#1465 = PLANE('',#1466);
#1466 = AXIS2_PLACEMENT_3D('',#1467,#1468,#1469);
#1467 = CARTESIAN_POINT('',(-29.1,-4.664359353945,0.));
#1468 = DIRECTION('',(-0.442288690219,0.896872741533,0.));
#1469 = DIRECTION('',(0.896872741533,0.442288690219,0.));
#1470 = DEFINITIONAL_REPRESENTATION('',(#1471),#1475);
#1471 = LINE('',#1472,#1473);
#1472 = CARTESIAN_POINT('',(0.,-1.8));
#1473 = VECTOR('',#1474,1.);
#1474 = DIRECTION('',(1.,0.));
#1475 = ( GEOMETRIC_REPRESENTATION_CONTEXT(2) 
PARAMETRIC_REPRESENTATION_CONTEXT() REPRESENTATION_CONTEXT('2D SPACE',''
  ) );
#1476 = ORIENTED_EDGE('',*,*,#1477,.T.);
#1477 = EDGE_CURVE('',#1450,#1478,#1480,.T.);
#1478 = VERTEX_POINT('',#1479);
#1479 = CARTESIAN_POINT('',(-28.71411047216,-4.504518677937,1.8));
#1480 = SURFACE_CURVE('',#1481,(#1485,#1492),.PCURVE_S1.);
#1481 = LINE('',#1482,#1483);
#1482 = CARTESIAN_POINT('',(-28.91229349178,-4.571792747982,1.8));
#1483 = VECTOR('',#1484,1.);
#1484 = DIRECTION('',(0.946930129495,0.321439465303,0.));
#1485 = PCURVE('',#126,#1486);
#1486 = DEFINITIONAL_REPRESENTATION('',(#1487),#1491);
#1487 = LINE('',#1488,#1489);
#1488 = CARTESIAN_POINT('',(-2.762293491784,-4.571792747673));
#1489 = VECTOR('',#1490,1.);
#1490 = DIRECTION('',(0.946930129495,0.321439465303));
#1491 = ( GEOMETRIC_REPRESENTATION_CONTEXT(2) 
PARAMETRIC_REPRESENTATION_CONTEXT() REPRESENTATION_CONTEXT('2D SPACE',''
  ) );
#1492 = PCURVE('',#1493,#1498);
#1493 = PLANE('',#1494);
#1494 = AXIS2_PLACEMENT_3D('',#1495,#1496,#1497);
#1495 = CARTESIAN_POINT('',(-28.91229349178,-4.571792747982,0.));
#1496 = DIRECTION('',(-0.321439465303,0.946930129495,0.));
#1497 = DIRECTION('',(0.946930129495,0.321439465303,0.));
#1498 = DEFINITIONAL_REPRESENTATION('',(#1499),#1503);
#1499 = LINE('',#1500,#1501);
#1500 = CARTESIAN_POINT('',(0.,-1.8));
#1501 = VECTOR('',#1502,1.);
#1502 = DIRECTION('',(1.,0.));
#1503 = ( GEOMETRIC_REPRESENTATION_CONTEXT(2) 
PARAMETRIC_REPRESENTATION_CONTEXT() REPRESENTATION_CONTEXT('2D SPACE',''
  ) );
#1504 = ORIENTED_EDGE('',*,*,#1505,.T.);
#1505 = EDGE_CURVE('',#1478,#1506,#1508,.T.);
#1506 = VERTEX_POINT('',#1507);
#1507 = CARTESIAN_POINT('',(-28.50884190755,-4.463688221802,1.8));
#1508 = SURFACE_CURVE('',#1509,(#1513,#1520),.PCURVE_S1.);
#1509 = LINE('',#1510,#1511);
#1510 = CARTESIAN_POINT('',(-28.71411047216,-4.504518677937,1.8));
#1511 = VECTOR('',#1512,1.);
#1512 = DIRECTION('',(0.980785280403,0.195090322016,0.));
#1513 = PCURVE('',#126,#1514);
#1514 = DEFINITIONAL_REPRESENTATION('',(#1515),#1519);
#1515 = LINE('',#1516,#1517);
#1516 = CARTESIAN_POINT('',(-2.564110472164,-4.504518677629));
#1517 = VECTOR('',#1518,1.);
#1518 = DIRECTION('',(0.980785280403,0.195090322016));
#1519 = ( GEOMETRIC_REPRESENTATION_CONTEXT(2) 
PARAMETRIC_REPRESENTATION_CONTEXT() REPRESENTATION_CONTEXT('2D SPACE',''
  ) );
#1520 = PCURVE('',#1521,#1526);
#1521 = PLANE('',#1522);
#1522 = AXIS2_PLACEMENT_3D('',#1523,#1524,#1525);
#1523 = CARTESIAN_POINT('',(-28.71411047216,-4.504518677937,0.));
#1524 = DIRECTION('',(-0.195090322016,0.980785280403,0.));
#1525 = DIRECTION('',(0.980785280403,0.195090322016,0.));
#1526 = DEFINITIONAL_REPRESENTATION('',(#1527),#1531);
#1527 = LINE('',#1528,#1529);
#1528 = CARTESIAN_POINT('',(0.,-1.8));
#1529 = VECTOR('',#1530,1.);
#1530 = DIRECTION('',(1.,0.));
#1531 = ( GEOMETRIC_REPRESENTATION_CONTEXT(2) 
PARAMETRIC_REPRESENTATION_CONTEXT() REPRESENTATION_CONTEXT('2D SPACE',''
  ) );
#1532 = ORIENTED_EDGE('',*,*,#1533,.T.);
#1533 = EDGE_CURVE('',#1506,#1534,#1536,.T.);
#1534 = VERTEX_POINT('',#1535);
#1535 = CARTESIAN_POINT('',(-28.3,-4.45,1.8));
#1536 = SURFACE_CURVE('',#1537,(#1541,#1548),.PCURVE_S1.);
#1537 = LINE('',#1538,#1539);
#1538 = CARTESIAN_POINT('',(-28.50884190755,-4.463688221802,1.8));
#1539 = VECTOR('',#1540,1.);
#1540 = DIRECTION('',(0.997858923239,6.540312923015E-02,0.));
#1541 = PCURVE('',#126,#1542);
#1542 = DEFINITIONAL_REPRESENTATION('',(#1543),#1547);
#1543 = LINE('',#1544,#1545);
#1544 = CARTESIAN_POINT('',(-2.358841907552,-4.463688221493));
#1545 = VECTOR('',#1546,1.);
#1546 = DIRECTION('',(0.997858923239,6.540312923015E-02));
#1547 = ( GEOMETRIC_REPRESENTATION_CONTEXT(2) 
PARAMETRIC_REPRESENTATION_CONTEXT() REPRESENTATION_CONTEXT('2D SPACE',''
  ) );
#1548 = PCURVE('',#1549,#1554);
#1549 = PLANE('',#1550);
#1550 = AXIS2_PLACEMENT_3D('',#1551,#1552,#1553);
#1551 = CARTESIAN_POINT('',(-28.50884190755,-4.463688221802,0.));
#1552 = DIRECTION('',(-6.540312923015E-02,0.997858923239,0.));
#1553 = DIRECTION('',(0.997858923239,6.540312923015E-02,0.));
#1554 = DEFINITIONAL_REPRESENTATION('',(#1555),#1559);
#1555 = LINE('',#1556,#1557);
#1556 = CARTESIAN_POINT('',(0.,-1.8));
#1557 = VECTOR('',#1558,1.);
#1558 = DIRECTION('',(1.,0.));
#1559 = ( GEOMETRIC_REPRESENTATION_CONTEXT(2) 
PARAMETRIC_REPRESENTATION_CONTEXT() REPRESENTATION_CONTEXT('2D SPACE',''
  ) );
#1560 = ORIENTED_EDGE('',*,*,#1561,.T.);
#1561 = EDGE_CURVE('',#1534,#1562,#1564,.T.);
#1562 = VERTEX_POINT('',#1563);
#1563 = CARTESIAN_POINT('',(-28.09115809244,-4.463688221802,1.8));
#1564 = SURFACE_CURVE('',#1565,(#1569,#1576),.PCURVE_S1.);
#1565 = LINE('',#1566,#1567);
#1566 = CARTESIAN_POINT('',(-28.3,-4.45,1.8));
#1567 = VECTOR('',#1568,1.);
#1568 = DIRECTION('',(0.997858923239,-6.540312923014E-02,0.));
#1569 = PCURVE('',#126,#1570);
#1570 = DEFINITIONAL_REPRESENTATION('',(#1571),#1575);
#1571 = LINE('',#1572,#1573);
#1572 = CARTESIAN_POINT('',(-2.15,-4.449999999691));
#1573 = VECTOR('',#1574,1.);
#1574 = DIRECTION('',(0.997858923239,-6.540312923014E-02));
#1575 = ( GEOMETRIC_REPRESENTATION_CONTEXT(2) 
PARAMETRIC_REPRESENTATION_CONTEXT() REPRESENTATION_CONTEXT('2D SPACE',''
  ) );
#1576 = PCURVE('',#1577,#1582);
#1577 = PLANE('',#1578);
#1578 = AXIS2_PLACEMENT_3D('',#1579,#1580,#1581);
#1579 = CARTESIAN_POINT('',(-28.3,-4.45,0.));
#1580 = DIRECTION('',(6.540312923014E-02,0.997858923239,0.));
#1581 = DIRECTION('',(0.997858923239,-6.540312923014E-02,0.));
#1582 = DEFINITIONAL_REPRESENTATION('',(#1583),#1587);
#1583 = LINE('',#1584,#1585);
#1584 = CARTESIAN_POINT('',(0.,-1.8));
#1585 = VECTOR('',#1586,1.);
#1586 = DIRECTION('',(1.,0.));
#1587 = ( GEOMETRIC_REPRESENTATION_CONTEXT(2) 
PARAMETRIC_REPRESENTATION_CONTEXT() REPRESENTATION_CONTEXT('2D SPACE',''
  ) );
#1588 = ORIENTED_EDGE('',*,*,#1589,.T.);
#1589 = EDGE_CURVE('',#1562,#1590,#1592,.T.);
#1590 = VERTEX_POINT('',#1591);
#1591 = CARTESIAN_POINT('',(-27.88588952783,-4.504518677937,1.8));
#1592 = SURFACE_CURVE('',#1593,(#1597,#1604),.PCURVE_S1.);
#1593 = LINE('',#1594,#1595);
#1594 = CARTESIAN_POINT('',(-28.09115809244,-4.463688221802,1.8));
#1595 = VECTOR('',#1596,1.);
#1596 = DIRECTION('',(0.980785280403,-0.195090322016,0.));
#1597 = PCURVE('',#126,#1598);
#1598 = DEFINITIONAL_REPRESENTATION('',(#1599),#1603);
#1599 = LINE('',#1600,#1601);
#1600 = CARTESIAN_POINT('',(-1.941158092448,-4.463688221493));
#1601 = VECTOR('',#1602,1.);
#1602 = DIRECTION('',(0.980785280403,-0.195090322016));
#1603 = ( GEOMETRIC_REPRESENTATION_CONTEXT(2) 
PARAMETRIC_REPRESENTATION_CONTEXT() REPRESENTATION_CONTEXT('2D SPACE',''
  ) );
#1604 = PCURVE('',#1605,#1610);
#1605 = PLANE('',#1606);
#1606 = AXIS2_PLACEMENT_3D('',#1607,#1608,#1609);
#1607 = CARTESIAN_POINT('',(-28.09115809244,-4.463688221802,0.));
#1608 = DIRECTION('',(0.195090322016,0.980785280403,0.));
#1609 = DIRECTION('',(0.980785280403,-0.195090322016,0.));
#1610 = DEFINITIONAL_REPRESENTATION('',(#1611),#1615);
#1611 = LINE('',#1612,#1613);
#1612 = CARTESIAN_POINT('',(0.,-1.8));
#1613 = VECTOR('',#1614,1.);
#1614 = DIRECTION('',(1.,0.));
#1615 = ( GEOMETRIC_REPRESENTATION_CONTEXT(2) 
PARAMETRIC_REPRESENTATION_CONTEXT() REPRESENTATION_CONTEXT('2D SPACE',''
  ) );
#1616 = ORIENTED_EDGE('',*,*,#1617,.T.);
#1617 = EDGE_CURVE('',#1590,#1618,#1620,.T.);
#1618 = VERTEX_POINT('',#1619);
#1619 = CARTESIAN_POINT('',(-27.68770650821,-4.571792747982,1.8));
#1620 = SURFACE_CURVE('',#1621,(#1625,#1632),.PCURVE_S1.);
#1621 = LINE('',#1622,#1623);
#1622 = CARTESIAN_POINT('',(-27.88588952783,-4.504518677937,1.8));
#1623 = VECTOR('',#1624,1.);
#1624 = DIRECTION('',(0.946930129495,-0.321439465303,0.));
#1625 = PCURVE('',#126,#1626);
#1626 = DEFINITIONAL_REPRESENTATION('',(#1627),#1631);
#1627 = LINE('',#1628,#1629);
#1628 = CARTESIAN_POINT('',(-1.735889527836,-4.504518677629));
#1629 = VECTOR('',#1630,1.);
#1630 = DIRECTION('',(0.946930129495,-0.321439465303));
#1631 = ( GEOMETRIC_REPRESENTATION_CONTEXT(2) 
PARAMETRIC_REPRESENTATION_CONTEXT() REPRESENTATION_CONTEXT('2D SPACE',''
  ) );
#1632 = PCURVE('',#1633,#1638);
#1633 = PLANE('',#1634);
#1634 = AXIS2_PLACEMENT_3D('',#1635,#1636,#1637);
#1635 = CARTESIAN_POINT('',(-27.88588952783,-4.504518677937,0.));
#1636 = DIRECTION('',(0.321439465303,0.946930129495,0.));
#1637 = DIRECTION('',(0.946930129495,-0.321439465303,0.));
#1638 = DEFINITIONAL_REPRESENTATION('',(#1639),#1643);
#1639 = LINE('',#1640,#1641);
#1640 = CARTESIAN_POINT('',(0.,-1.8));
#1641 = VECTOR('',#1642,1.);
#1642 = DIRECTION('',(1.,0.));
#1643 = ( GEOMETRIC_REPRESENTATION_CONTEXT(2) 
PARAMETRIC_REPRESENTATION_CONTEXT() REPRESENTATION_CONTEXT('2D SPACE',''
  ) );
#1644 = ORIENTED_EDGE('',*,*,#1645,.T.);
#1645 = EDGE_CURVE('',#1618,#1646,#1648,.T.);
#1646 = VERTEX_POINT('',#1647);
#1647 = CARTESIAN_POINT('',(-27.5,-4.664359353945,1.8));
#1648 = SURFACE_CURVE('',#1649,(#1653,#1660),.PCURVE_S1.);
#1649 = LINE('',#1650,#1651);
#1650 = CARTESIAN_POINT('',(-27.68770650821,-4.571792747982,1.8));
#1651 = VECTOR('',#1652,1.);
#1652 = DIRECTION('',(0.896872741533,-0.442288690219,0.));
#1653 = PCURVE('',#126,#1654);
#1654 = DEFINITIONAL_REPRESENTATION('',(#1655),#1659);
#1655 = LINE('',#1656,#1657);
#1656 = CARTESIAN_POINT('',(-1.537706508216,-4.571792747673));
#1657 = VECTOR('',#1658,1.);
#1658 = DIRECTION('',(0.896872741533,-0.442288690219));
#1659 = ( GEOMETRIC_REPRESENTATION_CONTEXT(2) 
PARAMETRIC_REPRESENTATION_CONTEXT() REPRESENTATION_CONTEXT('2D SPACE',''
  ) );
#1660 = PCURVE('',#1661,#1666);
#1661 = PLANE('',#1662);
#1662 = AXIS2_PLACEMENT_3D('',#1663,#1664,#1665);
#1663 = CARTESIAN_POINT('',(-27.68770650821,-4.571792747982,0.));
#1664 = DIRECTION('',(0.442288690219,0.896872741533,0.));
#1665 = DIRECTION('',(0.896872741533,-0.442288690219,0.));
#1666 = DEFINITIONAL_REPRESENTATION('',(#1667),#1671);
#1667 = LINE('',#1668,#1669);
#1668 = CARTESIAN_POINT('',(0.,-1.8));
#1669 = VECTOR('',#1670,1.);
#1670 = DIRECTION('',(1.,0.));
#1671 = ( GEOMETRIC_REPRESENTATION_CONTEXT(2) 
PARAMETRIC_REPRESENTATION_CONTEXT() REPRESENTATION_CONTEXT('2D SPACE',''
  ) );
#1672 = ORIENTED_EDGE('',*,*,#1673,.T.);
#1673 = EDGE_CURVE('',#1646,#1674,#1676,.T.);
#1674 = VERTEX_POINT('',#1675);
#1675 = CARTESIAN_POINT('',(-27.32598171358,-4.780634655534,1.8));
#1676 = SURFACE_CURVE('',#1677,(#1681,#1688),.PCURVE_S1.);
#1677 = LINE('',#1678,#1679);
#1678 = CARTESIAN_POINT('',(-27.5,-4.664359353945,1.8));
#1679 = VECTOR('',#1680,1.);
#1680 = DIRECTION('',(0.831469612303,-0.55557023302,0.));
#1681 = PCURVE('',#126,#1682);
#1682 = DEFINITIONAL_REPRESENTATION('',(#1683),#1687);
#1683 = LINE('',#1684,#1685);
#1684 = CARTESIAN_POINT('',(-1.35,-4.664359353636));
#1685 = VECTOR('',#1686,1.);
#1686 = DIRECTION('',(0.831469612303,-0.55557023302));
#1687 = ( GEOMETRIC_REPRESENTATION_CONTEXT(2) 
PARAMETRIC_REPRESENTATION_CONTEXT() REPRESENTATION_CONTEXT('2D SPACE',''
  ) );
#1688 = PCURVE('',#1689,#1694);
#1689 = PLANE('',#1690);
#1690 = AXIS2_PLACEMENT_3D('',#1691,#1692,#1693);
#1691 = CARTESIAN_POINT('',(-27.5,-4.664359353945,0.));
#1692 = DIRECTION('',(0.55557023302,0.831469612303,0.));
#1693 = DIRECTION('',(0.831469612303,-0.55557023302,0.));
#1694 = DEFINITIONAL_REPRESENTATION('',(#1695),#1699);
#1695 = LINE('',#1696,#1697);
#1696 = CARTESIAN_POINT('',(0.,-1.8));
#1697 = VECTOR('',#1698,1.);
#1698 = DIRECTION('',(1.,0.));
#1699 = ( GEOMETRIC_REPRESENTATION_CONTEXT(2) 
PARAMETRIC_REPRESENTATION_CONTEXT() REPRESENTATION_CONTEXT('2D SPACE',''
  ) );
#1700 = ORIENTED_EDGE('',*,*,#1701,.T.);
#1701 = EDGE_CURVE('',#1674,#1702,#1704,.T.);
#1702 = VERTEX_POINT('',#1703);
#1703 = CARTESIAN_POINT('',(-27.1686291501,-4.918629150102,1.8));
#1704 = SURFACE_CURVE('',#1705,(#1709,#1716),.PCURVE_S1.);
#1705 = LINE('',#1706,#1707);
#1706 = CARTESIAN_POINT('',(-27.32598171358,-4.780634655534,1.8));
#1707 = VECTOR('',#1708,1.);
#1708 = DIRECTION('',(0.751839807479,-0.6593458151,0.));
#1709 = PCURVE('',#126,#1710);
#1710 = DEFINITIONAL_REPRESENTATION('',(#1711),#1715);
#1711 = LINE('',#1712,#1713);
#1712 = CARTESIAN_POINT('',(-1.175981713586,-4.780634655225));
#1713 = VECTOR('',#1714,1.);
#1714 = DIRECTION('',(0.751839807479,-0.6593458151));
#1715 = ( GEOMETRIC_REPRESENTATION_CONTEXT(2) 
PARAMETRIC_REPRESENTATION_CONTEXT() REPRESENTATION_CONTEXT('2D SPACE',''
  ) );
#1716 = PCURVE('',#1717,#1722);
#1717 = PLANE('',#1718);
#1718 = AXIS2_PLACEMENT_3D('',#1719,#1720,#1721);
#1719 = CARTESIAN_POINT('',(-27.32598171358,-4.780634655534,0.));
#1720 = DIRECTION('',(0.6593458151,0.751839807479,0.));
#1721 = DIRECTION('',(0.751839807479,-0.6593458151,0.));
#1722 = DEFINITIONAL_REPRESENTATION('',(#1723),#1727);
#1723 = LINE('',#1724,#1725);
#1724 = CARTESIAN_POINT('',(0.,-1.8));
#1725 = VECTOR('',#1726,1.);
#1726 = DIRECTION('',(1.,0.));
#1727 = ( GEOMETRIC_REPRESENTATION_CONTEXT(2) 
PARAMETRIC_REPRESENTATION_CONTEXT() REPRESENTATION_CONTEXT('2D SPACE',''
  ) );
#1728 = ORIENTED_EDGE('',*,*,#1729,.T.);
#1729 = EDGE_CURVE('',#1702,#1730,#1732,.T.);
#1730 = VERTEX_POINT('',#1731);
#1731 = CARTESIAN_POINT('',(-27.03063465553,-5.075981713586,1.8));
#1732 = SURFACE_CURVE('',#1733,(#1737,#1744),.PCURVE_S1.);
#1733 = LINE('',#1734,#1735);
#1734 = CARTESIAN_POINT('',(-27.1686291501,-4.918629150102,1.8));
#1735 = VECTOR('',#1736,1.);
#1736 = DIRECTION('',(0.6593458151,-0.751839807479,0.));
#1737 = PCURVE('',#126,#1738);
#1738 = DEFINITIONAL_REPRESENTATION('',(#1739),#1743);
#1739 = LINE('',#1740,#1741);
#1740 = CARTESIAN_POINT('',(-1.018629150102,-4.918629149793));
#1741 = VECTOR('',#1742,1.);
#1742 = DIRECTION('',(0.6593458151,-0.751839807479));
#1743 = ( GEOMETRIC_REPRESENTATION_CONTEXT(2) 
PARAMETRIC_REPRESENTATION_CONTEXT() REPRESENTATION_CONTEXT('2D SPACE',''
  ) );
#1744 = PCURVE('',#1745,#1750);
#1745 = PLANE('',#1746);
#1746 = AXIS2_PLACEMENT_3D('',#1747,#1748,#1749);
#1747 = CARTESIAN_POINT('',(-27.1686291501,-4.918629150102,0.));
#1748 = DIRECTION('',(0.751839807479,0.6593458151,0.));
#1749 = DIRECTION('',(0.6593458151,-0.751839807479,0.));
#1750 = DEFINITIONAL_REPRESENTATION('',(#1751),#1755);
#1751 = LINE('',#1752,#1753);
#1752 = CARTESIAN_POINT('',(0.,-1.8));
#1753 = VECTOR('',#1754,1.);
#1754 = DIRECTION('',(1.,0.));
#1755 = ( GEOMETRIC_REPRESENTATION_CONTEXT(2) 
PARAMETRIC_REPRESENTATION_CONTEXT() REPRESENTATION_CONTEXT('2D SPACE',''
  ) );
#1756 = ORIENTED_EDGE('',*,*,#1757,.T.);
#1757 = EDGE_CURVE('',#1730,#1758,#1760,.T.);
#1758 = VERTEX_POINT('',#1759);
#1759 = CARTESIAN_POINT('',(-26.91435935394,-5.25,1.8));
#1760 = SURFACE_CURVE('',#1761,(#1765,#1772),.PCURVE_S1.);
#1761 = LINE('',#1762,#1763);
#1762 = CARTESIAN_POINT('',(-27.03063465553,-5.075981713586,1.8));
#1763 = VECTOR('',#1764,1.);
#1764 = DIRECTION('',(0.55557023302,-0.831469612303,0.));
#1765 = PCURVE('',#126,#1766);
#1766 = DEFINITIONAL_REPRESENTATION('',(#1767),#1771);
#1767 = LINE('',#1768,#1769);
#1768 = CARTESIAN_POINT('',(-0.880634655534,-5.075981713277));
#1769 = VECTOR('',#1770,1.);
#1770 = DIRECTION('',(0.55557023302,-0.831469612303));
#1771 = ( GEOMETRIC_REPRESENTATION_CONTEXT(2) 
PARAMETRIC_REPRESENTATION_CONTEXT() REPRESENTATION_CONTEXT('2D SPACE',''
  ) );
#1772 = PCURVE('',#1773,#1778);
#1773 = PLANE('',#1774);
#1774 = AXIS2_PLACEMENT_3D('',#1775,#1776,#1777);
#1775 = CARTESIAN_POINT('',(-27.03063465553,-5.075981713586,0.));
#1776 = DIRECTION('',(0.831469612303,0.55557023302,0.));
#1777 = DIRECTION('',(0.55557023302,-0.831469612303,0.));
#1778 = DEFINITIONAL_REPRESENTATION('',(#1779),#1783);
#1779 = LINE('',#1780,#1781);
#1780 = CARTESIAN_POINT('',(0.,-1.8));
#1781 = VECTOR('',#1782,1.);
#1782 = DIRECTION('',(1.,0.));
#1783 = ( GEOMETRIC_REPRESENTATION_CONTEXT(2) 
PARAMETRIC_REPRESENTATION_CONTEXT() REPRESENTATION_CONTEXT('2D SPACE',''
  ) );
#1784 = ORIENTED_EDGE('',*,*,#1785,.T.);
#1785 = EDGE_CURVE('',#1758,#1786,#1788,.T.);
#1786 = VERTEX_POINT('',#1787);
#1787 = CARTESIAN_POINT('',(-26.82179274798,-5.437706508216,1.8));
#1788 = SURFACE_CURVE('',#1789,(#1793,#1800),.PCURVE_S1.);
#1789 = LINE('',#1790,#1791);
#1790 = CARTESIAN_POINT('',(-26.91435935394,-5.25,1.8));
#1791 = VECTOR('',#1792,1.);
#1792 = DIRECTION('',(0.442288690219,-0.896872741533,0.));
#1793 = PCURVE('',#126,#1794);
#1794 = DEFINITIONAL_REPRESENTATION('',(#1795),#1799);
#1795 = LINE('',#1796,#1797);
#1796 = CARTESIAN_POINT('',(-0.764359353945,-5.249999999691));
#1797 = VECTOR('',#1798,1.);
#1798 = DIRECTION('',(0.442288690219,-0.896872741533));
#1799 = ( GEOMETRIC_REPRESENTATION_CONTEXT(2) 
PARAMETRIC_REPRESENTATION_CONTEXT() REPRESENTATION_CONTEXT('2D SPACE',''
  ) );
#1800 = PCURVE('',#1801,#1806);
#1801 = PLANE('',#1802);
#1802 = AXIS2_PLACEMENT_3D('',#1803,#1804,#1805);
#1803 = CARTESIAN_POINT('',(-26.91435935394,-5.25,0.));
#1804 = DIRECTION('',(0.896872741533,0.442288690219,0.));
#1805 = DIRECTION('',(0.442288690219,-0.896872741533,0.));
#1806 = DEFINITIONAL_REPRESENTATION('',(#1807),#1811);
#1807 = LINE('',#1808,#1809);
#1808 = CARTESIAN_POINT('',(0.,-1.8));
#1809 = VECTOR('',#1810,1.);
#1810 = DIRECTION('',(1.,0.));
#1811 = ( GEOMETRIC_REPRESENTATION_CONTEXT(2) 
PARAMETRIC_REPRESENTATION_CONTEXT() REPRESENTATION_CONTEXT('2D SPACE',''
  ) );
#1812 = ORIENTED_EDGE('',*,*,#1813,.T.);
#1813 = EDGE_CURVE('',#1786,#1814,#1816,.T.);
#1814 = VERTEX_POINT('',#1815);
#1815 = CARTESIAN_POINT('',(-26.75451867793,-5.635889527836,1.8));
#1816 = SURFACE_CURVE('',#1817,(#1821,#1828),.PCURVE_S1.);
#1817 = LINE('',#1818,#1819);
#1818 = CARTESIAN_POINT('',(-26.82179274798,-5.437706508216,1.8));
#1819 = VECTOR('',#1820,1.);
#1820 = DIRECTION('',(0.321439465303,-0.946930129495,0.));
#1821 = PCURVE('',#126,#1822);
#1822 = DEFINITIONAL_REPRESENTATION('',(#1823),#1827);
#1823 = LINE('',#1824,#1825);
#1824 = CARTESIAN_POINT('',(-0.671792747982,-5.437706507907));
#1825 = VECTOR('',#1826,1.);
#1826 = DIRECTION('',(0.321439465303,-0.946930129495));
#1827 = ( GEOMETRIC_REPRESENTATION_CONTEXT(2) 
PARAMETRIC_REPRESENTATION_CONTEXT() REPRESENTATION_CONTEXT('2D SPACE',''
  ) );
#1828 = PCURVE('',#1829,#1834);
#1829 = PLANE('',#1830);
#1830 = AXIS2_PLACEMENT_3D('',#1831,#1832,#1833);
#1831 = CARTESIAN_POINT('',(-26.82179274798,-5.437706508216,0.));
#1832 = DIRECTION('',(0.946930129495,0.321439465303,0.));
#1833 = DIRECTION('',(0.321439465303,-0.946930129495,0.));
#1834 = DEFINITIONAL_REPRESENTATION('',(#1835),#1839);
#1835 = LINE('',#1836,#1837);
#1836 = CARTESIAN_POINT('',(0.,-1.8));
#1837 = VECTOR('',#1838,1.);
#1838 = DIRECTION('',(1.,0.));
#1839 = ( GEOMETRIC_REPRESENTATION_CONTEXT(2) 
PARAMETRIC_REPRESENTATION_CONTEXT() REPRESENTATION_CONTEXT('2D SPACE',''
  ) );
#1840 = ORIENTED_EDGE('',*,*,#1841,.T.);
#1841 = EDGE_CURVE('',#1814,#1842,#1844,.T.);
#1842 = VERTEX_POINT('',#1843);
#1843 = CARTESIAN_POINT('',(-26.7136882218,-5.841158092448,1.8));
#1844 = SURFACE_CURVE('',#1845,(#1849,#1856),.PCURVE_S1.);
#1845 = LINE('',#1846,#1847);
#1846 = CARTESIAN_POINT('',(-26.75451867793,-5.635889527836,1.8));
#1847 = VECTOR('',#1848,1.);
#1848 = DIRECTION('',(0.195090322016,-0.980785280403,0.));
#1849 = PCURVE('',#126,#1850);
#1850 = DEFINITIONAL_REPRESENTATION('',(#1851),#1855);
#1851 = LINE('',#1852,#1853);
#1852 = CARTESIAN_POINT('',(-0.604518677937,-5.635889527527));
#1853 = VECTOR('',#1854,1.);
#1854 = DIRECTION('',(0.195090322016,-0.980785280403));
#1855 = ( GEOMETRIC_REPRESENTATION_CONTEXT(2) 
PARAMETRIC_REPRESENTATION_CONTEXT() REPRESENTATION_CONTEXT('2D SPACE',''
  ) );
#1856 = PCURVE('',#1857,#1862);
#1857 = PLANE('',#1858);
#1858 = AXIS2_PLACEMENT_3D('',#1859,#1860,#1861);
#1859 = CARTESIAN_POINT('',(-26.75451867793,-5.635889527836,0.));
#1860 = DIRECTION('',(0.980785280403,0.195090322016,0.));
#1861 = DIRECTION('',(0.195090322016,-0.980785280403,0.));
#1862 = DEFINITIONAL_REPRESENTATION('',(#1863),#1867);
#1863 = LINE('',#1864,#1865);
#1864 = CARTESIAN_POINT('',(0.,-1.8));
#1865 = VECTOR('',#1866,1.);
#1866 = DIRECTION('',(1.,0.));
#1867 = ( GEOMETRIC_REPRESENTATION_CONTEXT(2) 
PARAMETRIC_REPRESENTATION_CONTEXT() REPRESENTATION_CONTEXT('2D SPACE',''
  ) );
#1868 = ORIENTED_EDGE('',*,*,#1869,.T.);
#1869 = EDGE_CURVE('',#1842,#1870,#1872,.T.);
#1870 = VERTEX_POINT('',#1871);
#1871 = CARTESIAN_POINT('',(-26.7,-6.05,1.8));
#1872 = SURFACE_CURVE('',#1873,(#1877,#1884),.PCURVE_S1.);
#1873 = LINE('',#1874,#1875);
#1874 = CARTESIAN_POINT('',(-26.7136882218,-5.841158092448,1.8));
#1875 = VECTOR('',#1876,1.);
#1876 = DIRECTION('',(6.540312923014E-02,-0.997858923239,0.));
#1877 = PCURVE('',#126,#1878);
#1878 = DEFINITIONAL_REPRESENTATION('',(#1879),#1883);
#1879 = LINE('',#1880,#1881);
#1880 = CARTESIAN_POINT('',(-0.563688221802,-5.841158092139));
#1881 = VECTOR('',#1882,1.);
#1882 = DIRECTION('',(6.540312923014E-02,-0.997858923239));
#1883 = ( GEOMETRIC_REPRESENTATION_CONTEXT(2) 
PARAMETRIC_REPRESENTATION_CONTEXT() REPRESENTATION_CONTEXT('2D SPACE',''
  ) );
#1884 = PCURVE('',#1885,#1890);
#1885 = PLANE('',#1886);
#1886 = AXIS2_PLACEMENT_3D('',#1887,#1888,#1889);
#1887 = CARTESIAN_POINT('',(-26.7136882218,-5.841158092448,0.));
#1888 = DIRECTION('',(0.997858923239,6.540312923014E-02,0.));
#1889 = DIRECTION('',(6.540312923014E-02,-0.997858923239,0.));
#1890 = DEFINITIONAL_REPRESENTATION('',(#1891),#1895);
#1891 = LINE('',#1892,#1893);
#1892 = CARTESIAN_POINT('',(0.,-1.8));
#1893 = VECTOR('',#1894,1.);
#1894 = DIRECTION('',(1.,0.));
#1895 = ( GEOMETRIC_REPRESENTATION_CONTEXT(2) 
PARAMETRIC_REPRESENTATION_CONTEXT() REPRESENTATION_CONTEXT('2D SPACE',''
  ) );
#1896 = ORIENTED_EDGE('',*,*,#1897,.T.);
#1897 = EDGE_CURVE('',#1870,#580,#1898,.T.);
#1898 = SURFACE_CURVE('',#1899,(#1903,#1910),.PCURVE_S1.);
#1899 = LINE('',#1900,#1901);
#1900 = CARTESIAN_POINT('',(-26.7,-6.05,1.8));
#1901 = VECTOR('',#1902,1.);
#1902 = DIRECTION('',(-6.540312923014E-02,-0.997858923239,0.));
#1903 = PCURVE('',#126,#1904);
#1904 = DEFINITIONAL_REPRESENTATION('',(#1905),#1909);
#1905 = LINE('',#1906,#1907);
#1906 = CARTESIAN_POINT('',(-0.55,-6.049999999691));
#1907 = VECTOR('',#1908,1.);
#1908 = DIRECTION('',(-6.540312923014E-02,-0.997858923239));
#1909 = ( GEOMETRIC_REPRESENTATION_CONTEXT(2) 
PARAMETRIC_REPRESENTATION_CONTEXT() REPRESENTATION_CONTEXT('2D SPACE',''
  ) );
#1910 = PCURVE('',#1911,#1916);
#1911 = PLANE('',#1912);
#1912 = AXIS2_PLACEMENT_3D('',#1913,#1914,#1915);
#1913 = CARTESIAN_POINT('',(-26.7,-6.05,0.));
#1914 = DIRECTION('',(0.997858923239,-6.540312923014E-02,0.));
#1915 = DIRECTION('',(-6.540312923014E-02,-0.997858923239,0.));
#1916 = DEFINITIONAL_REPRESENTATION('',(#1917),#1921);
#1917 = LINE('',#1918,#1919);
#1918 = CARTESIAN_POINT('',(0.,-1.8));
#1919 = VECTOR('',#1920,1.);
#1920 = DIRECTION('',(1.,0.));
#1921 = ( GEOMETRIC_REPRESENTATION_CONTEXT(2) 
PARAMETRIC_REPRESENTATION_CONTEXT() REPRESENTATION_CONTEXT('2D SPACE',''
  ) );
#1922 = FACE_BOUND('',#1923,.F.);
#1923 = EDGE_LOOP('',(#1924,#1954,#1982,#2010,#2038,#2066,#2094,#2122,
    #2150,#2178,#2206,#2234,#2262,#2290,#2318,#2346,#2374,#2402,#2430,
    #2458,#2486,#2514,#2542,#2570,#2598,#2626,#2654,#2682,#2710,#2738,
    #2766,#2794,#2822,#2850,#2878,#2906,#2934,#2962,#2990,#3018,#3046,
    #3074,#3102,#3130,#3158,#3186,#3214,#3242));
#1924 = ORIENTED_EDGE('',*,*,#1925,.T.);
#1925 = EDGE_CURVE('',#1926,#1928,#1930,.T.);
#1926 = VERTEX_POINT('',#1927);
#1927 = CARTESIAN_POINT('',(-25.9636882218,-1.508841907552,1.8));
#1928 = VERTEX_POINT('',#1929);
#1929 = CARTESIAN_POINT('',(-26.00451867793,-1.714110472164,1.8));
#1930 = SURFACE_CURVE('',#1931,(#1935,#1942),.PCURVE_S1.);
#1931 = LINE('',#1932,#1933);
#1932 = CARTESIAN_POINT('',(-25.9636882218,-1.508841907552,1.8));
#1933 = VECTOR('',#1934,1.);
#1934 = DIRECTION('',(-0.195090322016,-0.980785280403,0.));
#1935 = PCURVE('',#126,#1936);
#1936 = DEFINITIONAL_REPRESENTATION('',(#1937),#1941);
#1937 = LINE('',#1938,#1939);
#1938 = CARTESIAN_POINT('',(0.186311778198,-1.508841907243));
#1939 = VECTOR('',#1940,1.);
#1940 = DIRECTION('',(-0.195090322016,-0.980785280403));
#1941 = ( GEOMETRIC_REPRESENTATION_CONTEXT(2) 
PARAMETRIC_REPRESENTATION_CONTEXT() REPRESENTATION_CONTEXT('2D SPACE',''
  ) );
#1942 = PCURVE('',#1943,#1948);
#1943 = PLANE('',#1944);
#1944 = AXIS2_PLACEMENT_3D('',#1945,#1946,#1947);
#1945 = CARTESIAN_POINT('',(-25.9636882218,-1.508841907552,0.));
#1946 = DIRECTION('',(0.980785280403,-0.195090322016,0.));
#1947 = DIRECTION('',(-0.195090322016,-0.980785280403,0.));
#1948 = DEFINITIONAL_REPRESENTATION('',(#1949),#1953);
#1949 = LINE('',#1950,#1951);
#1950 = CARTESIAN_POINT('',(0.,-1.8));
#1951 = VECTOR('',#1952,1.);
#1952 = DIRECTION('',(1.,0.));
#1953 = ( GEOMETRIC_REPRESENTATION_CONTEXT(2) 
PARAMETRIC_REPRESENTATION_CONTEXT() REPRESENTATION_CONTEXT('2D SPACE',''
  ) );
#1954 = ORIENTED_EDGE('',*,*,#1955,.T.);
#1955 = EDGE_CURVE('',#1928,#1956,#1958,.T.);
#1956 = VERTEX_POINT('',#1957);
#1957 = CARTESIAN_POINT('',(-26.07179274798,-1.912293491784,1.8));
#1958 = SURFACE_CURVE('',#1959,(#1963,#1970),.PCURVE_S1.);
#1959 = LINE('',#1960,#1961);
#1960 = CARTESIAN_POINT('',(-26.00451867793,-1.714110472164,1.8));
#1961 = VECTOR('',#1962,1.);
#1962 = DIRECTION('',(-0.321439465303,-0.946930129495,0.));
#1963 = PCURVE('',#126,#1964);
#1964 = DEFINITIONAL_REPRESENTATION('',(#1965),#1969);
#1965 = LINE('',#1966,#1967);
#1966 = CARTESIAN_POINT('',(0.145481322063,-1.714110471855));
#1967 = VECTOR('',#1968,1.);
#1968 = DIRECTION('',(-0.321439465303,-0.946930129495));
#1969 = ( GEOMETRIC_REPRESENTATION_CONTEXT(2) 
PARAMETRIC_REPRESENTATION_CONTEXT() REPRESENTATION_CONTEXT('2D SPACE',''
  ) );
#1970 = PCURVE('',#1971,#1976);
#1971 = PLANE('',#1972);
#1972 = AXIS2_PLACEMENT_3D('',#1973,#1974,#1975);
#1973 = CARTESIAN_POINT('',(-26.00451867793,-1.714110472164,0.));
#1974 = DIRECTION('',(0.946930129495,-0.321439465303,0.));
#1975 = DIRECTION('',(-0.321439465303,-0.946930129495,0.));
#1976 = DEFINITIONAL_REPRESENTATION('',(#1977),#1981);
#1977 = LINE('',#1978,#1979);
#1978 = CARTESIAN_POINT('',(0.,-1.8));
#1979 = VECTOR('',#1980,1.);
#1980 = DIRECTION('',(1.,0.));
#1981 = ( GEOMETRIC_REPRESENTATION_CONTEXT(2) 
PARAMETRIC_REPRESENTATION_CONTEXT() REPRESENTATION_CONTEXT('2D SPACE',''
  ) );
#1982 = ORIENTED_EDGE('',*,*,#1983,.T.);
#1983 = EDGE_CURVE('',#1956,#1984,#1986,.T.);
#1984 = VERTEX_POINT('',#1985);
#1985 = CARTESIAN_POINT('',(-26.16435935394,-2.1,1.8));
#1986 = SURFACE_CURVE('',#1987,(#1991,#1998),.PCURVE_S1.);
#1987 = LINE('',#1988,#1989);
#1988 = CARTESIAN_POINT('',(-26.07179274798,-1.912293491784,1.8));
#1989 = VECTOR('',#1990,1.);
#1990 = DIRECTION('',(-0.442288690219,-0.896872741533,0.));
#1991 = PCURVE('',#126,#1992);
#1992 = DEFINITIONAL_REPRESENTATION('',(#1993),#1997);
#1993 = LINE('',#1994,#1995);
#1994 = CARTESIAN_POINT('',(7.820725201806E-02,-1.912293491475));
#1995 = VECTOR('',#1996,1.);
#1996 = DIRECTION('',(-0.442288690219,-0.896872741533));
#1997 = ( GEOMETRIC_REPRESENTATION_CONTEXT(2) 
PARAMETRIC_REPRESENTATION_CONTEXT() REPRESENTATION_CONTEXT('2D SPACE',''
  ) );
#1998 = PCURVE('',#1999,#2004);
#1999 = PLANE('',#2000);
#2000 = AXIS2_PLACEMENT_3D('',#2001,#2002,#2003);
#2001 = CARTESIAN_POINT('',(-26.07179274798,-1.912293491784,0.));
#2002 = DIRECTION('',(0.896872741533,-0.442288690219,0.));
#2003 = DIRECTION('',(-0.442288690219,-0.896872741533,0.));
#2004 = DEFINITIONAL_REPRESENTATION('',(#2005),#2009);
#2005 = LINE('',#2006,#2007);
#2006 = CARTESIAN_POINT('',(0.,-1.8));
#2007 = VECTOR('',#2008,1.);
#2008 = DIRECTION('',(1.,0.));
#2009 = ( GEOMETRIC_REPRESENTATION_CONTEXT(2) 
PARAMETRIC_REPRESENTATION_CONTEXT() REPRESENTATION_CONTEXT('2D SPACE',''
  ) );
#2010 = ORIENTED_EDGE('',*,*,#2011,.T.);
#2011 = EDGE_CURVE('',#1984,#2012,#2014,.T.);
#2012 = VERTEX_POINT('',#2013);
#2013 = CARTESIAN_POINT('',(-26.28063465553,-2.274018286414,1.8));
#2014 = SURFACE_CURVE('',#2015,(#2019,#2026),.PCURVE_S1.);
#2015 = LINE('',#2016,#2017);
#2016 = CARTESIAN_POINT('',(-26.16435935394,-2.1,1.8));
#2017 = VECTOR('',#2018,1.);
#2018 = DIRECTION('',(-0.55557023302,-0.831469612303,0.));
#2019 = PCURVE('',#126,#2020);
#2020 = DEFINITIONAL_REPRESENTATION('',(#2021),#2025);
#2021 = LINE('',#2022,#2023);
#2022 = CARTESIAN_POINT('',(-1.435935394489E-02,-2.099999999691));
#2023 = VECTOR('',#2024,1.);
#2024 = DIRECTION('',(-0.55557023302,-0.831469612303));
#2025 = ( GEOMETRIC_REPRESENTATION_CONTEXT(2) 
PARAMETRIC_REPRESENTATION_CONTEXT() REPRESENTATION_CONTEXT('2D SPACE',''
  ) );
#2026 = PCURVE('',#2027,#2032);
#2027 = PLANE('',#2028);
#2028 = AXIS2_PLACEMENT_3D('',#2029,#2030,#2031);
#2029 = CARTESIAN_POINT('',(-26.16435935394,-2.1,0.));
#2030 = DIRECTION('',(0.831469612303,-0.55557023302,0.));
#2031 = DIRECTION('',(-0.55557023302,-0.831469612303,0.));
#2032 = DEFINITIONAL_REPRESENTATION('',(#2033),#2037);
#2033 = LINE('',#2034,#2035);
#2034 = CARTESIAN_POINT('',(0.,-1.8));
#2035 = VECTOR('',#2036,1.);
#2036 = DIRECTION('',(1.,0.));
#2037 = ( GEOMETRIC_REPRESENTATION_CONTEXT(2) 
PARAMETRIC_REPRESENTATION_CONTEXT() REPRESENTATION_CONTEXT('2D SPACE',''
  ) );
#2038 = ORIENTED_EDGE('',*,*,#2039,.T.);
#2039 = EDGE_CURVE('',#2012,#2040,#2042,.T.);
#2040 = VERTEX_POINT('',#2041);
#2041 = CARTESIAN_POINT('',(-26.4186291501,-2.431370849898,1.8));
#2042 = SURFACE_CURVE('',#2043,(#2047,#2054),.PCURVE_S1.);
#2043 = LINE('',#2044,#2045);
#2044 = CARTESIAN_POINT('',(-26.28063465553,-2.274018286414,1.8));
#2045 = VECTOR('',#2046,1.);
#2046 = DIRECTION('',(-0.6593458151,-0.751839807479,0.));
#2047 = PCURVE('',#126,#2048);
#2048 = DEFINITIONAL_REPRESENTATION('',(#2049),#2053);
#2049 = LINE('',#2050,#2051);
#2050 = CARTESIAN_POINT('',(-0.130634655534,-2.274018286105));
#2051 = VECTOR('',#2052,1.);
#2052 = DIRECTION('',(-0.6593458151,-0.751839807479));
#2053 = ( GEOMETRIC_REPRESENTATION_CONTEXT(2) 
PARAMETRIC_REPRESENTATION_CONTEXT() REPRESENTATION_CONTEXT('2D SPACE',''
  ) );
#2054 = PCURVE('',#2055,#2060);
#2055 = PLANE('',#2056);
#2056 = AXIS2_PLACEMENT_3D('',#2057,#2058,#2059);
#2057 = CARTESIAN_POINT('',(-26.28063465553,-2.274018286414,0.));
#2058 = DIRECTION('',(0.751839807479,-0.6593458151,0.));
#2059 = DIRECTION('',(-0.6593458151,-0.751839807479,0.));
#2060 = DEFINITIONAL_REPRESENTATION('',(#2061),#2065);
#2061 = LINE('',#2062,#2063);
#2062 = CARTESIAN_POINT('',(0.,-1.8));
#2063 = VECTOR('',#2064,1.);
#2064 = DIRECTION('',(1.,0.));
#2065 = ( GEOMETRIC_REPRESENTATION_CONTEXT(2) 
PARAMETRIC_REPRESENTATION_CONTEXT() REPRESENTATION_CONTEXT('2D SPACE',''
  ) );
#2066 = ORIENTED_EDGE('',*,*,#2067,.T.);
#2067 = EDGE_CURVE('',#2040,#2068,#2070,.T.);
#2068 = VERTEX_POINT('',#2069);
#2069 = CARTESIAN_POINT('',(-26.57598171358,-2.569365344466,1.8));
#2070 = SURFACE_CURVE('',#2071,(#2075,#2082),.PCURVE_S1.);
#2071 = LINE('',#2072,#2073);
#2072 = CARTESIAN_POINT('',(-26.4186291501,-2.431370849898,1.8));
#2073 = VECTOR('',#2074,1.);
#2074 = DIRECTION('',(-0.751839807479,-0.6593458151,0.));
#2075 = PCURVE('',#126,#2076);
#2076 = DEFINITIONAL_REPRESENTATION('',(#2077),#2081);
#2077 = LINE('',#2078,#2079);
#2078 = CARTESIAN_POINT('',(-0.268629150102,-2.43137084959));
#2079 = VECTOR('',#2080,1.);
#2080 = DIRECTION('',(-0.751839807479,-0.6593458151));
#2081 = ( GEOMETRIC_REPRESENTATION_CONTEXT(2) 
PARAMETRIC_REPRESENTATION_CONTEXT() REPRESENTATION_CONTEXT('2D SPACE',''
  ) );
#2082 = PCURVE('',#2083,#2088);
#2083 = PLANE('',#2084);
#2084 = AXIS2_PLACEMENT_3D('',#2085,#2086,#2087);
#2085 = CARTESIAN_POINT('',(-26.4186291501,-2.431370849898,0.));
#2086 = DIRECTION('',(0.6593458151,-0.751839807479,0.));
#2087 = DIRECTION('',(-0.751839807479,-0.6593458151,0.));
#2088 = DEFINITIONAL_REPRESENTATION('',(#2089),#2093);
#2089 = LINE('',#2090,#2091);
#2090 = CARTESIAN_POINT('',(0.,-1.8));
#2091 = VECTOR('',#2092,1.);
#2092 = DIRECTION('',(1.,0.));
#2093 = ( GEOMETRIC_REPRESENTATION_CONTEXT(2) 
PARAMETRIC_REPRESENTATION_CONTEXT() REPRESENTATION_CONTEXT('2D SPACE',''
  ) );
#2094 = ORIENTED_EDGE('',*,*,#2095,.T.);
#2095 = EDGE_CURVE('',#2068,#2096,#2098,.T.);
#2096 = VERTEX_POINT('',#2097);
#2097 = CARTESIAN_POINT('',(-26.75,-2.685640646055,1.8));
#2098 = SURFACE_CURVE('',#2099,(#2103,#2110),.PCURVE_S1.);
#2099 = LINE('',#2100,#2101);
#2100 = CARTESIAN_POINT('',(-26.57598171358,-2.569365344466,1.8));
#2101 = VECTOR('',#2102,1.);
#2102 = DIRECTION('',(-0.831469612303,-0.55557023302,0.));
#2103 = PCURVE('',#126,#2104);
#2104 = DEFINITIONAL_REPRESENTATION('',(#2105),#2109);
#2105 = LINE('',#2106,#2107);
#2106 = CARTESIAN_POINT('',(-0.425981713586,-2.569365344157));
#2107 = VECTOR('',#2108,1.);
#2108 = DIRECTION('',(-0.831469612303,-0.55557023302));
#2109 = ( GEOMETRIC_REPRESENTATION_CONTEXT(2) 
PARAMETRIC_REPRESENTATION_CONTEXT() REPRESENTATION_CONTEXT('2D SPACE',''
  ) );
#2110 = PCURVE('',#2111,#2116);
#2111 = PLANE('',#2112);
#2112 = AXIS2_PLACEMENT_3D('',#2113,#2114,#2115);
#2113 = CARTESIAN_POINT('',(-26.57598171358,-2.569365344466,0.));
#2114 = DIRECTION('',(0.55557023302,-0.831469612303,0.));
#2115 = DIRECTION('',(-0.831469612303,-0.55557023302,0.));
#2116 = DEFINITIONAL_REPRESENTATION('',(#2117),#2121);
#2117 = LINE('',#2118,#2119);
#2118 = CARTESIAN_POINT('',(0.,-1.8));
#2119 = VECTOR('',#2120,1.);
#2120 = DIRECTION('',(1.,0.));
#2121 = ( GEOMETRIC_REPRESENTATION_CONTEXT(2) 
PARAMETRIC_REPRESENTATION_CONTEXT() REPRESENTATION_CONTEXT('2D SPACE',''
  ) );
#2122 = ORIENTED_EDGE('',*,*,#2123,.T.);
#2123 = EDGE_CURVE('',#2096,#2124,#2126,.T.);
#2124 = VERTEX_POINT('',#2125);
#2125 = CARTESIAN_POINT('',(-26.93770650821,-2.778207252018,1.8));
#2126 = SURFACE_CURVE('',#2127,(#2131,#2138),.PCURVE_S1.);
#2127 = LINE('',#2128,#2129);
#2128 = CARTESIAN_POINT('',(-26.75,-2.685640646055,1.8));
#2129 = VECTOR('',#2130,1.);
#2130 = DIRECTION('',(-0.896872741533,-0.442288690219,0.));
#2131 = PCURVE('',#126,#2132);
#2132 = DEFINITIONAL_REPRESENTATION('',(#2133),#2137);
#2133 = LINE('',#2134,#2135);
#2134 = CARTESIAN_POINT('',(-0.6,-2.685640645746));
#2135 = VECTOR('',#2136,1.);
#2136 = DIRECTION('',(-0.896872741533,-0.442288690219));
#2137 = ( GEOMETRIC_REPRESENTATION_CONTEXT(2) 
PARAMETRIC_REPRESENTATION_CONTEXT() REPRESENTATION_CONTEXT('2D SPACE',''
  ) );
#2138 = PCURVE('',#2139,#2144);
#2139 = PLANE('',#2140);
#2140 = AXIS2_PLACEMENT_3D('',#2141,#2142,#2143);
#2141 = CARTESIAN_POINT('',(-26.75,-2.685640646055,0.));
#2142 = DIRECTION('',(0.442288690219,-0.896872741533,0.));
#2143 = DIRECTION('',(-0.896872741533,-0.442288690219,0.));
#2144 = DEFINITIONAL_REPRESENTATION('',(#2145),#2149);
#2145 = LINE('',#2146,#2147);
#2146 = CARTESIAN_POINT('',(0.,-1.8));
#2147 = VECTOR('',#2148,1.);
#2148 = DIRECTION('',(1.,0.));
#2149 = ( GEOMETRIC_REPRESENTATION_CONTEXT(2) 
PARAMETRIC_REPRESENTATION_CONTEXT() REPRESENTATION_CONTEXT('2D SPACE',''
  ) );
#2150 = ORIENTED_EDGE('',*,*,#2151,.T.);
#2151 = EDGE_CURVE('',#2124,#2152,#2154,.T.);
#2152 = VERTEX_POINT('',#2153);
#2153 = CARTESIAN_POINT('',(-27.13588952783,-2.845481322063,1.8));
#2154 = SURFACE_CURVE('',#2155,(#2159,#2166),.PCURVE_S1.);
#2155 = LINE('',#2156,#2157);
#2156 = CARTESIAN_POINT('',(-26.93770650821,-2.778207252018,1.8));
#2157 = VECTOR('',#2158,1.);
#2158 = DIRECTION('',(-0.946930129495,-0.321439465303,0.));
#2159 = PCURVE('',#126,#2160);
#2160 = DEFINITIONAL_REPRESENTATION('',(#2161),#2165);
#2161 = LINE('',#2162,#2163);
#2162 = CARTESIAN_POINT('',(-0.787706508216,-2.778207251709));
#2163 = VECTOR('',#2164,1.);
#2164 = DIRECTION('',(-0.946930129495,-0.321439465303));
#2165 = ( GEOMETRIC_REPRESENTATION_CONTEXT(2) 
PARAMETRIC_REPRESENTATION_CONTEXT() REPRESENTATION_CONTEXT('2D SPACE',''
  ) );
#2166 = PCURVE('',#2167,#2172);
#2167 = PLANE('',#2168);
#2168 = AXIS2_PLACEMENT_3D('',#2169,#2170,#2171);
#2169 = CARTESIAN_POINT('',(-26.93770650821,-2.778207252018,0.));
#2170 = DIRECTION('',(0.321439465303,-0.946930129495,0.));
#2171 = DIRECTION('',(-0.946930129495,-0.321439465303,0.));
#2172 = DEFINITIONAL_REPRESENTATION('',(#2173),#2177);
#2173 = LINE('',#2174,#2175);
#2174 = CARTESIAN_POINT('',(0.,-1.8));
#2175 = VECTOR('',#2176,1.);
#2176 = DIRECTION('',(1.,0.));
#2177 = ( GEOMETRIC_REPRESENTATION_CONTEXT(2) 
PARAMETRIC_REPRESENTATION_CONTEXT() REPRESENTATION_CONTEXT('2D SPACE',''
  ) );
#2178 = ORIENTED_EDGE('',*,*,#2179,.T.);
#2179 = EDGE_CURVE('',#2152,#2180,#2182,.T.);
#2180 = VERTEX_POINT('',#2181);
#2181 = CARTESIAN_POINT('',(-27.34115809244,-2.886311778198,1.8));
#2182 = SURFACE_CURVE('',#2183,(#2187,#2194),.PCURVE_S1.);
#2183 = LINE('',#2184,#2185);
#2184 = CARTESIAN_POINT('',(-27.13588952783,-2.845481322063,1.8));
#2185 = VECTOR('',#2186,1.);
#2186 = DIRECTION('',(-0.980785280403,-0.195090322016,0.));
#2187 = PCURVE('',#126,#2188);
#2188 = DEFINITIONAL_REPRESENTATION('',(#2189),#2193);
#2189 = LINE('',#2190,#2191);
#2190 = CARTESIAN_POINT('',(-0.985889527836,-2.845481321754));
#2191 = VECTOR('',#2192,1.);
#2192 = DIRECTION('',(-0.980785280403,-0.195090322016));
#2193 = ( GEOMETRIC_REPRESENTATION_CONTEXT(2) 
PARAMETRIC_REPRESENTATION_CONTEXT() REPRESENTATION_CONTEXT('2D SPACE',''
  ) );
#2194 = PCURVE('',#2195,#2200);
#2195 = PLANE('',#2196);
#2196 = AXIS2_PLACEMENT_3D('',#2197,#2198,#2199);
#2197 = CARTESIAN_POINT('',(-27.13588952783,-2.845481322063,0.));
#2198 = DIRECTION('',(0.195090322016,-0.980785280403,0.));
#2199 = DIRECTION('',(-0.980785280403,-0.195090322016,0.));
#2200 = DEFINITIONAL_REPRESENTATION('',(#2201),#2205);
#2201 = LINE('',#2202,#2203);
#2202 = CARTESIAN_POINT('',(0.,-1.8));
#2203 = VECTOR('',#2204,1.);
#2204 = DIRECTION('',(1.,0.));
#2205 = ( GEOMETRIC_REPRESENTATION_CONTEXT(2) 
PARAMETRIC_REPRESENTATION_CONTEXT() REPRESENTATION_CONTEXT('2D SPACE',''
  ) );
#2206 = ORIENTED_EDGE('',*,*,#2207,.T.);
#2207 = EDGE_CURVE('',#2180,#2208,#2210,.T.);
#2208 = VERTEX_POINT('',#2209);
#2209 = CARTESIAN_POINT('',(-27.55,-2.9,1.8));
#2210 = SURFACE_CURVE('',#2211,(#2215,#2222),.PCURVE_S1.);
#2211 = LINE('',#2212,#2213);
#2212 = CARTESIAN_POINT('',(-27.34115809244,-2.886311778198,1.8));
#2213 = VECTOR('',#2214,1.);
#2214 = DIRECTION('',(-0.997858923239,-6.540312923015E-02,0.));
#2215 = PCURVE('',#126,#2216);
#2216 = DEFINITIONAL_REPRESENTATION('',(#2217),#2221);
#2217 = LINE('',#2218,#2219);
#2218 = CARTESIAN_POINT('',(-1.191158092448,-2.886311777889));
#2219 = VECTOR('',#2220,1.);
#2220 = DIRECTION('',(-0.997858923239,-6.540312923015E-02));
#2221 = ( GEOMETRIC_REPRESENTATION_CONTEXT(2) 
PARAMETRIC_REPRESENTATION_CONTEXT() REPRESENTATION_CONTEXT('2D SPACE',''
  ) );
#2222 = PCURVE('',#2223,#2228);
#2223 = PLANE('',#2224);
#2224 = AXIS2_PLACEMENT_3D('',#2225,#2226,#2227);
#2225 = CARTESIAN_POINT('',(-27.34115809244,-2.886311778198,0.));
#2226 = DIRECTION('',(6.540312923015E-02,-0.997858923239,0.));
#2227 = DIRECTION('',(-0.997858923239,-6.540312923015E-02,0.));
#2228 = DEFINITIONAL_REPRESENTATION('',(#2229),#2233);
#2229 = LINE('',#2230,#2231);
#2230 = CARTESIAN_POINT('',(0.,-1.8));
#2231 = VECTOR('',#2232,1.);
#2232 = DIRECTION('',(1.,0.));
#2233 = ( GEOMETRIC_REPRESENTATION_CONTEXT(2) 
PARAMETRIC_REPRESENTATION_CONTEXT() REPRESENTATION_CONTEXT('2D SPACE',''
  ) );
#2234 = ORIENTED_EDGE('',*,*,#2235,.T.);
#2235 = EDGE_CURVE('',#2208,#2236,#2238,.T.);
#2236 = VERTEX_POINT('',#2237);
#2237 = CARTESIAN_POINT('',(-27.75884190755,-2.886311778198,1.8));
#2238 = SURFACE_CURVE('',#2239,(#2243,#2250),.PCURVE_S1.);
#2239 = LINE('',#2240,#2241);
#2240 = CARTESIAN_POINT('',(-27.55,-2.9,1.8));
#2241 = VECTOR('',#2242,1.);
#2242 = DIRECTION('',(-0.997858923239,6.540312923014E-02,0.));
#2243 = PCURVE('',#126,#2244);
#2244 = DEFINITIONAL_REPRESENTATION('',(#2245),#2249);
#2245 = LINE('',#2246,#2247);
#2246 = CARTESIAN_POINT('',(-1.4,-2.899999999691));
#2247 = VECTOR('',#2248,1.);
#2248 = DIRECTION('',(-0.997858923239,6.540312923014E-02));
#2249 = ( GEOMETRIC_REPRESENTATION_CONTEXT(2) 
PARAMETRIC_REPRESENTATION_CONTEXT() REPRESENTATION_CONTEXT('2D SPACE',''
  ) );
#2250 = PCURVE('',#2251,#2256);
#2251 = PLANE('',#2252);
#2252 = AXIS2_PLACEMENT_3D('',#2253,#2254,#2255);
#2253 = CARTESIAN_POINT('',(-27.55,-2.9,0.));
#2254 = DIRECTION('',(-6.540312923014E-02,-0.997858923239,-0.));
#2255 = DIRECTION('',(-0.997858923239,6.540312923014E-02,0.));
#2256 = DEFINITIONAL_REPRESENTATION('',(#2257),#2261);
#2257 = LINE('',#2258,#2259);
#2258 = CARTESIAN_POINT('',(0.,-1.8));
#2259 = VECTOR('',#2260,1.);
#2260 = DIRECTION('',(1.,0.));
#2261 = ( GEOMETRIC_REPRESENTATION_CONTEXT(2) 
PARAMETRIC_REPRESENTATION_CONTEXT() REPRESENTATION_CONTEXT('2D SPACE',''
  ) );
#2262 = ORIENTED_EDGE('',*,*,#2263,.T.);
#2263 = EDGE_CURVE('',#2236,#2264,#2266,.T.);
#2264 = VERTEX_POINT('',#2265);
#2265 = CARTESIAN_POINT('',(-27.96411047216,-2.845481322063,1.8));
#2266 = SURFACE_CURVE('',#2267,(#2271,#2278),.PCURVE_S1.);
#2267 = LINE('',#2268,#2269);
#2268 = CARTESIAN_POINT('',(-27.75884190755,-2.886311778198,1.8));
#2269 = VECTOR('',#2270,1.);
#2270 = DIRECTION('',(-0.980785280403,0.195090322016,0.));
#2271 = PCURVE('',#126,#2272);
#2272 = DEFINITIONAL_REPRESENTATION('',(#2273),#2277);
#2273 = LINE('',#2274,#2275);
#2274 = CARTESIAN_POINT('',(-1.608841907552,-2.886311777889));
#2275 = VECTOR('',#2276,1.);
#2276 = DIRECTION('',(-0.980785280403,0.195090322016));
#2277 = ( GEOMETRIC_REPRESENTATION_CONTEXT(2) 
PARAMETRIC_REPRESENTATION_CONTEXT() REPRESENTATION_CONTEXT('2D SPACE',''
  ) );
#2278 = PCURVE('',#2279,#2284);
#2279 = PLANE('',#2280);
#2280 = AXIS2_PLACEMENT_3D('',#2281,#2282,#2283);
#2281 = CARTESIAN_POINT('',(-27.75884190755,-2.886311778198,0.));
#2282 = DIRECTION('',(-0.195090322016,-0.980785280403,-0.));
#2283 = DIRECTION('',(-0.980785280403,0.195090322016,0.));
#2284 = DEFINITIONAL_REPRESENTATION('',(#2285),#2289);
#2285 = LINE('',#2286,#2287);
#2286 = CARTESIAN_POINT('',(0.,-1.8));
#2287 = VECTOR('',#2288,1.);
#2288 = DIRECTION('',(1.,0.));
#2289 = ( GEOMETRIC_REPRESENTATION_CONTEXT(2) 
PARAMETRIC_REPRESENTATION_CONTEXT() REPRESENTATION_CONTEXT('2D SPACE',''
  ) );
#2290 = ORIENTED_EDGE('',*,*,#2291,.T.);
#2291 = EDGE_CURVE('',#2264,#2292,#2294,.T.);
#2292 = VERTEX_POINT('',#2293);
#2293 = CARTESIAN_POINT('',(-28.16229349178,-2.778207252018,1.8));
#2294 = SURFACE_CURVE('',#2295,(#2299,#2306),.PCURVE_S1.);
#2295 = LINE('',#2296,#2297);
#2296 = CARTESIAN_POINT('',(-27.96411047216,-2.845481322063,1.8));
#2297 = VECTOR('',#2298,1.);
#2298 = DIRECTION('',(-0.946930129495,0.321439465303,0.));
#2299 = PCURVE('',#126,#2300);
#2300 = DEFINITIONAL_REPRESENTATION('',(#2301),#2305);
#2301 = LINE('',#2302,#2303);
#2302 = CARTESIAN_POINT('',(-1.814110472164,-2.845481321754));
#2303 = VECTOR('',#2304,1.);
#2304 = DIRECTION('',(-0.946930129495,0.321439465303));
#2305 = ( GEOMETRIC_REPRESENTATION_CONTEXT(2) 
PARAMETRIC_REPRESENTATION_CONTEXT() REPRESENTATION_CONTEXT('2D SPACE',''
  ) );
#2306 = PCURVE('',#2307,#2312);
#2307 = PLANE('',#2308);
#2308 = AXIS2_PLACEMENT_3D('',#2309,#2310,#2311);
#2309 = CARTESIAN_POINT('',(-27.96411047216,-2.845481322063,0.));
#2310 = DIRECTION('',(-0.321439465303,-0.946930129495,-0.));
#2311 = DIRECTION('',(-0.946930129495,0.321439465303,0.));
#2312 = DEFINITIONAL_REPRESENTATION('',(#2313),#2317);
#2313 = LINE('',#2314,#2315);
#2314 = CARTESIAN_POINT('',(0.,-1.8));
#2315 = VECTOR('',#2316,1.);
#2316 = DIRECTION('',(1.,0.));
#2317 = ( GEOMETRIC_REPRESENTATION_CONTEXT(2) 
PARAMETRIC_REPRESENTATION_CONTEXT() REPRESENTATION_CONTEXT('2D SPACE',''
  ) );
#2318 = ORIENTED_EDGE('',*,*,#2319,.T.);
#2319 = EDGE_CURVE('',#2292,#2320,#2322,.T.);
#2320 = VERTEX_POINT('',#2321);
#2321 = CARTESIAN_POINT('',(-28.35,-2.685640646055,1.8));
#2322 = SURFACE_CURVE('',#2323,(#2327,#2334),.PCURVE_S1.);
#2323 = LINE('',#2324,#2325);
#2324 = CARTESIAN_POINT('',(-28.16229349178,-2.778207252018,1.8));
#2325 = VECTOR('',#2326,1.);
#2326 = DIRECTION('',(-0.896872741533,0.442288690219,0.));
#2327 = PCURVE('',#126,#2328);
#2328 = DEFINITIONAL_REPRESENTATION('',(#2329),#2333);
#2329 = LINE('',#2330,#2331);
#2330 = CARTESIAN_POINT('',(-2.012293491784,-2.778207251709));
#2331 = VECTOR('',#2332,1.);
#2332 = DIRECTION('',(-0.896872741533,0.442288690219));
#2333 = ( GEOMETRIC_REPRESENTATION_CONTEXT(2) 
PARAMETRIC_REPRESENTATION_CONTEXT() REPRESENTATION_CONTEXT('2D SPACE',''
  ) );
#2334 = PCURVE('',#2335,#2340);
#2335 = PLANE('',#2336);
#2336 = AXIS2_PLACEMENT_3D('',#2337,#2338,#2339);
#2337 = CARTESIAN_POINT('',(-28.16229349178,-2.778207252018,0.));
#2338 = DIRECTION('',(-0.442288690219,-0.896872741533,-0.));
#2339 = DIRECTION('',(-0.896872741533,0.442288690219,0.));
#2340 = DEFINITIONAL_REPRESENTATION('',(#2341),#2345);
#2341 = LINE('',#2342,#2343);
#2342 = CARTESIAN_POINT('',(0.,-1.8));
#2343 = VECTOR('',#2344,1.);
#2344 = DIRECTION('',(1.,0.));
#2345 = ( GEOMETRIC_REPRESENTATION_CONTEXT(2) 
PARAMETRIC_REPRESENTATION_CONTEXT() REPRESENTATION_CONTEXT('2D SPACE',''
  ) );
#2346 = ORIENTED_EDGE('',*,*,#2347,.T.);
#2347 = EDGE_CURVE('',#2320,#2348,#2350,.T.);
#2348 = VERTEX_POINT('',#2349);
#2349 = CARTESIAN_POINT('',(-28.52401828641,-2.569365344466,1.8));
#2350 = SURFACE_CURVE('',#2351,(#2355,#2362),.PCURVE_S1.);
#2351 = LINE('',#2352,#2353);
#2352 = CARTESIAN_POINT('',(-28.35,-2.685640646055,1.8));
#2353 = VECTOR('',#2354,1.);
#2354 = DIRECTION('',(-0.831469612303,0.55557023302,0.));
#2355 = PCURVE('',#126,#2356);
#2356 = DEFINITIONAL_REPRESENTATION('',(#2357),#2361);
#2357 = LINE('',#2358,#2359);
#2358 = CARTESIAN_POINT('',(-2.2,-2.685640645746));
#2359 = VECTOR('',#2360,1.);
#2360 = DIRECTION('',(-0.831469612303,0.55557023302));
#2361 = ( GEOMETRIC_REPRESENTATION_CONTEXT(2) 
PARAMETRIC_REPRESENTATION_CONTEXT() REPRESENTATION_CONTEXT('2D SPACE',''
  ) );
#2362 = PCURVE('',#2363,#2368);
#2363 = PLANE('',#2364);
#2364 = AXIS2_PLACEMENT_3D('',#2365,#2366,#2367);
#2365 = CARTESIAN_POINT('',(-28.35,-2.685640646055,0.));
#2366 = DIRECTION('',(-0.55557023302,-0.831469612303,-0.));
#2367 = DIRECTION('',(-0.831469612303,0.55557023302,0.));
#2368 = DEFINITIONAL_REPRESENTATION('',(#2369),#2373);
#2369 = LINE('',#2370,#2371);
#2370 = CARTESIAN_POINT('',(0.,-1.8));
#2371 = VECTOR('',#2372,1.);
#2372 = DIRECTION('',(1.,0.));
#2373 = ( GEOMETRIC_REPRESENTATION_CONTEXT(2) 
PARAMETRIC_REPRESENTATION_CONTEXT() REPRESENTATION_CONTEXT('2D SPACE',''
  ) );
#2374 = ORIENTED_EDGE('',*,*,#2375,.T.);
#2375 = EDGE_CURVE('',#2348,#2376,#2378,.T.);
#2376 = VERTEX_POINT('',#2377);
#2377 = CARTESIAN_POINT('',(-28.68137084989,-2.431370849898,1.8));
#2378 = SURFACE_CURVE('',#2379,(#2383,#2390),.PCURVE_S1.);
#2379 = LINE('',#2380,#2381);
#2380 = CARTESIAN_POINT('',(-28.52401828641,-2.569365344466,1.8));
#2381 = VECTOR('',#2382,1.);
#2382 = DIRECTION('',(-0.751839807479,0.6593458151,0.));
#2383 = PCURVE('',#126,#2384);
#2384 = DEFINITIONAL_REPRESENTATION('',(#2385),#2389);
#2385 = LINE('',#2386,#2387);
#2386 = CARTESIAN_POINT('',(-2.374018286414,-2.569365344157));
#2387 = VECTOR('',#2388,1.);
#2388 = DIRECTION('',(-0.751839807479,0.6593458151));
#2389 = ( GEOMETRIC_REPRESENTATION_CONTEXT(2) 
PARAMETRIC_REPRESENTATION_CONTEXT() REPRESENTATION_CONTEXT('2D SPACE',''
  ) );
#2390 = PCURVE('',#2391,#2396);
#2391 = PLANE('',#2392);
#2392 = AXIS2_PLACEMENT_3D('',#2393,#2394,#2395);
#2393 = CARTESIAN_POINT('',(-28.52401828641,-2.569365344466,0.));
#2394 = DIRECTION('',(-0.6593458151,-0.751839807479,-0.));
#2395 = DIRECTION('',(-0.751839807479,0.6593458151,0.));
#2396 = DEFINITIONAL_REPRESENTATION('',(#2397),#2401);
#2397 = LINE('',#2398,#2399);
#2398 = CARTESIAN_POINT('',(0.,-1.8));
#2399 = VECTOR('',#2400,1.);
#2400 = DIRECTION('',(1.,0.));
#2401 = ( GEOMETRIC_REPRESENTATION_CONTEXT(2) 
PARAMETRIC_REPRESENTATION_CONTEXT() REPRESENTATION_CONTEXT('2D SPACE',''
  ) );
#2402 = ORIENTED_EDGE('',*,*,#2403,.T.);
#2403 = EDGE_CURVE('',#2376,#2404,#2406,.T.);
#2404 = VERTEX_POINT('',#2405);
#2405 = CARTESIAN_POINT('',(-28.81936534446,-2.274018286414,1.8));
#2406 = SURFACE_CURVE('',#2407,(#2411,#2418),.PCURVE_S1.);
#2407 = LINE('',#2408,#2409);
#2408 = CARTESIAN_POINT('',(-28.68137084989,-2.431370849898,1.8));
#2409 = VECTOR('',#2410,1.);
#2410 = DIRECTION('',(-0.6593458151,0.751839807479,0.));
#2411 = PCURVE('',#126,#2412);
#2412 = DEFINITIONAL_REPRESENTATION('',(#2413),#2417);
#2413 = LINE('',#2414,#2415);
#2414 = CARTESIAN_POINT('',(-2.531370849898,-2.43137084959));
#2415 = VECTOR('',#2416,1.);
#2416 = DIRECTION('',(-0.6593458151,0.751839807479));
#2417 = ( GEOMETRIC_REPRESENTATION_CONTEXT(2) 
PARAMETRIC_REPRESENTATION_CONTEXT() REPRESENTATION_CONTEXT('2D SPACE',''
  ) );
#2418 = PCURVE('',#2419,#2424);
#2419 = PLANE('',#2420);
#2420 = AXIS2_PLACEMENT_3D('',#2421,#2422,#2423);
#2421 = CARTESIAN_POINT('',(-28.68137084989,-2.431370849898,0.));
#2422 = DIRECTION('',(-0.751839807479,-0.6593458151,-0.));
#2423 = DIRECTION('',(-0.6593458151,0.751839807479,0.));
#2424 = DEFINITIONAL_REPRESENTATION('',(#2425),#2429);
#2425 = LINE('',#2426,#2427);
#2426 = CARTESIAN_POINT('',(0.,-1.8));
#2427 = VECTOR('',#2428,1.);
#2428 = DIRECTION('',(1.,0.));
#2429 = ( GEOMETRIC_REPRESENTATION_CONTEXT(2) 
PARAMETRIC_REPRESENTATION_CONTEXT() REPRESENTATION_CONTEXT('2D SPACE',''
  ) );
#2430 = ORIENTED_EDGE('',*,*,#2431,.T.);
#2431 = EDGE_CURVE('',#2404,#2432,#2434,.T.);
#2432 = VERTEX_POINT('',#2433);
#2433 = CARTESIAN_POINT('',(-28.93564064605,-2.1,1.8));
#2434 = SURFACE_CURVE('',#2435,(#2439,#2446),.PCURVE_S1.);
#2435 = LINE('',#2436,#2437);
#2436 = CARTESIAN_POINT('',(-28.81936534446,-2.274018286414,1.8));
#2437 = VECTOR('',#2438,1.);
#2438 = DIRECTION('',(-0.55557023302,0.831469612303,0.));
#2439 = PCURVE('',#126,#2440);
#2440 = DEFINITIONAL_REPRESENTATION('',(#2441),#2445);
#2441 = LINE('',#2442,#2443);
#2442 = CARTESIAN_POINT('',(-2.669365344466,-2.274018286105));
#2443 = VECTOR('',#2444,1.);
#2444 = DIRECTION('',(-0.55557023302,0.831469612303));
#2445 = ( GEOMETRIC_REPRESENTATION_CONTEXT(2) 
PARAMETRIC_REPRESENTATION_CONTEXT() REPRESENTATION_CONTEXT('2D SPACE',''
  ) );
#2446 = PCURVE('',#2447,#2452);
#2447 = PLANE('',#2448);
#2448 = AXIS2_PLACEMENT_3D('',#2449,#2450,#2451);
#2449 = CARTESIAN_POINT('',(-28.81936534446,-2.274018286414,0.));
#2450 = DIRECTION('',(-0.831469612303,-0.55557023302,-0.));
#2451 = DIRECTION('',(-0.55557023302,0.831469612303,0.));
#2452 = DEFINITIONAL_REPRESENTATION('',(#2453),#2457);
#2453 = LINE('',#2454,#2455);
#2454 = CARTESIAN_POINT('',(0.,-1.8));
#2455 = VECTOR('',#2456,1.);
#2456 = DIRECTION('',(1.,0.));
#2457 = ( GEOMETRIC_REPRESENTATION_CONTEXT(2) 
PARAMETRIC_REPRESENTATION_CONTEXT() REPRESENTATION_CONTEXT('2D SPACE',''
  ) );
#2458 = ORIENTED_EDGE('',*,*,#2459,.T.);
#2459 = EDGE_CURVE('',#2432,#2460,#2462,.T.);
#2460 = VERTEX_POINT('',#2461);
#2461 = CARTESIAN_POINT('',(-29.02820725201,-1.912293491784,1.8));
#2462 = SURFACE_CURVE('',#2463,(#2467,#2474),.PCURVE_S1.);
#2463 = LINE('',#2464,#2465);
#2464 = CARTESIAN_POINT('',(-28.93564064605,-2.1,1.8));
#2465 = VECTOR('',#2466,1.);
#2466 = DIRECTION('',(-0.442288690219,0.896872741533,0.));
#2467 = PCURVE('',#126,#2468);
#2468 = DEFINITIONAL_REPRESENTATION('',(#2469),#2473);
#2469 = LINE('',#2470,#2471);
#2470 = CARTESIAN_POINT('',(-2.785640646055,-2.099999999691));
#2471 = VECTOR('',#2472,1.);
#2472 = DIRECTION('',(-0.442288690219,0.896872741533));
#2473 = ( GEOMETRIC_REPRESENTATION_CONTEXT(2) 
PARAMETRIC_REPRESENTATION_CONTEXT() REPRESENTATION_CONTEXT('2D SPACE',''
  ) );
#2474 = PCURVE('',#2475,#2480);
#2475 = PLANE('',#2476);
#2476 = AXIS2_PLACEMENT_3D('',#2477,#2478,#2479);
#2477 = CARTESIAN_POINT('',(-28.93564064605,-2.1,0.));
#2478 = DIRECTION('',(-0.896872741533,-0.442288690219,-0.));
#2479 = DIRECTION('',(-0.442288690219,0.896872741533,0.));
#2480 = DEFINITIONAL_REPRESENTATION('',(#2481),#2485);
#2481 = LINE('',#2482,#2483);
#2482 = CARTESIAN_POINT('',(0.,-1.8));
#2483 = VECTOR('',#2484,1.);
#2484 = DIRECTION('',(1.,0.));
#2485 = ( GEOMETRIC_REPRESENTATION_CONTEXT(2) 
PARAMETRIC_REPRESENTATION_CONTEXT() REPRESENTATION_CONTEXT('2D SPACE',''
  ) );
#2486 = ORIENTED_EDGE('',*,*,#2487,.T.);
#2487 = EDGE_CURVE('',#2460,#2488,#2490,.T.);
#2488 = VERTEX_POINT('',#2489);
#2489 = CARTESIAN_POINT('',(-29.09548132206,-1.714110472164,1.8));
#2490 = SURFACE_CURVE('',#2491,(#2495,#2502),.PCURVE_S1.);
#2491 = LINE('',#2492,#2493);
#2492 = CARTESIAN_POINT('',(-29.02820725201,-1.912293491784,1.8));
#2493 = VECTOR('',#2494,1.);
#2494 = DIRECTION('',(-0.321439465303,0.946930129495,0.));
#2495 = PCURVE('',#126,#2496);
#2496 = DEFINITIONAL_REPRESENTATION('',(#2497),#2501);
#2497 = LINE('',#2498,#2499);
#2498 = CARTESIAN_POINT('',(-2.878207252018,-1.912293491475));
#2499 = VECTOR('',#2500,1.);
#2500 = DIRECTION('',(-0.321439465303,0.946930129495));
#2501 = ( GEOMETRIC_REPRESENTATION_CONTEXT(2) 
PARAMETRIC_REPRESENTATION_CONTEXT() REPRESENTATION_CONTEXT('2D SPACE',''
  ) );
#2502 = PCURVE('',#2503,#2508);
#2503 = PLANE('',#2504);
#2504 = AXIS2_PLACEMENT_3D('',#2505,#2506,#2507);
#2505 = CARTESIAN_POINT('',(-29.02820725201,-1.912293491784,0.));
#2506 = DIRECTION('',(-0.946930129495,-0.321439465303,-0.));
#2507 = DIRECTION('',(-0.321439465303,0.946930129495,0.));
#2508 = DEFINITIONAL_REPRESENTATION('',(#2509),#2513);
#2509 = LINE('',#2510,#2511);
#2510 = CARTESIAN_POINT('',(0.,-1.8));
#2511 = VECTOR('',#2512,1.);
#2512 = DIRECTION('',(1.,0.));
#2513 = ( GEOMETRIC_REPRESENTATION_CONTEXT(2) 
PARAMETRIC_REPRESENTATION_CONTEXT() REPRESENTATION_CONTEXT('2D SPACE',''
  ) );
#2514 = ORIENTED_EDGE('',*,*,#2515,.T.);
#2515 = EDGE_CURVE('',#2488,#2516,#2518,.T.);
#2516 = VERTEX_POINT('',#2517);
#2517 = CARTESIAN_POINT('',(-29.13631177819,-1.508841907552,1.8));
#2518 = SURFACE_CURVE('',#2519,(#2523,#2530),.PCURVE_S1.);
#2519 = LINE('',#2520,#2521);
#2520 = CARTESIAN_POINT('',(-29.09548132206,-1.714110472164,1.8));
#2521 = VECTOR('',#2522,1.);
#2522 = DIRECTION('',(-0.195090322016,0.980785280403,0.));
#2523 = PCURVE('',#126,#2524);
#2524 = DEFINITIONAL_REPRESENTATION('',(#2525),#2529);
#2525 = LINE('',#2526,#2527);
#2526 = CARTESIAN_POINT('',(-2.945481322063,-1.714110471855));
#2527 = VECTOR('',#2528,1.);
#2528 = DIRECTION('',(-0.195090322016,0.980785280403));
#2529 = ( GEOMETRIC_REPRESENTATION_CONTEXT(2) 
PARAMETRIC_REPRESENTATION_CONTEXT() REPRESENTATION_CONTEXT('2D SPACE',''
  ) );
#2530 = PCURVE('',#2531,#2536);
#2531 = PLANE('',#2532);
#2532 = AXIS2_PLACEMENT_3D('',#2533,#2534,#2535);
#2533 = CARTESIAN_POINT('',(-29.09548132206,-1.714110472164,0.));
#2534 = DIRECTION('',(-0.980785280403,-0.195090322016,-0.));
#2535 = DIRECTION('',(-0.195090322016,0.980785280403,0.));
#2536 = DEFINITIONAL_REPRESENTATION('',(#2537),#2541);
#2537 = LINE('',#2538,#2539);
#2538 = CARTESIAN_POINT('',(0.,-1.8));
#2539 = VECTOR('',#2540,1.);
#2540 = DIRECTION('',(1.,0.));
#2541 = ( GEOMETRIC_REPRESENTATION_CONTEXT(2) 
PARAMETRIC_REPRESENTATION_CONTEXT() REPRESENTATION_CONTEXT('2D SPACE',''
  ) );
#2542 = ORIENTED_EDGE('',*,*,#2543,.T.);
#2543 = EDGE_CURVE('',#2516,#2544,#2546,.T.);
#2544 = VERTEX_POINT('',#2545);
#2545 = CARTESIAN_POINT('',(-29.15,-1.3,1.8));
#2546 = SURFACE_CURVE('',#2547,(#2551,#2558),.PCURVE_S1.);
#2547 = LINE('',#2548,#2549);
#2548 = CARTESIAN_POINT('',(-29.13631177819,-1.508841907552,1.8));
#2549 = VECTOR('',#2550,1.);
#2550 = DIRECTION('',(-6.540312923014E-02,0.997858923239,0.));
#2551 = PCURVE('',#126,#2552);
#2552 = DEFINITIONAL_REPRESENTATION('',(#2553),#2557);
#2553 = LINE('',#2554,#2555);
#2554 = CARTESIAN_POINT('',(-2.986311778198,-1.508841907243));
#2555 = VECTOR('',#2556,1.);
#2556 = DIRECTION('',(-6.540312923014E-02,0.997858923239));
#2557 = ( GEOMETRIC_REPRESENTATION_CONTEXT(2) 
PARAMETRIC_REPRESENTATION_CONTEXT() REPRESENTATION_CONTEXT('2D SPACE',''
  ) );
#2558 = PCURVE('',#2559,#2564);
#2559 = PLANE('',#2560);
#2560 = AXIS2_PLACEMENT_3D('',#2561,#2562,#2563);
#2561 = CARTESIAN_POINT('',(-29.13631177819,-1.508841907552,0.));
#2562 = DIRECTION('',(-0.997858923239,-6.540312923014E-02,-0.));
#2563 = DIRECTION('',(-6.540312923014E-02,0.997858923239,0.));
#2564 = DEFINITIONAL_REPRESENTATION('',(#2565),#2569);
#2565 = LINE('',#2566,#2567);
#2566 = CARTESIAN_POINT('',(0.,-1.8));
#2567 = VECTOR('',#2568,1.);
#2568 = DIRECTION('',(1.,0.));
#2569 = ( GEOMETRIC_REPRESENTATION_CONTEXT(2) 
PARAMETRIC_REPRESENTATION_CONTEXT() REPRESENTATION_CONTEXT('2D SPACE',''
  ) );
#2570 = ORIENTED_EDGE('',*,*,#2571,.T.);
#2571 = EDGE_CURVE('',#2544,#2572,#2574,.T.);
#2572 = VERTEX_POINT('',#2573);
#2573 = CARTESIAN_POINT('',(-29.13631177819,-1.091158092448,1.8));
#2574 = SURFACE_CURVE('',#2575,(#2579,#2586),.PCURVE_S1.);
#2575 = LINE('',#2576,#2577);
#2576 = CARTESIAN_POINT('',(-29.15,-1.3,1.8));
#2577 = VECTOR('',#2578,1.);
#2578 = DIRECTION('',(6.540312923014E-02,0.997858923239,0.));
#2579 = PCURVE('',#126,#2580);
#2580 = DEFINITIONAL_REPRESENTATION('',(#2581),#2585);
#2581 = LINE('',#2582,#2583);
#2582 = CARTESIAN_POINT('',(-3.,-1.299999999691));
#2583 = VECTOR('',#2584,1.);
#2584 = DIRECTION('',(6.540312923014E-02,0.997858923239));
#2585 = ( GEOMETRIC_REPRESENTATION_CONTEXT(2) 
PARAMETRIC_REPRESENTATION_CONTEXT() REPRESENTATION_CONTEXT('2D SPACE',''
  ) );
#2586 = PCURVE('',#2587,#2592);
#2587 = PLANE('',#2588);
#2588 = AXIS2_PLACEMENT_3D('',#2589,#2590,#2591);
#2589 = CARTESIAN_POINT('',(-29.15,-1.3,0.));
#2590 = DIRECTION('',(-0.997858923239,6.540312923014E-02,0.));
#2591 = DIRECTION('',(6.540312923014E-02,0.997858923239,0.));
#2592 = DEFINITIONAL_REPRESENTATION('',(#2593),#2597);
#2593 = LINE('',#2594,#2595);
#2594 = CARTESIAN_POINT('',(0.,-1.8));
#2595 = VECTOR('',#2596,1.);
#2596 = DIRECTION('',(1.,0.));
#2597 = ( GEOMETRIC_REPRESENTATION_CONTEXT(2) 
PARAMETRIC_REPRESENTATION_CONTEXT() REPRESENTATION_CONTEXT('2D SPACE',''
  ) );
#2598 = ORIENTED_EDGE('',*,*,#2599,.T.);
#2599 = EDGE_CURVE('',#2572,#2600,#2602,.T.);
#2600 = VERTEX_POINT('',#2601);
#2601 = CARTESIAN_POINT('',(-29.09548132206,-0.885889527836,1.8));
#2602 = SURFACE_CURVE('',#2603,(#2607,#2614),.PCURVE_S1.);
#2603 = LINE('',#2604,#2605);
#2604 = CARTESIAN_POINT('',(-29.13631177819,-1.091158092448,1.8));
#2605 = VECTOR('',#2606,1.);
#2606 = DIRECTION('',(0.195090322016,0.980785280403,0.));
#2607 = PCURVE('',#126,#2608);
#2608 = DEFINITIONAL_REPRESENTATION('',(#2609),#2613);
#2609 = LINE('',#2610,#2611);
#2610 = CARTESIAN_POINT('',(-2.986311778198,-1.091158092139));
#2611 = VECTOR('',#2612,1.);
#2612 = DIRECTION('',(0.195090322016,0.980785280403));
#2613 = ( GEOMETRIC_REPRESENTATION_CONTEXT(2) 
PARAMETRIC_REPRESENTATION_CONTEXT() REPRESENTATION_CONTEXT('2D SPACE',''
  ) );
#2614 = PCURVE('',#2615,#2620);
#2615 = PLANE('',#2616);
#2616 = AXIS2_PLACEMENT_3D('',#2617,#2618,#2619);
#2617 = CARTESIAN_POINT('',(-29.13631177819,-1.091158092448,0.));
#2618 = DIRECTION('',(-0.980785280403,0.195090322016,0.));
#2619 = DIRECTION('',(0.195090322016,0.980785280403,0.));
#2620 = DEFINITIONAL_REPRESENTATION('',(#2621),#2625);
#2621 = LINE('',#2622,#2623);
#2622 = CARTESIAN_POINT('',(0.,-1.8));
#2623 = VECTOR('',#2624,1.);
#2624 = DIRECTION('',(1.,0.));
#2625 = ( GEOMETRIC_REPRESENTATION_CONTEXT(2) 
PARAMETRIC_REPRESENTATION_CONTEXT() REPRESENTATION_CONTEXT('2D SPACE',''
  ) );
#2626 = ORIENTED_EDGE('',*,*,#2627,.T.);
#2627 = EDGE_CURVE('',#2600,#2628,#2630,.T.);
#2628 = VERTEX_POINT('',#2629);
#2629 = CARTESIAN_POINT('',(-29.02820725201,-0.687706508216,1.8));
#2630 = SURFACE_CURVE('',#2631,(#2635,#2642),.PCURVE_S1.);
#2631 = LINE('',#2632,#2633);
#2632 = CARTESIAN_POINT('',(-29.09548132206,-0.885889527836,1.8));
#2633 = VECTOR('',#2634,1.);
#2634 = DIRECTION('',(0.321439465303,0.946930129495,0.));
#2635 = PCURVE('',#126,#2636);
#2636 = DEFINITIONAL_REPRESENTATION('',(#2637),#2641);
#2637 = LINE('',#2638,#2639);
#2638 = CARTESIAN_POINT('',(-2.945481322063,-0.885889527527));
#2639 = VECTOR('',#2640,1.);
#2640 = DIRECTION('',(0.321439465303,0.946930129495));
#2641 = ( GEOMETRIC_REPRESENTATION_CONTEXT(2) 
PARAMETRIC_REPRESENTATION_CONTEXT() REPRESENTATION_CONTEXT('2D SPACE',''
  ) );
#2642 = PCURVE('',#2643,#2648);
#2643 = PLANE('',#2644);
#2644 = AXIS2_PLACEMENT_3D('',#2645,#2646,#2647);
#2645 = CARTESIAN_POINT('',(-29.09548132206,-0.885889527836,0.));
#2646 = DIRECTION('',(-0.946930129495,0.321439465303,0.));
#2647 = DIRECTION('',(0.321439465303,0.946930129495,0.));
#2648 = DEFINITIONAL_REPRESENTATION('',(#2649),#2653);
#2649 = LINE('',#2650,#2651);
#2650 = CARTESIAN_POINT('',(0.,-1.8));
#2651 = VECTOR('',#2652,1.);
#2652 = DIRECTION('',(1.,0.));
#2653 = ( GEOMETRIC_REPRESENTATION_CONTEXT(2) 
PARAMETRIC_REPRESENTATION_CONTEXT() REPRESENTATION_CONTEXT('2D SPACE',''
  ) );
#2654 = ORIENTED_EDGE('',*,*,#2655,.T.);
#2655 = EDGE_CURVE('',#2628,#2656,#2658,.T.);
#2656 = VERTEX_POINT('',#2657);
#2657 = CARTESIAN_POINT('',(-28.93564064605,-0.5,1.8));
#2658 = SURFACE_CURVE('',#2659,(#2663,#2670),.PCURVE_S1.);
#2659 = LINE('',#2660,#2661);
#2660 = CARTESIAN_POINT('',(-29.02820725201,-0.687706508216,1.8));
#2661 = VECTOR('',#2662,1.);
#2662 = DIRECTION('',(0.442288690219,0.896872741533,0.));
#2663 = PCURVE('',#126,#2664);
#2664 = DEFINITIONAL_REPRESENTATION('',(#2665),#2669);
#2665 = LINE('',#2666,#2667);
#2666 = CARTESIAN_POINT('',(-2.878207252018,-0.687706507907));
#2667 = VECTOR('',#2668,1.);
#2668 = DIRECTION('',(0.442288690219,0.896872741533));
#2669 = ( GEOMETRIC_REPRESENTATION_CONTEXT(2) 
PARAMETRIC_REPRESENTATION_CONTEXT() REPRESENTATION_CONTEXT('2D SPACE',''
  ) );
#2670 = PCURVE('',#2671,#2676);
#2671 = PLANE('',#2672);
#2672 = AXIS2_PLACEMENT_3D('',#2673,#2674,#2675);
#2673 = CARTESIAN_POINT('',(-29.02820725201,-0.687706508216,0.));
#2674 = DIRECTION('',(-0.896872741533,0.442288690219,0.));
#2675 = DIRECTION('',(0.442288690219,0.896872741533,0.));
#2676 = DEFINITIONAL_REPRESENTATION('',(#2677),#2681);
#2677 = LINE('',#2678,#2679);
#2678 = CARTESIAN_POINT('',(0.,-1.8));
#2679 = VECTOR('',#2680,1.);
#2680 = DIRECTION('',(1.,0.));
#2681 = ( GEOMETRIC_REPRESENTATION_CONTEXT(2) 
PARAMETRIC_REPRESENTATION_CONTEXT() REPRESENTATION_CONTEXT('2D SPACE',''
  ) );
#2682 = ORIENTED_EDGE('',*,*,#2683,.T.);
#2683 = EDGE_CURVE('',#2656,#2684,#2686,.T.);
#2684 = VERTEX_POINT('',#2685);
#2685 = CARTESIAN_POINT('',(-28.81936534446,-0.325981713586,1.8));
#2686 = SURFACE_CURVE('',#2687,(#2691,#2698),.PCURVE_S1.);
#2687 = LINE('',#2688,#2689);
#2688 = CARTESIAN_POINT('',(-28.93564064605,-0.5,1.8));
#2689 = VECTOR('',#2690,1.);
#2690 = DIRECTION('',(0.55557023302,0.831469612303,0.));
#2691 = PCURVE('',#126,#2692);
#2692 = DEFINITIONAL_REPRESENTATION('',(#2693),#2697);
#2693 = LINE('',#2694,#2695);
#2694 = CARTESIAN_POINT('',(-2.785640646055,-0.499999999691));
#2695 = VECTOR('',#2696,1.);
#2696 = DIRECTION('',(0.55557023302,0.831469612303));
#2697 = ( GEOMETRIC_REPRESENTATION_CONTEXT(2) 
PARAMETRIC_REPRESENTATION_CONTEXT() REPRESENTATION_CONTEXT('2D SPACE',''
  ) );
#2698 = PCURVE('',#2699,#2704);
#2699 = PLANE('',#2700);
#2700 = AXIS2_PLACEMENT_3D('',#2701,#2702,#2703);
#2701 = CARTESIAN_POINT('',(-28.93564064605,-0.5,0.));
#2702 = DIRECTION('',(-0.831469612303,0.55557023302,0.));
#2703 = DIRECTION('',(0.55557023302,0.831469612303,0.));
#2704 = DEFINITIONAL_REPRESENTATION('',(#2705),#2709);
#2705 = LINE('',#2706,#2707);
#2706 = CARTESIAN_POINT('',(0.,-1.8));
#2707 = VECTOR('',#2708,1.);
#2708 = DIRECTION('',(1.,0.));
#2709 = ( GEOMETRIC_REPRESENTATION_CONTEXT(2) 
PARAMETRIC_REPRESENTATION_CONTEXT() REPRESENTATION_CONTEXT('2D SPACE',''
  ) );
#2710 = ORIENTED_EDGE('',*,*,#2711,.T.);
#2711 = EDGE_CURVE('',#2684,#2712,#2714,.T.);
#2712 = VERTEX_POINT('',#2713);
#2713 = CARTESIAN_POINT('',(-28.68137084989,-0.168629150102,1.8));
#2714 = SURFACE_CURVE('',#2715,(#2719,#2726),.PCURVE_S1.);
#2715 = LINE('',#2716,#2717);
#2716 = CARTESIAN_POINT('',(-28.81936534446,-0.325981713586,1.8));
#2717 = VECTOR('',#2718,1.);
#2718 = DIRECTION('',(0.6593458151,0.751839807479,0.));
#2719 = PCURVE('',#126,#2720);
#2720 = DEFINITIONAL_REPRESENTATION('',(#2721),#2725);
#2721 = LINE('',#2722,#2723);
#2722 = CARTESIAN_POINT('',(-2.669365344466,-0.325981713277));
#2723 = VECTOR('',#2724,1.);
#2724 = DIRECTION('',(0.6593458151,0.751839807479));
#2725 = ( GEOMETRIC_REPRESENTATION_CONTEXT(2) 
PARAMETRIC_REPRESENTATION_CONTEXT() REPRESENTATION_CONTEXT('2D SPACE',''
  ) );
#2726 = PCURVE('',#2727,#2732);
#2727 = PLANE('',#2728);
#2728 = AXIS2_PLACEMENT_3D('',#2729,#2730,#2731);
#2729 = CARTESIAN_POINT('',(-28.81936534446,-0.325981713586,0.));
#2730 = DIRECTION('',(-0.751839807479,0.6593458151,0.));
#2731 = DIRECTION('',(0.6593458151,0.751839807479,0.));
#2732 = DEFINITIONAL_REPRESENTATION('',(#2733),#2737);
#2733 = LINE('',#2734,#2735);
#2734 = CARTESIAN_POINT('',(0.,-1.8));
#2735 = VECTOR('',#2736,1.);
#2736 = DIRECTION('',(1.,0.));
#2737 = ( GEOMETRIC_REPRESENTATION_CONTEXT(2) 
PARAMETRIC_REPRESENTATION_CONTEXT() REPRESENTATION_CONTEXT('2D SPACE',''
  ) );
#2738 = ORIENTED_EDGE('',*,*,#2739,.T.);
#2739 = EDGE_CURVE('',#2712,#2740,#2742,.T.);
#2740 = VERTEX_POINT('',#2741);
#2741 = CARTESIAN_POINT('',(-28.52401828641,-3.063465553402E-02,1.8));
#2742 = SURFACE_CURVE('',#2743,(#2747,#2754),.PCURVE_S1.);
#2743 = LINE('',#2744,#2745);
#2744 = CARTESIAN_POINT('',(-28.68137084989,-0.168629150102,1.8));
#2745 = VECTOR('',#2746,1.);
#2746 = DIRECTION('',(0.751839807479,0.6593458151,0.));
#2747 = PCURVE('',#126,#2748);
#2748 = DEFINITIONAL_REPRESENTATION('',(#2749),#2753);
#2749 = LINE('',#2750,#2751);
#2750 = CARTESIAN_POINT('',(-2.531370849898,-0.168629149793));
#2751 = VECTOR('',#2752,1.);
#2752 = DIRECTION('',(0.751839807479,0.6593458151));
#2753 = ( GEOMETRIC_REPRESENTATION_CONTEXT(2) 
PARAMETRIC_REPRESENTATION_CONTEXT() REPRESENTATION_CONTEXT('2D SPACE',''
  ) );
#2754 = PCURVE('',#2755,#2760);
#2755 = PLANE('',#2756);
#2756 = AXIS2_PLACEMENT_3D('',#2757,#2758,#2759);
#2757 = CARTESIAN_POINT('',(-28.68137084989,-0.168629150102,0.));
#2758 = DIRECTION('',(-0.6593458151,0.751839807479,0.));
#2759 = DIRECTION('',(0.751839807479,0.6593458151,0.));
#2760 = DEFINITIONAL_REPRESENTATION('',(#2761),#2765);
#2761 = LINE('',#2762,#2763);
#2762 = CARTESIAN_POINT('',(0.,-1.8));
#2763 = VECTOR('',#2764,1.);
#2764 = DIRECTION('',(1.,0.));
#2765 = ( GEOMETRIC_REPRESENTATION_CONTEXT(2) 
PARAMETRIC_REPRESENTATION_CONTEXT() REPRESENTATION_CONTEXT('2D SPACE',''
  ) );
#2766 = ORIENTED_EDGE('',*,*,#2767,.T.);
#2767 = EDGE_CURVE('',#2740,#2768,#2770,.T.);
#2768 = VERTEX_POINT('',#2769);
#2769 = CARTESIAN_POINT('',(-28.35,8.56406460551E-02,1.8));
#2770 = SURFACE_CURVE('',#2771,(#2775,#2782),.PCURVE_S1.);
#2771 = LINE('',#2772,#2773);
#2772 = CARTESIAN_POINT('',(-28.52401828641,-3.063465553402E-02,1.8));
#2773 = VECTOR('',#2774,1.);
#2774 = DIRECTION('',(0.831469612303,0.55557023302,0.));
#2775 = PCURVE('',#126,#2776);
#2776 = DEFINITIONAL_REPRESENTATION('',(#2777),#2781);
#2777 = LINE('',#2778,#2779);
#2778 = CARTESIAN_POINT('',(-2.374018286414,-3.063465522528E-02));
#2779 = VECTOR('',#2780,1.);
#2780 = DIRECTION('',(0.831469612303,0.55557023302));
#2781 = ( GEOMETRIC_REPRESENTATION_CONTEXT(2) 
PARAMETRIC_REPRESENTATION_CONTEXT() REPRESENTATION_CONTEXT('2D SPACE',''
  ) );
#2782 = PCURVE('',#2783,#2788);
#2783 = PLANE('',#2784);
#2784 = AXIS2_PLACEMENT_3D('',#2785,#2786,#2787);
#2785 = CARTESIAN_POINT('',(-28.52401828641,-3.063465553402E-02,0.));
#2786 = DIRECTION('',(-0.55557023302,0.831469612303,0.));
#2787 = DIRECTION('',(0.831469612303,0.55557023302,0.));
#2788 = DEFINITIONAL_REPRESENTATION('',(#2789),#2793);
#2789 = LINE('',#2790,#2791);
#2790 = CARTESIAN_POINT('',(0.,-1.8));
#2791 = VECTOR('',#2792,1.);
#2792 = DIRECTION('',(1.,0.));
#2793 = ( GEOMETRIC_REPRESENTATION_CONTEXT(2) 
PARAMETRIC_REPRESENTATION_CONTEXT() REPRESENTATION_CONTEXT('2D SPACE',''
  ) );
#2794 = ORIENTED_EDGE('',*,*,#2795,.T.);
#2795 = EDGE_CURVE('',#2768,#2796,#2798,.T.);
#2796 = VERTEX_POINT('',#2797);
#2797 = CARTESIAN_POINT('',(-28.16229349178,0.178207252018,1.8));
#2798 = SURFACE_CURVE('',#2799,(#2803,#2810),.PCURVE_S1.);
#2799 = LINE('',#2800,#2801);
#2800 = CARTESIAN_POINT('',(-28.35,8.56406460551E-02,1.8));
#2801 = VECTOR('',#2802,1.);
#2802 = DIRECTION('',(0.896872741533,0.442288690219,0.));
#2803 = PCURVE('',#126,#2804);
#2804 = DEFINITIONAL_REPRESENTATION('',(#2805),#2809);
#2805 = LINE('',#2806,#2807);
#2806 = CARTESIAN_POINT('',(-2.2,8.564064636384E-02));
#2807 = VECTOR('',#2808,1.);
#2808 = DIRECTION('',(0.896872741533,0.442288690219));
#2809 = ( GEOMETRIC_REPRESENTATION_CONTEXT(2) 
PARAMETRIC_REPRESENTATION_CONTEXT() REPRESENTATION_CONTEXT('2D SPACE',''
  ) );
#2810 = PCURVE('',#2811,#2816);
#2811 = PLANE('',#2812);
#2812 = AXIS2_PLACEMENT_3D('',#2813,#2814,#2815);
#2813 = CARTESIAN_POINT('',(-28.35,8.56406460551E-02,0.));
#2814 = DIRECTION('',(-0.442288690219,0.896872741533,0.));
#2815 = DIRECTION('',(0.896872741533,0.442288690219,0.));
#2816 = DEFINITIONAL_REPRESENTATION('',(#2817),#2821);
#2817 = LINE('',#2818,#2819);
#2818 = CARTESIAN_POINT('',(0.,-1.8));
#2819 = VECTOR('',#2820,1.);
#2820 = DIRECTION('',(1.,0.));
#2821 = ( GEOMETRIC_REPRESENTATION_CONTEXT(2) 
PARAMETRIC_REPRESENTATION_CONTEXT() REPRESENTATION_CONTEXT('2D SPACE',''
  ) );
#2822 = ORIENTED_EDGE('',*,*,#2823,.T.);
#2823 = EDGE_CURVE('',#2796,#2824,#2826,.T.);
#2824 = VERTEX_POINT('',#2825);
#2825 = CARTESIAN_POINT('',(-27.96411047216,0.245481322063,1.8));
#2826 = SURFACE_CURVE('',#2827,(#2831,#2838),.PCURVE_S1.);
#2827 = LINE('',#2828,#2829);
#2828 = CARTESIAN_POINT('',(-28.16229349178,0.178207252018,1.8));
#2829 = VECTOR('',#2830,1.);
#2830 = DIRECTION('',(0.946930129495,0.321439465303,0.));
#2831 = PCURVE('',#126,#2832);
#2832 = DEFINITIONAL_REPRESENTATION('',(#2833),#2837);
#2833 = LINE('',#2834,#2835);
#2834 = CARTESIAN_POINT('',(-2.012293491784,0.178207252327));
#2835 = VECTOR('',#2836,1.);
#2836 = DIRECTION('',(0.946930129495,0.321439465303));
#2837 = ( GEOMETRIC_REPRESENTATION_CONTEXT(2) 
PARAMETRIC_REPRESENTATION_CONTEXT() REPRESENTATION_CONTEXT('2D SPACE',''
  ) );
#2838 = PCURVE('',#2839,#2844);
#2839 = PLANE('',#2840);
#2840 = AXIS2_PLACEMENT_3D('',#2841,#2842,#2843);
#2841 = CARTESIAN_POINT('',(-28.16229349178,0.178207252018,0.));
#2842 = DIRECTION('',(-0.321439465303,0.946930129495,0.));
#2843 = DIRECTION('',(0.946930129495,0.321439465303,0.));
#2844 = DEFINITIONAL_REPRESENTATION('',(#2845),#2849);
#2845 = LINE('',#2846,#2847);
#2846 = CARTESIAN_POINT('',(0.,-1.8));
#2847 = VECTOR('',#2848,1.);
#2848 = DIRECTION('',(1.,0.));
#2849 = ( GEOMETRIC_REPRESENTATION_CONTEXT(2) 
PARAMETRIC_REPRESENTATION_CONTEXT() REPRESENTATION_CONTEXT('2D SPACE',''
  ) );
#2850 = ORIENTED_EDGE('',*,*,#2851,.T.);
#2851 = EDGE_CURVE('',#2824,#2852,#2854,.T.);
#2852 = VERTEX_POINT('',#2853);
#2853 = CARTESIAN_POINT('',(-27.75884190755,0.286311778198,1.8));
#2854 = SURFACE_CURVE('',#2855,(#2859,#2866),.PCURVE_S1.);
#2855 = LINE('',#2856,#2857);
#2856 = CARTESIAN_POINT('',(-27.96411047216,0.245481322063,1.8));
#2857 = VECTOR('',#2858,1.);
#2858 = DIRECTION('',(0.980785280403,0.195090322016,0.));
#2859 = PCURVE('',#126,#2860);
#2860 = DEFINITIONAL_REPRESENTATION('',(#2861),#2865);
#2861 = LINE('',#2862,#2863);
#2862 = CARTESIAN_POINT('',(-1.814110472164,0.245481322371));
#2863 = VECTOR('',#2864,1.);
#2864 = DIRECTION('',(0.980785280403,0.195090322016));
#2865 = ( GEOMETRIC_REPRESENTATION_CONTEXT(2) 
PARAMETRIC_REPRESENTATION_CONTEXT() REPRESENTATION_CONTEXT('2D SPACE',''
  ) );
#2866 = PCURVE('',#2867,#2872);
#2867 = PLANE('',#2868);
#2868 = AXIS2_PLACEMENT_3D('',#2869,#2870,#2871);
#2869 = CARTESIAN_POINT('',(-27.96411047216,0.245481322063,0.));
#2870 = DIRECTION('',(-0.195090322016,0.980785280403,0.));
#2871 = DIRECTION('',(0.980785280403,0.195090322016,0.));
#2872 = DEFINITIONAL_REPRESENTATION('',(#2873),#2877);
#2873 = LINE('',#2874,#2875);
#2874 = CARTESIAN_POINT('',(0.,-1.8));
#2875 = VECTOR('',#2876,1.);
#2876 = DIRECTION('',(1.,0.));
#2877 = ( GEOMETRIC_REPRESENTATION_CONTEXT(2) 
PARAMETRIC_REPRESENTATION_CONTEXT() REPRESENTATION_CONTEXT('2D SPACE',''
  ) );
#2878 = ORIENTED_EDGE('',*,*,#2879,.T.);
#2879 = EDGE_CURVE('',#2852,#2880,#2882,.T.);
#2880 = VERTEX_POINT('',#2881);
#2881 = CARTESIAN_POINT('',(-27.55,0.3,1.8));
#2882 = SURFACE_CURVE('',#2883,(#2887,#2894),.PCURVE_S1.);
#2883 = LINE('',#2884,#2885);
#2884 = CARTESIAN_POINT('',(-27.75884190755,0.286311778198,1.8));
#2885 = VECTOR('',#2886,1.);
#2886 = DIRECTION('',(0.997858923239,6.540312923014E-02,0.));
#2887 = PCURVE('',#126,#2888);
#2888 = DEFINITIONAL_REPRESENTATION('',(#2889),#2893);
#2889 = LINE('',#2890,#2891);
#2890 = CARTESIAN_POINT('',(-1.608841907552,0.286311778507));
#2891 = VECTOR('',#2892,1.);
#2892 = DIRECTION('',(0.997858923239,6.540312923014E-02));
#2893 = ( GEOMETRIC_REPRESENTATION_CONTEXT(2) 
PARAMETRIC_REPRESENTATION_CONTEXT() REPRESENTATION_CONTEXT('2D SPACE',''
  ) );
#2894 = PCURVE('',#2895,#2900);
#2895 = PLANE('',#2896);
#2896 = AXIS2_PLACEMENT_3D('',#2897,#2898,#2899);
#2897 = CARTESIAN_POINT('',(-27.75884190755,0.286311778198,0.));
#2898 = DIRECTION('',(-6.540312923014E-02,0.997858923239,0.));
#2899 = DIRECTION('',(0.997858923239,6.540312923014E-02,0.));
#2900 = DEFINITIONAL_REPRESENTATION('',(#2901),#2905);
#2901 = LINE('',#2902,#2903);
#2902 = CARTESIAN_POINT('',(0.,-1.8));
#2903 = VECTOR('',#2904,1.);
#2904 = DIRECTION('',(1.,0.));
#2905 = ( GEOMETRIC_REPRESENTATION_CONTEXT(2) 
PARAMETRIC_REPRESENTATION_CONTEXT() REPRESENTATION_CONTEXT('2D SPACE',''
  ) );
#2906 = ORIENTED_EDGE('',*,*,#2907,.T.);
#2907 = EDGE_CURVE('',#2880,#2908,#2910,.T.);
#2908 = VERTEX_POINT('',#2909);
#2909 = CARTESIAN_POINT('',(-27.34115809244,0.286311778198,1.8));
#2910 = SURFACE_CURVE('',#2911,(#2915,#2922),.PCURVE_S1.);
#2911 = LINE('',#2912,#2913);
#2912 = CARTESIAN_POINT('',(-27.55,0.3,1.8));
#2913 = VECTOR('',#2914,1.);
#2914 = DIRECTION('',(0.997858923239,-6.540312923014E-02,0.));
#2915 = PCURVE('',#126,#2916);
#2916 = DEFINITIONAL_REPRESENTATION('',(#2917),#2921);
#2917 = LINE('',#2918,#2919);
#2918 = CARTESIAN_POINT('',(-1.4,0.300000000309));
#2919 = VECTOR('',#2920,1.);
#2920 = DIRECTION('',(0.997858923239,-6.540312923014E-02));
#2921 = ( GEOMETRIC_REPRESENTATION_CONTEXT(2) 
PARAMETRIC_REPRESENTATION_CONTEXT() REPRESENTATION_CONTEXT('2D SPACE',''
  ) );
#2922 = PCURVE('',#2923,#2928);
#2923 = PLANE('',#2924);
#2924 = AXIS2_PLACEMENT_3D('',#2925,#2926,#2927);
#2925 = CARTESIAN_POINT('',(-27.55,0.3,0.));
#2926 = DIRECTION('',(6.540312923014E-02,0.997858923239,0.));
#2927 = DIRECTION('',(0.997858923239,-6.540312923014E-02,0.));
#2928 = DEFINITIONAL_REPRESENTATION('',(#2929),#2933);
#2929 = LINE('',#2930,#2931);
#2930 = CARTESIAN_POINT('',(0.,-1.8));
#2931 = VECTOR('',#2932,1.);
#2932 = DIRECTION('',(1.,0.));
#2933 = ( GEOMETRIC_REPRESENTATION_CONTEXT(2) 
PARAMETRIC_REPRESENTATION_CONTEXT() REPRESENTATION_CONTEXT('2D SPACE',''
  ) );
#2934 = ORIENTED_EDGE('',*,*,#2935,.T.);
#2935 = EDGE_CURVE('',#2908,#2936,#2938,.T.);
#2936 = VERTEX_POINT('',#2937);
#2937 = CARTESIAN_POINT('',(-27.13588952783,0.245481322063,1.8));
#2938 = SURFACE_CURVE('',#2939,(#2943,#2950),.PCURVE_S1.);
#2939 = LINE('',#2940,#2941);
#2940 = CARTESIAN_POINT('',(-27.34115809244,0.286311778198,1.8));
#2941 = VECTOR('',#2942,1.);
#2942 = DIRECTION('',(0.980785280403,-0.195090322016,0.));
#2943 = PCURVE('',#126,#2944);
#2944 = DEFINITIONAL_REPRESENTATION('',(#2945),#2949);
#2945 = LINE('',#2946,#2947);
#2946 = CARTESIAN_POINT('',(-1.191158092448,0.286311778507));
#2947 = VECTOR('',#2948,1.);
#2948 = DIRECTION('',(0.980785280403,-0.195090322016));
#2949 = ( GEOMETRIC_REPRESENTATION_CONTEXT(2) 
PARAMETRIC_REPRESENTATION_CONTEXT() REPRESENTATION_CONTEXT('2D SPACE',''
  ) );
#2950 = PCURVE('',#2951,#2956);
#2951 = PLANE('',#2952);
#2952 = AXIS2_PLACEMENT_3D('',#2953,#2954,#2955);
#2953 = CARTESIAN_POINT('',(-27.34115809244,0.286311778198,0.));
#2954 = DIRECTION('',(0.195090322016,0.980785280403,0.));
#2955 = DIRECTION('',(0.980785280403,-0.195090322016,0.));
#2956 = DEFINITIONAL_REPRESENTATION('',(#2957),#2961);
#2957 = LINE('',#2958,#2959);
#2958 = CARTESIAN_POINT('',(0.,-1.8));
#2959 = VECTOR('',#2960,1.);
#2960 = DIRECTION('',(1.,0.));
#2961 = ( GEOMETRIC_REPRESENTATION_CONTEXT(2) 
PARAMETRIC_REPRESENTATION_CONTEXT() REPRESENTATION_CONTEXT('2D SPACE',''
  ) );
#2962 = ORIENTED_EDGE('',*,*,#2963,.T.);
#2963 = EDGE_CURVE('',#2936,#2964,#2966,.T.);
#2964 = VERTEX_POINT('',#2965);
#2965 = CARTESIAN_POINT('',(-26.93770650821,0.178207252018,1.8));
#2966 = SURFACE_CURVE('',#2967,(#2971,#2978),.PCURVE_S1.);
#2967 = LINE('',#2968,#2969);
#2968 = CARTESIAN_POINT('',(-27.13588952783,0.245481322063,1.8));
#2969 = VECTOR('',#2970,1.);
#2970 = DIRECTION('',(0.946930129495,-0.321439465303,0.));
#2971 = PCURVE('',#126,#2972);
#2972 = DEFINITIONAL_REPRESENTATION('',(#2973),#2977);
#2973 = LINE('',#2974,#2975);
#2974 = CARTESIAN_POINT('',(-0.985889527836,0.245481322371));
#2975 = VECTOR('',#2976,1.);
#2976 = DIRECTION('',(0.946930129495,-0.321439465303));
#2977 = ( GEOMETRIC_REPRESENTATION_CONTEXT(2) 
PARAMETRIC_REPRESENTATION_CONTEXT() REPRESENTATION_CONTEXT('2D SPACE',''
  ) );
#2978 = PCURVE('',#2979,#2984);
#2979 = PLANE('',#2980);
#2980 = AXIS2_PLACEMENT_3D('',#2981,#2982,#2983);
#2981 = CARTESIAN_POINT('',(-27.13588952783,0.245481322063,0.));
#2982 = DIRECTION('',(0.321439465303,0.946930129495,0.));
#2983 = DIRECTION('',(0.946930129495,-0.321439465303,0.));
#2984 = DEFINITIONAL_REPRESENTATION('',(#2985),#2989);
#2985 = LINE('',#2986,#2987);
#2986 = CARTESIAN_POINT('',(0.,-1.8));
#2987 = VECTOR('',#2988,1.);
#2988 = DIRECTION('',(1.,0.));
#2989 = ( GEOMETRIC_REPRESENTATION_CONTEXT(2) 
PARAMETRIC_REPRESENTATION_CONTEXT() REPRESENTATION_CONTEXT('2D SPACE',''
  ) );
#2990 = ORIENTED_EDGE('',*,*,#2991,.T.);
#2991 = EDGE_CURVE('',#2964,#2992,#2994,.T.);
#2992 = VERTEX_POINT('',#2993);
#2993 = CARTESIAN_POINT('',(-26.75,8.56406460551E-02,1.8));
#2994 = SURFACE_CURVE('',#2995,(#2999,#3006),.PCURVE_S1.);
#2995 = LINE('',#2996,#2997);
#2996 = CARTESIAN_POINT('',(-26.93770650821,0.178207252018,1.8));
#2997 = VECTOR('',#2998,1.);
#2998 = DIRECTION('',(0.896872741533,-0.442288690219,0.));
#2999 = PCURVE('',#126,#3000);
#3000 = DEFINITIONAL_REPRESENTATION('',(#3001),#3005);
#3001 = LINE('',#3002,#3003);
#3002 = CARTESIAN_POINT('',(-0.787706508216,0.178207252327));
#3003 = VECTOR('',#3004,1.);
#3004 = DIRECTION('',(0.896872741533,-0.442288690219));
#3005 = ( GEOMETRIC_REPRESENTATION_CONTEXT(2) 
PARAMETRIC_REPRESENTATION_CONTEXT() REPRESENTATION_CONTEXT('2D SPACE',''
  ) );
#3006 = PCURVE('',#3007,#3012);
#3007 = PLANE('',#3008);
#3008 = AXIS2_PLACEMENT_3D('',#3009,#3010,#3011);
#3009 = CARTESIAN_POINT('',(-26.93770650821,0.178207252018,0.));
#3010 = DIRECTION('',(0.442288690219,0.896872741533,0.));
#3011 = DIRECTION('',(0.896872741533,-0.442288690219,0.));
#3012 = DEFINITIONAL_REPRESENTATION('',(#3013),#3017);
#3013 = LINE('',#3014,#3015);
#3014 = CARTESIAN_POINT('',(0.,-1.8));
#3015 = VECTOR('',#3016,1.);
#3016 = DIRECTION('',(1.,0.));
#3017 = ( GEOMETRIC_REPRESENTATION_CONTEXT(2) 
PARAMETRIC_REPRESENTATION_CONTEXT() REPRESENTATION_CONTEXT('2D SPACE',''
  ) );
#3018 = ORIENTED_EDGE('',*,*,#3019,.T.);
#3019 = EDGE_CURVE('',#2992,#3020,#3022,.T.);
#3020 = VERTEX_POINT('',#3021);
#3021 = CARTESIAN_POINT('',(-26.57598171358,-3.063465553402E-02,1.8));
#3022 = SURFACE_CURVE('',#3023,(#3027,#3034),.PCURVE_S1.);
#3023 = LINE('',#3024,#3025);
#3024 = CARTESIAN_POINT('',(-26.75,8.56406460551E-02,1.8));
#3025 = VECTOR('',#3026,1.);
#3026 = DIRECTION('',(0.831469612303,-0.55557023302,0.));
#3027 = PCURVE('',#126,#3028);
#3028 = DEFINITIONAL_REPRESENTATION('',(#3029),#3033);
#3029 = LINE('',#3030,#3031);
#3030 = CARTESIAN_POINT('',(-0.6,8.564064636384E-02));
#3031 = VECTOR('',#3032,1.);
#3032 = DIRECTION('',(0.831469612303,-0.55557023302));
#3033 = ( GEOMETRIC_REPRESENTATION_CONTEXT(2) 
PARAMETRIC_REPRESENTATION_CONTEXT() REPRESENTATION_CONTEXT('2D SPACE',''
  ) );
#3034 = PCURVE('',#3035,#3040);
#3035 = PLANE('',#3036);
#3036 = AXIS2_PLACEMENT_3D('',#3037,#3038,#3039);
#3037 = CARTESIAN_POINT('',(-26.75,8.56406460551E-02,0.));
#3038 = DIRECTION('',(0.55557023302,0.831469612303,0.));
#3039 = DIRECTION('',(0.831469612303,-0.55557023302,0.));
#3040 = DEFINITIONAL_REPRESENTATION('',(#3041),#3045);
#3041 = LINE('',#3042,#3043);
#3042 = CARTESIAN_POINT('',(0.,-1.8));
#3043 = VECTOR('',#3044,1.);
#3044 = DIRECTION('',(1.,0.));
#3045 = ( GEOMETRIC_REPRESENTATION_CONTEXT(2) 
PARAMETRIC_REPRESENTATION_CONTEXT() REPRESENTATION_CONTEXT('2D SPACE',''
  ) );
#3046 = ORIENTED_EDGE('',*,*,#3047,.T.);
#3047 = EDGE_CURVE('',#3020,#3048,#3050,.T.);
#3048 = VERTEX_POINT('',#3049);
#3049 = CARTESIAN_POINT('',(-26.4186291501,-0.168629150102,1.8));
#3050 = SURFACE_CURVE('',#3051,(#3055,#3062),.PCURVE_S1.);
#3051 = LINE('',#3052,#3053);
#3052 = CARTESIAN_POINT('',(-26.57598171358,-3.063465553402E-02,1.8));
#3053 = VECTOR('',#3054,1.);
#3054 = DIRECTION('',(0.751839807479,-0.6593458151,0.));
#3055 = PCURVE('',#126,#3056);
#3056 = DEFINITIONAL_REPRESENTATION('',(#3057),#3061);
#3057 = LINE('',#3058,#3059);
#3058 = CARTESIAN_POINT('',(-0.425981713586,-3.063465522528E-02));
#3059 = VECTOR('',#3060,1.);
#3060 = DIRECTION('',(0.751839807479,-0.6593458151));
#3061 = ( GEOMETRIC_REPRESENTATION_CONTEXT(2) 
PARAMETRIC_REPRESENTATION_CONTEXT() REPRESENTATION_CONTEXT('2D SPACE',''
  ) );
#3062 = PCURVE('',#3063,#3068);
#3063 = PLANE('',#3064);
#3064 = AXIS2_PLACEMENT_3D('',#3065,#3066,#3067);
#3065 = CARTESIAN_POINT('',(-26.57598171358,-3.063465553402E-02,0.));
#3066 = DIRECTION('',(0.6593458151,0.751839807479,0.));
#3067 = DIRECTION('',(0.751839807479,-0.6593458151,0.));
#3068 = DEFINITIONAL_REPRESENTATION('',(#3069),#3073);
#3069 = LINE('',#3070,#3071);
#3070 = CARTESIAN_POINT('',(0.,-1.8));
#3071 = VECTOR('',#3072,1.);
#3072 = DIRECTION('',(1.,0.));
#3073 = ( GEOMETRIC_REPRESENTATION_CONTEXT(2) 
PARAMETRIC_REPRESENTATION_CONTEXT() REPRESENTATION_CONTEXT('2D SPACE',''
  ) );
#3074 = ORIENTED_EDGE('',*,*,#3075,.T.);
#3075 = EDGE_CURVE('',#3048,#3076,#3078,.T.);
#3076 = VERTEX_POINT('',#3077);
#3077 = CARTESIAN_POINT('',(-26.28063465553,-0.325981713586,1.8));
#3078 = SURFACE_CURVE('',#3079,(#3083,#3090),.PCURVE_S1.);
#3079 = LINE('',#3080,#3081);
#3080 = CARTESIAN_POINT('',(-26.4186291501,-0.168629150102,1.8));
#3081 = VECTOR('',#3082,1.);
#3082 = DIRECTION('',(0.6593458151,-0.751839807479,0.));
#3083 = PCURVE('',#126,#3084);
#3084 = DEFINITIONAL_REPRESENTATION('',(#3085),#3089);
#3085 = LINE('',#3086,#3087);
#3086 = CARTESIAN_POINT('',(-0.268629150102,-0.168629149793));
#3087 = VECTOR('',#3088,1.);
#3088 = DIRECTION('',(0.6593458151,-0.751839807479));
#3089 = ( GEOMETRIC_REPRESENTATION_CONTEXT(2) 
PARAMETRIC_REPRESENTATION_CONTEXT() REPRESENTATION_CONTEXT('2D SPACE',''
  ) );
#3090 = PCURVE('',#3091,#3096);
#3091 = PLANE('',#3092);
#3092 = AXIS2_PLACEMENT_3D('',#3093,#3094,#3095);
#3093 = CARTESIAN_POINT('',(-26.4186291501,-0.168629150102,0.));
#3094 = DIRECTION('',(0.751839807479,0.6593458151,0.));
#3095 = DIRECTION('',(0.6593458151,-0.751839807479,0.));
#3096 = DEFINITIONAL_REPRESENTATION('',(#3097),#3101);
#3097 = LINE('',#3098,#3099);
#3098 = CARTESIAN_POINT('',(0.,-1.8));
#3099 = VECTOR('',#3100,1.);
#3100 = DIRECTION('',(1.,0.));
#3101 = ( GEOMETRIC_REPRESENTATION_CONTEXT(2) 
PARAMETRIC_REPRESENTATION_CONTEXT() REPRESENTATION_CONTEXT('2D SPACE',''
  ) );
#3102 = ORIENTED_EDGE('',*,*,#3103,.T.);
#3103 = EDGE_CURVE('',#3076,#3104,#3106,.T.);
#3104 = VERTEX_POINT('',#3105);
#3105 = CARTESIAN_POINT('',(-26.16435935394,-0.5,1.8));
#3106 = SURFACE_CURVE('',#3107,(#3111,#3118),.PCURVE_S1.);
#3107 = LINE('',#3108,#3109);
#3108 = CARTESIAN_POINT('',(-26.28063465553,-0.325981713586,1.8));
#3109 = VECTOR('',#3110,1.);
#3110 = DIRECTION('',(0.55557023302,-0.831469612303,0.));
#3111 = PCURVE('',#126,#3112);
#3112 = DEFINITIONAL_REPRESENTATION('',(#3113),#3117);
#3113 = LINE('',#3114,#3115);
#3114 = CARTESIAN_POINT('',(-0.130634655534,-0.325981713277));
#3115 = VECTOR('',#3116,1.);
#3116 = DIRECTION('',(0.55557023302,-0.831469612303));
#3117 = ( GEOMETRIC_REPRESENTATION_CONTEXT(2) 
PARAMETRIC_REPRESENTATION_CONTEXT() REPRESENTATION_CONTEXT('2D SPACE',''
  ) );
#3118 = PCURVE('',#3119,#3124);
#3119 = PLANE('',#3120);
#3120 = AXIS2_PLACEMENT_3D('',#3121,#3122,#3123);
#3121 = CARTESIAN_POINT('',(-26.28063465553,-0.325981713586,0.));
#3122 = DIRECTION('',(0.831469612303,0.55557023302,0.));
#3123 = DIRECTION('',(0.55557023302,-0.831469612303,0.));
#3124 = DEFINITIONAL_REPRESENTATION('',(#3125),#3129);
#3125 = LINE('',#3126,#3127);
#3126 = CARTESIAN_POINT('',(0.,-1.8));
#3127 = VECTOR('',#3128,1.);
#3128 = DIRECTION('',(1.,0.));
#3129 = ( GEOMETRIC_REPRESENTATION_CONTEXT(2) 
PARAMETRIC_REPRESENTATION_CONTEXT() REPRESENTATION_CONTEXT('2D SPACE',''
  ) );
#3130 = ORIENTED_EDGE('',*,*,#3131,.T.);
#3131 = EDGE_CURVE('',#3104,#3132,#3134,.T.);
#3132 = VERTEX_POINT('',#3133);
#3133 = CARTESIAN_POINT('',(-26.07179274798,-0.687706508216,1.8));
#3134 = SURFACE_CURVE('',#3135,(#3139,#3146),.PCURVE_S1.);
#3135 = LINE('',#3136,#3137);
#3136 = CARTESIAN_POINT('',(-26.16435935394,-0.5,1.8));
#3137 = VECTOR('',#3138,1.);
#3138 = DIRECTION('',(0.442288690219,-0.896872741533,0.));
#3139 = PCURVE('',#126,#3140);
#3140 = DEFINITIONAL_REPRESENTATION('',(#3141),#3145);
#3141 = LINE('',#3142,#3143);
#3142 = CARTESIAN_POINT('',(-1.435935394489E-02,-0.499999999691));
#3143 = VECTOR('',#3144,1.);
#3144 = DIRECTION('',(0.442288690219,-0.896872741533));
#3145 = ( GEOMETRIC_REPRESENTATION_CONTEXT(2) 
PARAMETRIC_REPRESENTATION_CONTEXT() REPRESENTATION_CONTEXT('2D SPACE',''
  ) );
#3146 = PCURVE('',#3147,#3152);
#3147 = PLANE('',#3148);
#3148 = AXIS2_PLACEMENT_3D('',#3149,#3150,#3151);
#3149 = CARTESIAN_POINT('',(-26.16435935394,-0.5,0.));
#3150 = DIRECTION('',(0.896872741533,0.442288690219,0.));
#3151 = DIRECTION('',(0.442288690219,-0.896872741533,0.));
#3152 = DEFINITIONAL_REPRESENTATION('',(#3153),#3157);
#3153 = LINE('',#3154,#3155);
#3154 = CARTESIAN_POINT('',(0.,-1.8));
#3155 = VECTOR('',#3156,1.);
#3156 = DIRECTION('',(1.,0.));
#3157 = ( GEOMETRIC_REPRESENTATION_CONTEXT(2) 
PARAMETRIC_REPRESENTATION_CONTEXT() REPRESENTATION_CONTEXT('2D SPACE',''
  ) );
#3158 = ORIENTED_EDGE('',*,*,#3159,.T.);
#3159 = EDGE_CURVE('',#3132,#3160,#3162,.T.);
#3160 = VERTEX_POINT('',#3161);
#3161 = CARTESIAN_POINT('',(-26.00451867793,-0.885889527836,1.8));
#3162 = SURFACE_CURVE('',#3163,(#3167,#3174),.PCURVE_S1.);
#3163 = LINE('',#3164,#3165);
#3164 = CARTESIAN_POINT('',(-26.07179274798,-0.687706508216,1.8));
#3165 = VECTOR('',#3166,1.);
#3166 = DIRECTION('',(0.321439465303,-0.946930129495,0.));
#3167 = PCURVE('',#126,#3168);
#3168 = DEFINITIONAL_REPRESENTATION('',(#3169),#3173);
#3169 = LINE('',#3170,#3171);
#3170 = CARTESIAN_POINT('',(7.820725201806E-02,-0.687706507907));
#3171 = VECTOR('',#3172,1.);
#3172 = DIRECTION('',(0.321439465303,-0.946930129495));
#3173 = ( GEOMETRIC_REPRESENTATION_CONTEXT(2) 
PARAMETRIC_REPRESENTATION_CONTEXT() REPRESENTATION_CONTEXT('2D SPACE',''
  ) );
#3174 = PCURVE('',#3175,#3180);
#3175 = PLANE('',#3176);
#3176 = AXIS2_PLACEMENT_3D('',#3177,#3178,#3179);
#3177 = CARTESIAN_POINT('',(-26.07179274798,-0.687706508216,0.));
#3178 = DIRECTION('',(0.946930129495,0.321439465303,0.));
#3179 = DIRECTION('',(0.321439465303,-0.946930129495,0.));
#3180 = DEFINITIONAL_REPRESENTATION('',(#3181),#3185);
#3181 = LINE('',#3182,#3183);
#3182 = CARTESIAN_POINT('',(0.,-1.8));
#3183 = VECTOR('',#3184,1.);
#3184 = DIRECTION('',(1.,0.));
#3185 = ( GEOMETRIC_REPRESENTATION_CONTEXT(2) 
PARAMETRIC_REPRESENTATION_CONTEXT() REPRESENTATION_CONTEXT('2D SPACE',''
  ) );
#3186 = ORIENTED_EDGE('',*,*,#3187,.T.);
#3187 = EDGE_CURVE('',#3160,#3188,#3190,.T.);
#3188 = VERTEX_POINT('',#3189);
#3189 = CARTESIAN_POINT('',(-25.9636882218,-1.091158092448,1.8));
#3190 = SURFACE_CURVE('',#3191,(#3195,#3202),.PCURVE_S1.);
#3191 = LINE('',#3192,#3193);
#3192 = CARTESIAN_POINT('',(-26.00451867793,-0.885889527836,1.8));
#3193 = VECTOR('',#3194,1.);
#3194 = DIRECTION('',(0.195090322016,-0.980785280403,0.));
#3195 = PCURVE('',#126,#3196);
#3196 = DEFINITIONAL_REPRESENTATION('',(#3197),#3201);
#3197 = LINE('',#3198,#3199);
#3198 = CARTESIAN_POINT('',(0.145481322063,-0.885889527527));
#3199 = VECTOR('',#3200,1.);
#3200 = DIRECTION('',(0.195090322016,-0.980785280403));
#3201 = ( GEOMETRIC_REPRESENTATION_CONTEXT(2) 
PARAMETRIC_REPRESENTATION_CONTEXT() REPRESENTATION_CONTEXT('2D SPACE',''
  ) );
#3202 = PCURVE('',#3203,#3208);
#3203 = PLANE('',#3204);
#3204 = AXIS2_PLACEMENT_3D('',#3205,#3206,#3207);
#3205 = CARTESIAN_POINT('',(-26.00451867793,-0.885889527836,0.));
#3206 = DIRECTION('',(0.980785280403,0.195090322016,0.));
#3207 = DIRECTION('',(0.195090322016,-0.980785280403,0.));
#3208 = DEFINITIONAL_REPRESENTATION('',(#3209),#3213);
#3209 = LINE('',#3210,#3211);
#3210 = CARTESIAN_POINT('',(0.,-1.8));
#3211 = VECTOR('',#3212,1.);
#3212 = DIRECTION('',(1.,0.));
#3213 = ( GEOMETRIC_REPRESENTATION_CONTEXT(2) 
PARAMETRIC_REPRESENTATION_CONTEXT() REPRESENTATION_CONTEXT('2D SPACE',''
  ) );
#3214 = ORIENTED_EDGE('',*,*,#3215,.T.);
#3215 = EDGE_CURVE('',#3188,#3216,#3218,.T.);
#3216 = VERTEX_POINT('',#3217);
#3217 = CARTESIAN_POINT('',(-25.95,-1.3,1.8));
#3218 = SURFACE_CURVE('',#3219,(#3223,#3230),.PCURVE_S1.);
#3219 = LINE('',#3220,#3221);
#3220 = CARTESIAN_POINT('',(-25.9636882218,-1.091158092448,1.8));
#3221 = VECTOR('',#3222,1.);
#3222 = DIRECTION('',(6.540312923014E-02,-0.997858923239,0.));
#3223 = PCURVE('',#126,#3224);
#3224 = DEFINITIONAL_REPRESENTATION('',(#3225),#3229);
#3225 = LINE('',#3226,#3227);
#3226 = CARTESIAN_POINT('',(0.186311778198,-1.091158092139));
#3227 = VECTOR('',#3228,1.);
#3228 = DIRECTION('',(6.540312923014E-02,-0.997858923239));
#3229 = ( GEOMETRIC_REPRESENTATION_CONTEXT(2) 
PARAMETRIC_REPRESENTATION_CONTEXT() REPRESENTATION_CONTEXT('2D SPACE',''
  ) );
#3230 = PCURVE('',#3231,#3236);
#3231 = PLANE('',#3232);
#3232 = AXIS2_PLACEMENT_3D('',#3233,#3234,#3235);
#3233 = CARTESIAN_POINT('',(-25.9636882218,-1.091158092448,0.));
#3234 = DIRECTION('',(0.997858923239,6.540312923014E-02,0.));
#3235 = DIRECTION('',(6.540312923014E-02,-0.997858923239,0.));
#3236 = DEFINITIONAL_REPRESENTATION('',(#3237),#3241);
#3237 = LINE('',#3238,#3239);
#3238 = CARTESIAN_POINT('',(0.,-1.8));
#3239 = VECTOR('',#3240,1.);
#3240 = DIRECTION('',(1.,0.));
#3241 = ( GEOMETRIC_REPRESENTATION_CONTEXT(2) 
PARAMETRIC_REPRESENTATION_CONTEXT() REPRESENTATION_CONTEXT('2D SPACE',''
  ) );
#3242 = ORIENTED_EDGE('',*,*,#3243,.T.);
#3243 = EDGE_CURVE('',#3216,#1926,#3244,.T.);
#3244 = SURFACE_CURVE('',#3245,(#3249,#3256),.PCURVE_S1.);
#3245 = LINE('',#3246,#3247);
#3246 = CARTESIAN_POINT('',(-25.95,-1.3,1.8));
#3247 = VECTOR('',#3248,1.);
#3248 = DIRECTION('',(-6.540312923014E-02,-0.997858923239,0.));
#3249 = PCURVE('',#126,#3250);
#3250 = DEFINITIONAL_REPRESENTATION('',(#3251),#3255);
#3251 = LINE('',#3252,#3253);
#3252 = CARTESIAN_POINT('',(0.2,-1.299999999691));
#3253 = VECTOR('',#3254,1.);
#3254 = DIRECTION('',(-6.540312923014E-02,-0.997858923239));
#3255 = ( GEOMETRIC_REPRESENTATION_CONTEXT(2) 
PARAMETRIC_REPRESENTATION_CONTEXT() REPRESENTATION_CONTEXT('2D SPACE',''
  ) );
#3256 = PCURVE('',#3257,#3262);
#3257 = PLANE('',#3258);
#3258 = AXIS2_PLACEMENT_3D('',#3259,#3260,#3261);
#3259 = CARTESIAN_POINT('',(-25.95,-1.3,0.));
#3260 = DIRECTION('',(0.997858923239,-6.540312923014E-02,0.));
#3261 = DIRECTION('',(-6.540312923014E-02,-0.997858923239,0.));
#3262 = DEFINITIONAL_REPRESENTATION('',(#3263),#3267);
#3263 = LINE('',#3264,#3265);
#3264 = CARTESIAN_POINT('',(0.,-1.8));
#3265 = VECTOR('',#3266,1.);
#3266 = DIRECTION('',(1.,0.));
#3267 = ( GEOMETRIC_REPRESENTATION_CONTEXT(2) 
PARAMETRIC_REPRESENTATION_CONTEXT() REPRESENTATION_CONTEXT('2D SPACE',''
  ) );
#3268 = FACE_BOUND('',#3269,.F.);
#3269 = EDGE_LOOP('',(#3270,#3300,#3328,#3356,#3384,#3412,#3440,#3468,
    #3496,#3524,#3552,#3580,#3608,#3636,#3664,#3692,#3720,#3748,#3776,
    #3804,#3832,#3860,#3888,#3916,#3944,#3972,#4000,#4028,#4056,#4084,
    #4112,#4140,#4168,#4196,#4224,#4252,#4280,#4308,#4336,#4364,#4392,
    #4420,#4448,#4476,#4504,#4532,#4560,#4588));
#3270 = ORIENTED_EDGE('',*,*,#3271,.T.);
#3271 = EDGE_CURVE('',#3272,#3274,#3276,.T.);
#3272 = VERTEX_POINT('',#3273);
#3273 = CARTESIAN_POINT('',(-12.7136882218,-8.258841907552,1.8));
#3274 = VERTEX_POINT('',#3275);
#3275 = CARTESIAN_POINT('',(-12.75451867793,-8.464110472164,1.8));
#3276 = SURFACE_CURVE('',#3277,(#3281,#3288),.PCURVE_S1.);
#3277 = LINE('',#3278,#3279);
#3278 = CARTESIAN_POINT('',(-12.7136882218,-8.258841907552,1.8));
#3279 = VECTOR('',#3280,1.);
#3280 = DIRECTION('',(-0.195090322016,-0.980785280403,0.));
#3281 = PCURVE('',#126,#3282);
#3282 = DEFINITIONAL_REPRESENTATION('',(#3283),#3287);
#3283 = LINE('',#3284,#3285);
#3284 = CARTESIAN_POINT('',(13.436311778198,-8.258841907243));
#3285 = VECTOR('',#3286,1.);
#3286 = DIRECTION('',(-0.195090322016,-0.980785280403));
#3287 = ( GEOMETRIC_REPRESENTATION_CONTEXT(2) 
PARAMETRIC_REPRESENTATION_CONTEXT() REPRESENTATION_CONTEXT('2D SPACE',''
  ) );
#3288 = PCURVE('',#3289,#3294);
#3289 = PLANE('',#3290);
#3290 = AXIS2_PLACEMENT_3D('',#3291,#3292,#3293);
#3291 = CARTESIAN_POINT('',(-12.7136882218,-8.258841907552,0.));
#3292 = DIRECTION('',(0.980785280403,-0.195090322016,0.));
#3293 = DIRECTION('',(-0.195090322016,-0.980785280403,0.));
#3294 = DEFINITIONAL_REPRESENTATION('',(#3295),#3299);
#3295 = LINE('',#3296,#3297);
#3296 = CARTESIAN_POINT('',(0.,-1.8));
#3297 = VECTOR('',#3298,1.);
#3298 = DIRECTION('',(1.,0.));
#3299 = ( GEOMETRIC_REPRESENTATION_CONTEXT(2) 
PARAMETRIC_REPRESENTATION_CONTEXT() REPRESENTATION_CONTEXT('2D SPACE',''
  ) );
#3300 = ORIENTED_EDGE('',*,*,#3301,.T.);
#3301 = EDGE_CURVE('',#3274,#3302,#3304,.T.);
#3302 = VERTEX_POINT('',#3303);
#3303 = CARTESIAN_POINT('',(-12.82179274798,-8.662293491784,1.8));
#3304 = SURFACE_CURVE('',#3305,(#3309,#3316),.PCURVE_S1.);
#3305 = LINE('',#3306,#3307);
#3306 = CARTESIAN_POINT('',(-12.75451867793,-8.464110472164,1.8));
#3307 = VECTOR('',#3308,1.);
#3308 = DIRECTION('',(-0.321439465303,-0.946930129495,0.));
#3309 = PCURVE('',#126,#3310);
#3310 = DEFINITIONAL_REPRESENTATION('',(#3311),#3315);
#3311 = LINE('',#3312,#3313);
#3312 = CARTESIAN_POINT('',(13.395481322063,-8.464110471855));
#3313 = VECTOR('',#3314,1.);
#3314 = DIRECTION('',(-0.321439465303,-0.946930129495));
#3315 = ( GEOMETRIC_REPRESENTATION_CONTEXT(2) 
PARAMETRIC_REPRESENTATION_CONTEXT() REPRESENTATION_CONTEXT('2D SPACE',''
  ) );
#3316 = PCURVE('',#3317,#3322);
#3317 = PLANE('',#3318);
#3318 = AXIS2_PLACEMENT_3D('',#3319,#3320,#3321);
#3319 = CARTESIAN_POINT('',(-12.75451867793,-8.464110472164,0.));
#3320 = DIRECTION('',(0.946930129495,-0.321439465303,0.));
#3321 = DIRECTION('',(-0.321439465303,-0.946930129495,0.));
#3322 = DEFINITIONAL_REPRESENTATION('',(#3323),#3327);
#3323 = LINE('',#3324,#3325);
#3324 = CARTESIAN_POINT('',(0.,-1.8));
#3325 = VECTOR('',#3326,1.);
#3326 = DIRECTION('',(1.,0.));
#3327 = ( GEOMETRIC_REPRESENTATION_CONTEXT(2) 
PARAMETRIC_REPRESENTATION_CONTEXT() REPRESENTATION_CONTEXT('2D SPACE',''
  ) );
#3328 = ORIENTED_EDGE('',*,*,#3329,.T.);
#3329 = EDGE_CURVE('',#3302,#3330,#3332,.T.);
#3330 = VERTEX_POINT('',#3331);
#3331 = CARTESIAN_POINT('',(-12.91435935394,-8.85,1.8));
#3332 = SURFACE_CURVE('',#3333,(#3337,#3344),.PCURVE_S1.);
#3333 = LINE('',#3334,#3335);
#3334 = CARTESIAN_POINT('',(-12.82179274798,-8.662293491784,1.8));
#3335 = VECTOR('',#3336,1.);
#3336 = DIRECTION('',(-0.442288690219,-0.896872741533,0.));
#3337 = PCURVE('',#126,#3338);
#3338 = DEFINITIONAL_REPRESENTATION('',(#3339),#3343);
#3339 = LINE('',#3340,#3341);
#3340 = CARTESIAN_POINT('',(13.328207252018,-8.662293491475));
#3341 = VECTOR('',#3342,1.);
#3342 = DIRECTION('',(-0.442288690219,-0.896872741533));
#3343 = ( GEOMETRIC_REPRESENTATION_CONTEXT(2) 
PARAMETRIC_REPRESENTATION_CONTEXT() REPRESENTATION_CONTEXT('2D SPACE',''
  ) );
#3344 = PCURVE('',#3345,#3350);
#3345 = PLANE('',#3346);
#3346 = AXIS2_PLACEMENT_3D('',#3347,#3348,#3349);
#3347 = CARTESIAN_POINT('',(-12.82179274798,-8.662293491784,0.));
#3348 = DIRECTION('',(0.896872741533,-0.442288690219,0.));
#3349 = DIRECTION('',(-0.442288690219,-0.896872741533,0.));
#3350 = DEFINITIONAL_REPRESENTATION('',(#3351),#3355);
#3351 = LINE('',#3352,#3353);
#3352 = CARTESIAN_POINT('',(0.,-1.8));
#3353 = VECTOR('',#3354,1.);
#3354 = DIRECTION('',(1.,0.));
#3355 = ( GEOMETRIC_REPRESENTATION_CONTEXT(2) 
PARAMETRIC_REPRESENTATION_CONTEXT() REPRESENTATION_CONTEXT('2D SPACE',''
  ) );
#3356 = ORIENTED_EDGE('',*,*,#3357,.T.);
#3357 = EDGE_CURVE('',#3330,#3358,#3360,.T.);
#3358 = VERTEX_POINT('',#3359);
#3359 = CARTESIAN_POINT('',(-13.03063465553,-9.024018286414,1.8));
#3360 = SURFACE_CURVE('',#3361,(#3365,#3372),.PCURVE_S1.);
#3361 = LINE('',#3362,#3363);
#3362 = CARTESIAN_POINT('',(-12.91435935394,-8.85,1.8));
#3363 = VECTOR('',#3364,1.);
#3364 = DIRECTION('',(-0.55557023302,-0.831469612303,0.));
#3365 = PCURVE('',#126,#3366);
#3366 = DEFINITIONAL_REPRESENTATION('',(#3367),#3371);
#3367 = LINE('',#3368,#3369);
#3368 = CARTESIAN_POINT('',(13.235640646055,-8.849999999691));
#3369 = VECTOR('',#3370,1.);
#3370 = DIRECTION('',(-0.55557023302,-0.831469612303));
#3371 = ( GEOMETRIC_REPRESENTATION_CONTEXT(2) 
PARAMETRIC_REPRESENTATION_CONTEXT() REPRESENTATION_CONTEXT('2D SPACE',''
  ) );
#3372 = PCURVE('',#3373,#3378);
#3373 = PLANE('',#3374);
#3374 = AXIS2_PLACEMENT_3D('',#3375,#3376,#3377);
#3375 = CARTESIAN_POINT('',(-12.91435935394,-8.85,0.));
#3376 = DIRECTION('',(0.831469612303,-0.55557023302,0.));
#3377 = DIRECTION('',(-0.55557023302,-0.831469612303,0.));
#3378 = DEFINITIONAL_REPRESENTATION('',(#3379),#3383);
#3379 = LINE('',#3380,#3381);
#3380 = CARTESIAN_POINT('',(0.,-1.8));
#3381 = VECTOR('',#3382,1.);
#3382 = DIRECTION('',(1.,0.));
#3383 = ( GEOMETRIC_REPRESENTATION_CONTEXT(2) 
PARAMETRIC_REPRESENTATION_CONTEXT() REPRESENTATION_CONTEXT('2D SPACE',''
  ) );
#3384 = ORIENTED_EDGE('',*,*,#3385,.T.);
#3385 = EDGE_CURVE('',#3358,#3386,#3388,.T.);
#3386 = VERTEX_POINT('',#3387);
#3387 = CARTESIAN_POINT('',(-13.1686291501,-9.181370849898,1.8));
#3388 = SURFACE_CURVE('',#3389,(#3393,#3400),.PCURVE_S1.);
#3389 = LINE('',#3390,#3391);
#3390 = CARTESIAN_POINT('',(-13.03063465553,-9.024018286414,1.8));
#3391 = VECTOR('',#3392,1.);
#3392 = DIRECTION('',(-0.6593458151,-0.751839807479,0.));
#3393 = PCURVE('',#126,#3394);
#3394 = DEFINITIONAL_REPRESENTATION('',(#3395),#3399);
#3395 = LINE('',#3396,#3397);
#3396 = CARTESIAN_POINT('',(13.119365344466,-9.024018286105));
#3397 = VECTOR('',#3398,1.);
#3398 = DIRECTION('',(-0.6593458151,-0.751839807479));
#3399 = ( GEOMETRIC_REPRESENTATION_CONTEXT(2) 
PARAMETRIC_REPRESENTATION_CONTEXT() REPRESENTATION_CONTEXT('2D SPACE',''
  ) );
#3400 = PCURVE('',#3401,#3406);
#3401 = PLANE('',#3402);
#3402 = AXIS2_PLACEMENT_3D('',#3403,#3404,#3405);
#3403 = CARTESIAN_POINT('',(-13.03063465553,-9.024018286414,0.));
#3404 = DIRECTION('',(0.751839807479,-0.6593458151,0.));
#3405 = DIRECTION('',(-0.6593458151,-0.751839807479,0.));
#3406 = DEFINITIONAL_REPRESENTATION('',(#3407),#3411);
#3407 = LINE('',#3408,#3409);
#3408 = CARTESIAN_POINT('',(0.,-1.8));
#3409 = VECTOR('',#3410,1.);
#3410 = DIRECTION('',(1.,0.));
#3411 = ( GEOMETRIC_REPRESENTATION_CONTEXT(2) 
PARAMETRIC_REPRESENTATION_CONTEXT() REPRESENTATION_CONTEXT('2D SPACE',''
  ) );
#3412 = ORIENTED_EDGE('',*,*,#3413,.T.);
#3413 = EDGE_CURVE('',#3386,#3414,#3416,.T.);
#3414 = VERTEX_POINT('',#3415);
#3415 = CARTESIAN_POINT('',(-13.32598171358,-9.319365344466,1.8));
#3416 = SURFACE_CURVE('',#3417,(#3421,#3428),.PCURVE_S1.);
#3417 = LINE('',#3418,#3419);
#3418 = CARTESIAN_POINT('',(-13.1686291501,-9.181370849898,1.8));
#3419 = VECTOR('',#3420,1.);
#3420 = DIRECTION('',(-0.751839807479,-0.6593458151,0.));
#3421 = PCURVE('',#126,#3422);
#3422 = DEFINITIONAL_REPRESENTATION('',(#3423),#3427);
#3423 = LINE('',#3424,#3425);
#3424 = CARTESIAN_POINT('',(12.981370849898,-9.18137084959));
#3425 = VECTOR('',#3426,1.);
#3426 = DIRECTION('',(-0.751839807479,-0.6593458151));
#3427 = ( GEOMETRIC_REPRESENTATION_CONTEXT(2) 
PARAMETRIC_REPRESENTATION_CONTEXT() REPRESENTATION_CONTEXT('2D SPACE',''
  ) );
#3428 = PCURVE('',#3429,#3434);
#3429 = PLANE('',#3430);
#3430 = AXIS2_PLACEMENT_3D('',#3431,#3432,#3433);
#3431 = CARTESIAN_POINT('',(-13.1686291501,-9.181370849898,0.));
#3432 = DIRECTION('',(0.6593458151,-0.751839807479,0.));
#3433 = DIRECTION('',(-0.751839807479,-0.6593458151,0.));
#3434 = DEFINITIONAL_REPRESENTATION('',(#3435),#3439);
#3435 = LINE('',#3436,#3437);
#3436 = CARTESIAN_POINT('',(0.,-1.8));
#3437 = VECTOR('',#3438,1.);
#3438 = DIRECTION('',(1.,0.));
#3439 = ( GEOMETRIC_REPRESENTATION_CONTEXT(2) 
PARAMETRIC_REPRESENTATION_CONTEXT() REPRESENTATION_CONTEXT('2D SPACE',''
  ) );
#3440 = ORIENTED_EDGE('',*,*,#3441,.T.);
#3441 = EDGE_CURVE('',#3414,#3442,#3444,.T.);
#3442 = VERTEX_POINT('',#3443);
#3443 = CARTESIAN_POINT('',(-13.5,-9.435640646055,1.8));
#3444 = SURFACE_CURVE('',#3445,(#3449,#3456),.PCURVE_S1.);
#3445 = LINE('',#3446,#3447);
#3446 = CARTESIAN_POINT('',(-13.32598171358,-9.319365344466,1.8));
#3447 = VECTOR('',#3448,1.);
#3448 = DIRECTION('',(-0.831469612303,-0.55557023302,0.));
#3449 = PCURVE('',#126,#3450);
#3450 = DEFINITIONAL_REPRESENTATION('',(#3451),#3455);
#3451 = LINE('',#3452,#3453);
#3452 = CARTESIAN_POINT('',(12.824018286414,-9.319365344157));
#3453 = VECTOR('',#3454,1.);
#3454 = DIRECTION('',(-0.831469612303,-0.55557023302));
#3455 = ( GEOMETRIC_REPRESENTATION_CONTEXT(2) 
PARAMETRIC_REPRESENTATION_CONTEXT() REPRESENTATION_CONTEXT('2D SPACE',''
  ) );
#3456 = PCURVE('',#3457,#3462);
#3457 = PLANE('',#3458);
#3458 = AXIS2_PLACEMENT_3D('',#3459,#3460,#3461);
#3459 = CARTESIAN_POINT('',(-13.32598171358,-9.319365344466,0.));
#3460 = DIRECTION('',(0.55557023302,-0.831469612303,0.));
#3461 = DIRECTION('',(-0.831469612303,-0.55557023302,0.));
#3462 = DEFINITIONAL_REPRESENTATION('',(#3463),#3467);
#3463 = LINE('',#3464,#3465);
#3464 = CARTESIAN_POINT('',(0.,-1.8));
#3465 = VECTOR('',#3466,1.);
#3466 = DIRECTION('',(1.,0.));
#3467 = ( GEOMETRIC_REPRESENTATION_CONTEXT(2) 
PARAMETRIC_REPRESENTATION_CONTEXT() REPRESENTATION_CONTEXT('2D SPACE',''
  ) );
#3468 = ORIENTED_EDGE('',*,*,#3469,.T.);
#3469 = EDGE_CURVE('',#3442,#3470,#3472,.T.);
#3470 = VERTEX_POINT('',#3471);
#3471 = CARTESIAN_POINT('',(-13.68770650821,-9.528207252018,1.8));
#3472 = SURFACE_CURVE('',#3473,(#3477,#3484),.PCURVE_S1.);
#3473 = LINE('',#3474,#3475);
#3474 = CARTESIAN_POINT('',(-13.5,-9.435640646055,1.8));
#3475 = VECTOR('',#3476,1.);
#3476 = DIRECTION('',(-0.896872741533,-0.442288690219,0.));
#3477 = PCURVE('',#126,#3478);
#3478 = DEFINITIONAL_REPRESENTATION('',(#3479),#3483);
#3479 = LINE('',#3480,#3481);
#3480 = CARTESIAN_POINT('',(12.65,-9.435640645746));
#3481 = VECTOR('',#3482,1.);
#3482 = DIRECTION('',(-0.896872741533,-0.442288690219));
#3483 = ( GEOMETRIC_REPRESENTATION_CONTEXT(2) 
PARAMETRIC_REPRESENTATION_CONTEXT() REPRESENTATION_CONTEXT('2D SPACE',''
  ) );
#3484 = PCURVE('',#3485,#3490);
#3485 = PLANE('',#3486);
#3486 = AXIS2_PLACEMENT_3D('',#3487,#3488,#3489);
#3487 = CARTESIAN_POINT('',(-13.5,-9.435640646055,0.));
#3488 = DIRECTION('',(0.442288690219,-0.896872741533,0.));
#3489 = DIRECTION('',(-0.896872741533,-0.442288690219,0.));
#3490 = DEFINITIONAL_REPRESENTATION('',(#3491),#3495);
#3491 = LINE('',#3492,#3493);
#3492 = CARTESIAN_POINT('',(0.,-1.8));
#3493 = VECTOR('',#3494,1.);
#3494 = DIRECTION('',(1.,0.));
#3495 = ( GEOMETRIC_REPRESENTATION_CONTEXT(2) 
PARAMETRIC_REPRESENTATION_CONTEXT() REPRESENTATION_CONTEXT('2D SPACE',''
  ) );
#3496 = ORIENTED_EDGE('',*,*,#3497,.T.);
#3497 = EDGE_CURVE('',#3470,#3498,#3500,.T.);
#3498 = VERTEX_POINT('',#3499);
#3499 = CARTESIAN_POINT('',(-13.88588952783,-9.595481322063,1.8));
#3500 = SURFACE_CURVE('',#3501,(#3505,#3512),.PCURVE_S1.);
#3501 = LINE('',#3502,#3503);
#3502 = CARTESIAN_POINT('',(-13.68770650821,-9.528207252018,1.8));
#3503 = VECTOR('',#3504,1.);
#3504 = DIRECTION('',(-0.946930129495,-0.321439465303,0.));
#3505 = PCURVE('',#126,#3506);
#3506 = DEFINITIONAL_REPRESENTATION('',(#3507),#3511);
#3507 = LINE('',#3508,#3509);
#3508 = CARTESIAN_POINT('',(12.462293491784,-9.528207251709));
#3509 = VECTOR('',#3510,1.);
#3510 = DIRECTION('',(-0.946930129495,-0.321439465303));
#3511 = ( GEOMETRIC_REPRESENTATION_CONTEXT(2) 
PARAMETRIC_REPRESENTATION_CONTEXT() REPRESENTATION_CONTEXT('2D SPACE',''
  ) );
#3512 = PCURVE('',#3513,#3518);
#3513 = PLANE('',#3514);
#3514 = AXIS2_PLACEMENT_3D('',#3515,#3516,#3517);
#3515 = CARTESIAN_POINT('',(-13.68770650821,-9.528207252018,0.));
#3516 = DIRECTION('',(0.321439465303,-0.946930129495,0.));
#3517 = DIRECTION('',(-0.946930129495,-0.321439465303,0.));
#3518 = DEFINITIONAL_REPRESENTATION('',(#3519),#3523);
#3519 = LINE('',#3520,#3521);
#3520 = CARTESIAN_POINT('',(0.,-1.8));
#3521 = VECTOR('',#3522,1.);
#3522 = DIRECTION('',(1.,0.));
#3523 = ( GEOMETRIC_REPRESENTATION_CONTEXT(2) 
PARAMETRIC_REPRESENTATION_CONTEXT() REPRESENTATION_CONTEXT('2D SPACE',''
  ) );
#3524 = ORIENTED_EDGE('',*,*,#3525,.T.);
#3525 = EDGE_CURVE('',#3498,#3526,#3528,.T.);
#3526 = VERTEX_POINT('',#3527);
#3527 = CARTESIAN_POINT('',(-14.09115809244,-9.636311778198,1.8));
#3528 = SURFACE_CURVE('',#3529,(#3533,#3540),.PCURVE_S1.);
#3529 = LINE('',#3530,#3531);
#3530 = CARTESIAN_POINT('',(-13.88588952783,-9.595481322063,1.8));
#3531 = VECTOR('',#3532,1.);
#3532 = DIRECTION('',(-0.980785280403,-0.195090322016,0.));
#3533 = PCURVE('',#126,#3534);
#3534 = DEFINITIONAL_REPRESENTATION('',(#3535),#3539);
#3535 = LINE('',#3536,#3537);
#3536 = CARTESIAN_POINT('',(12.264110472164,-9.595481321754));
#3537 = VECTOR('',#3538,1.);
#3538 = DIRECTION('',(-0.980785280403,-0.195090322016));
#3539 = ( GEOMETRIC_REPRESENTATION_CONTEXT(2) 
PARAMETRIC_REPRESENTATION_CONTEXT() REPRESENTATION_CONTEXT('2D SPACE',''
  ) );
#3540 = PCURVE('',#3541,#3546);
#3541 = PLANE('',#3542);
#3542 = AXIS2_PLACEMENT_3D('',#3543,#3544,#3545);
#3543 = CARTESIAN_POINT('',(-13.88588952783,-9.595481322063,0.));
#3544 = DIRECTION('',(0.195090322016,-0.980785280403,0.));
#3545 = DIRECTION('',(-0.980785280403,-0.195090322016,0.));
#3546 = DEFINITIONAL_REPRESENTATION('',(#3547),#3551);
#3547 = LINE('',#3548,#3549);
#3548 = CARTESIAN_POINT('',(0.,-1.8));
#3549 = VECTOR('',#3550,1.);
#3550 = DIRECTION('',(1.,0.));
#3551 = ( GEOMETRIC_REPRESENTATION_CONTEXT(2) 
PARAMETRIC_REPRESENTATION_CONTEXT() REPRESENTATION_CONTEXT('2D SPACE',''
  ) );
#3552 = ORIENTED_EDGE('',*,*,#3553,.T.);
#3553 = EDGE_CURVE('',#3526,#3554,#3556,.T.);
#3554 = VERTEX_POINT('',#3555);
#3555 = CARTESIAN_POINT('',(-14.3,-9.65,1.8));
#3556 = SURFACE_CURVE('',#3557,(#3561,#3568),.PCURVE_S1.);
#3557 = LINE('',#3558,#3559);
#3558 = CARTESIAN_POINT('',(-14.09115809244,-9.636311778198,1.8));
#3559 = VECTOR('',#3560,1.);
#3560 = DIRECTION('',(-0.997858923239,-6.540312923014E-02,0.));
#3561 = PCURVE('',#126,#3562);
#3562 = DEFINITIONAL_REPRESENTATION('',(#3563),#3567);
#3563 = LINE('',#3564,#3565);
#3564 = CARTESIAN_POINT('',(12.058841907552,-9.636311777889));
#3565 = VECTOR('',#3566,1.);
#3566 = DIRECTION('',(-0.997858923239,-6.540312923014E-02));
#3567 = ( GEOMETRIC_REPRESENTATION_CONTEXT(2) 
PARAMETRIC_REPRESENTATION_CONTEXT() REPRESENTATION_CONTEXT('2D SPACE',''
  ) );
#3568 = PCURVE('',#3569,#3574);
#3569 = PLANE('',#3570);
#3570 = AXIS2_PLACEMENT_3D('',#3571,#3572,#3573);
#3571 = CARTESIAN_POINT('',(-14.09115809244,-9.636311778198,0.));
#3572 = DIRECTION('',(6.540312923014E-02,-0.997858923239,0.));
#3573 = DIRECTION('',(-0.997858923239,-6.540312923014E-02,0.));
#3574 = DEFINITIONAL_REPRESENTATION('',(#3575),#3579);
#3575 = LINE('',#3576,#3577);
#3576 = CARTESIAN_POINT('',(0.,-1.8));
#3577 = VECTOR('',#3578,1.);
#3578 = DIRECTION('',(1.,0.));
#3579 = ( GEOMETRIC_REPRESENTATION_CONTEXT(2) 
PARAMETRIC_REPRESENTATION_CONTEXT() REPRESENTATION_CONTEXT('2D SPACE',''
  ) );
#3580 = ORIENTED_EDGE('',*,*,#3581,.T.);
#3581 = EDGE_CURVE('',#3554,#3582,#3584,.T.);
#3582 = VERTEX_POINT('',#3583);
#3583 = CARTESIAN_POINT('',(-14.50884190755,-9.636311778198,1.8));
#3584 = SURFACE_CURVE('',#3585,(#3589,#3596),.PCURVE_S1.);
#3585 = LINE('',#3586,#3587);
#3586 = CARTESIAN_POINT('',(-14.3,-9.65,1.8));
#3587 = VECTOR('',#3588,1.);
#3588 = DIRECTION('',(-0.997858923239,6.540312923014E-02,0.));
#3589 = PCURVE('',#126,#3590);
#3590 = DEFINITIONAL_REPRESENTATION('',(#3591),#3595);
#3591 = LINE('',#3592,#3593);
#3592 = CARTESIAN_POINT('',(11.85,-9.649999999691));
#3593 = VECTOR('',#3594,1.);
#3594 = DIRECTION('',(-0.997858923239,6.540312923014E-02));
#3595 = ( GEOMETRIC_REPRESENTATION_CONTEXT(2) 
PARAMETRIC_REPRESENTATION_CONTEXT() REPRESENTATION_CONTEXT('2D SPACE',''
  ) );
#3596 = PCURVE('',#3597,#3602);
#3597 = PLANE('',#3598);
#3598 = AXIS2_PLACEMENT_3D('',#3599,#3600,#3601);
#3599 = CARTESIAN_POINT('',(-14.3,-9.65,0.));
#3600 = DIRECTION('',(-6.540312923014E-02,-0.997858923239,-0.));
#3601 = DIRECTION('',(-0.997858923239,6.540312923014E-02,0.));
#3602 = DEFINITIONAL_REPRESENTATION('',(#3603),#3607);
#3603 = LINE('',#3604,#3605);
#3604 = CARTESIAN_POINT('',(0.,-1.8));
#3605 = VECTOR('',#3606,1.);
#3606 = DIRECTION('',(1.,0.));
#3607 = ( GEOMETRIC_REPRESENTATION_CONTEXT(2) 
PARAMETRIC_REPRESENTATION_CONTEXT() REPRESENTATION_CONTEXT('2D SPACE',''
  ) );
#3608 = ORIENTED_EDGE('',*,*,#3609,.T.);
#3609 = EDGE_CURVE('',#3582,#3610,#3612,.T.);
#3610 = VERTEX_POINT('',#3611);
#3611 = CARTESIAN_POINT('',(-14.71411047216,-9.595481322063,1.8));
#3612 = SURFACE_CURVE('',#3613,(#3617,#3624),.PCURVE_S1.);
#3613 = LINE('',#3614,#3615);
#3614 = CARTESIAN_POINT('',(-14.50884190755,-9.636311778198,1.8));
#3615 = VECTOR('',#3616,1.);
#3616 = DIRECTION('',(-0.980785280403,0.195090322016,0.));
#3617 = PCURVE('',#126,#3618);
#3618 = DEFINITIONAL_REPRESENTATION('',(#3619),#3623);
#3619 = LINE('',#3620,#3621);
#3620 = CARTESIAN_POINT('',(11.641158092448,-9.636311777889));
#3621 = VECTOR('',#3622,1.);
#3622 = DIRECTION('',(-0.980785280403,0.195090322016));
#3623 = ( GEOMETRIC_REPRESENTATION_CONTEXT(2) 
PARAMETRIC_REPRESENTATION_CONTEXT() REPRESENTATION_CONTEXT('2D SPACE',''
  ) );
#3624 = PCURVE('',#3625,#3630);
#3625 = PLANE('',#3626);
#3626 = AXIS2_PLACEMENT_3D('',#3627,#3628,#3629);
#3627 = CARTESIAN_POINT('',(-14.50884190755,-9.636311778198,0.));
#3628 = DIRECTION('',(-0.195090322016,-0.980785280403,-0.));
#3629 = DIRECTION('',(-0.980785280403,0.195090322016,0.));
#3630 = DEFINITIONAL_REPRESENTATION('',(#3631),#3635);
#3631 = LINE('',#3632,#3633);
#3632 = CARTESIAN_POINT('',(0.,-1.8));
#3633 = VECTOR('',#3634,1.);
#3634 = DIRECTION('',(1.,0.));
#3635 = ( GEOMETRIC_REPRESENTATION_CONTEXT(2) 
PARAMETRIC_REPRESENTATION_CONTEXT() REPRESENTATION_CONTEXT('2D SPACE',''
  ) );
#3636 = ORIENTED_EDGE('',*,*,#3637,.T.);
#3637 = EDGE_CURVE('',#3610,#3638,#3640,.T.);
#3638 = VERTEX_POINT('',#3639);
#3639 = CARTESIAN_POINT('',(-14.91229349178,-9.528207252018,1.8));
#3640 = SURFACE_CURVE('',#3641,(#3645,#3652),.PCURVE_S1.);
#3641 = LINE('',#3642,#3643);
#3642 = CARTESIAN_POINT('',(-14.71411047216,-9.595481322063,1.8));
#3643 = VECTOR('',#3644,1.);
#3644 = DIRECTION('',(-0.946930129495,0.321439465303,0.));
#3645 = PCURVE('',#126,#3646);
#3646 = DEFINITIONAL_REPRESENTATION('',(#3647),#3651);
#3647 = LINE('',#3648,#3649);
#3648 = CARTESIAN_POINT('',(11.435889527836,-9.595481321754));
#3649 = VECTOR('',#3650,1.);
#3650 = DIRECTION('',(-0.946930129495,0.321439465303));
#3651 = ( GEOMETRIC_REPRESENTATION_CONTEXT(2) 
PARAMETRIC_REPRESENTATION_CONTEXT() REPRESENTATION_CONTEXT('2D SPACE',''
  ) );
#3652 = PCURVE('',#3653,#3658);
#3653 = PLANE('',#3654);
#3654 = AXIS2_PLACEMENT_3D('',#3655,#3656,#3657);
#3655 = CARTESIAN_POINT('',(-14.71411047216,-9.595481322063,0.));
#3656 = DIRECTION('',(-0.321439465303,-0.946930129495,-0.));
#3657 = DIRECTION('',(-0.946930129495,0.321439465303,0.));
#3658 = DEFINITIONAL_REPRESENTATION('',(#3659),#3663);
#3659 = LINE('',#3660,#3661);
#3660 = CARTESIAN_POINT('',(0.,-1.8));
#3661 = VECTOR('',#3662,1.);
#3662 = DIRECTION('',(1.,0.));
#3663 = ( GEOMETRIC_REPRESENTATION_CONTEXT(2) 
PARAMETRIC_REPRESENTATION_CONTEXT() REPRESENTATION_CONTEXT('2D SPACE',''
  ) );
#3664 = ORIENTED_EDGE('',*,*,#3665,.T.);
#3665 = EDGE_CURVE('',#3638,#3666,#3668,.T.);
#3666 = VERTEX_POINT('',#3667);
#3667 = CARTESIAN_POINT('',(-15.1,-9.435640646055,1.8));
#3668 = SURFACE_CURVE('',#3669,(#3673,#3680),.PCURVE_S1.);
#3669 = LINE('',#3670,#3671);
#3670 = CARTESIAN_POINT('',(-14.91229349178,-9.528207252018,1.8));
#3671 = VECTOR('',#3672,1.);
#3672 = DIRECTION('',(-0.896872741533,0.442288690219,0.));
#3673 = PCURVE('',#126,#3674);
#3674 = DEFINITIONAL_REPRESENTATION('',(#3675),#3679);
#3675 = LINE('',#3676,#3677);
#3676 = CARTESIAN_POINT('',(11.237706508216,-9.528207251709));
#3677 = VECTOR('',#3678,1.);
#3678 = DIRECTION('',(-0.896872741533,0.442288690219));
#3679 = ( GEOMETRIC_REPRESENTATION_CONTEXT(2) 
PARAMETRIC_REPRESENTATION_CONTEXT() REPRESENTATION_CONTEXT('2D SPACE',''
  ) );
#3680 = PCURVE('',#3681,#3686);
#3681 = PLANE('',#3682);
#3682 = AXIS2_PLACEMENT_3D('',#3683,#3684,#3685);
#3683 = CARTESIAN_POINT('',(-14.91229349178,-9.528207252018,0.));
#3684 = DIRECTION('',(-0.442288690219,-0.896872741533,-0.));
#3685 = DIRECTION('',(-0.896872741533,0.442288690219,0.));
#3686 = DEFINITIONAL_REPRESENTATION('',(#3687),#3691);
#3687 = LINE('',#3688,#3689);
#3688 = CARTESIAN_POINT('',(0.,-1.8));
#3689 = VECTOR('',#3690,1.);
#3690 = DIRECTION('',(1.,0.));
#3691 = ( GEOMETRIC_REPRESENTATION_CONTEXT(2) 
PARAMETRIC_REPRESENTATION_CONTEXT() REPRESENTATION_CONTEXT('2D SPACE',''
  ) );
#3692 = ORIENTED_EDGE('',*,*,#3693,.T.);
#3693 = EDGE_CURVE('',#3666,#3694,#3696,.T.);
#3694 = VERTEX_POINT('',#3695);
#3695 = CARTESIAN_POINT('',(-15.27401828641,-9.319365344466,1.8));
#3696 = SURFACE_CURVE('',#3697,(#3701,#3708),.PCURVE_S1.);
#3697 = LINE('',#3698,#3699);
#3698 = CARTESIAN_POINT('',(-15.1,-9.435640646055,1.8));
#3699 = VECTOR('',#3700,1.);
#3700 = DIRECTION('',(-0.831469612303,0.55557023302,0.));
#3701 = PCURVE('',#126,#3702);
#3702 = DEFINITIONAL_REPRESENTATION('',(#3703),#3707);
#3703 = LINE('',#3704,#3705);
#3704 = CARTESIAN_POINT('',(11.05,-9.435640645746));
#3705 = VECTOR('',#3706,1.);
#3706 = DIRECTION('',(-0.831469612303,0.55557023302));
#3707 = ( GEOMETRIC_REPRESENTATION_CONTEXT(2) 
PARAMETRIC_REPRESENTATION_CONTEXT() REPRESENTATION_CONTEXT('2D SPACE',''
  ) );
#3708 = PCURVE('',#3709,#3714);
#3709 = PLANE('',#3710);
#3710 = AXIS2_PLACEMENT_3D('',#3711,#3712,#3713);
#3711 = CARTESIAN_POINT('',(-15.1,-9.435640646055,0.));
#3712 = DIRECTION('',(-0.55557023302,-0.831469612303,-0.));
#3713 = DIRECTION('',(-0.831469612303,0.55557023302,0.));
#3714 = DEFINITIONAL_REPRESENTATION('',(#3715),#3719);
#3715 = LINE('',#3716,#3717);
#3716 = CARTESIAN_POINT('',(0.,-1.8));
#3717 = VECTOR('',#3718,1.);
#3718 = DIRECTION('',(1.,0.));
#3719 = ( GEOMETRIC_REPRESENTATION_CONTEXT(2) 
PARAMETRIC_REPRESENTATION_CONTEXT() REPRESENTATION_CONTEXT('2D SPACE',''
  ) );
#3720 = ORIENTED_EDGE('',*,*,#3721,.T.);
#3721 = EDGE_CURVE('',#3694,#3722,#3724,.T.);
#3722 = VERTEX_POINT('',#3723);
#3723 = CARTESIAN_POINT('',(-15.43137084989,-9.181370849898,1.8));
#3724 = SURFACE_CURVE('',#3725,(#3729,#3736),.PCURVE_S1.);
#3725 = LINE('',#3726,#3727);
#3726 = CARTESIAN_POINT('',(-15.27401828641,-9.319365344466,1.8));
#3727 = VECTOR('',#3728,1.);
#3728 = DIRECTION('',(-0.751839807479,0.6593458151,0.));
#3729 = PCURVE('',#126,#3730);
#3730 = DEFINITIONAL_REPRESENTATION('',(#3731),#3735);
#3731 = LINE('',#3732,#3733);
#3732 = CARTESIAN_POINT('',(10.875981713586,-9.319365344157));
#3733 = VECTOR('',#3734,1.);
#3734 = DIRECTION('',(-0.751839807479,0.6593458151));
#3735 = ( GEOMETRIC_REPRESENTATION_CONTEXT(2) 
PARAMETRIC_REPRESENTATION_CONTEXT() REPRESENTATION_CONTEXT('2D SPACE',''
  ) );
#3736 = PCURVE('',#3737,#3742);
#3737 = PLANE('',#3738);
#3738 = AXIS2_PLACEMENT_3D('',#3739,#3740,#3741);
#3739 = CARTESIAN_POINT('',(-15.27401828641,-9.319365344466,0.));
#3740 = DIRECTION('',(-0.6593458151,-0.751839807479,-0.));
#3741 = DIRECTION('',(-0.751839807479,0.6593458151,0.));
#3742 = DEFINITIONAL_REPRESENTATION('',(#3743),#3747);
#3743 = LINE('',#3744,#3745);
#3744 = CARTESIAN_POINT('',(0.,-1.8));
#3745 = VECTOR('',#3746,1.);
#3746 = DIRECTION('',(1.,0.));
#3747 = ( GEOMETRIC_REPRESENTATION_CONTEXT(2) 
PARAMETRIC_REPRESENTATION_CONTEXT() REPRESENTATION_CONTEXT('2D SPACE',''
  ) );
#3748 = ORIENTED_EDGE('',*,*,#3749,.T.);
#3749 = EDGE_CURVE('',#3722,#3750,#3752,.T.);
#3750 = VERTEX_POINT('',#3751);
#3751 = CARTESIAN_POINT('',(-15.56936534446,-9.024018286414,1.8));
#3752 = SURFACE_CURVE('',#3753,(#3757,#3764),.PCURVE_S1.);
#3753 = LINE('',#3754,#3755);
#3754 = CARTESIAN_POINT('',(-15.43137084989,-9.181370849898,1.8));
#3755 = VECTOR('',#3756,1.);
#3756 = DIRECTION('',(-0.6593458151,0.751839807479,0.));
#3757 = PCURVE('',#126,#3758);
#3758 = DEFINITIONAL_REPRESENTATION('',(#3759),#3763);
#3759 = LINE('',#3760,#3761);
#3760 = CARTESIAN_POINT('',(10.718629150102,-9.18137084959));
#3761 = VECTOR('',#3762,1.);
#3762 = DIRECTION('',(-0.6593458151,0.751839807479));
#3763 = ( GEOMETRIC_REPRESENTATION_CONTEXT(2) 
PARAMETRIC_REPRESENTATION_CONTEXT() REPRESENTATION_CONTEXT('2D SPACE',''
  ) );
#3764 = PCURVE('',#3765,#3770);
#3765 = PLANE('',#3766);
#3766 = AXIS2_PLACEMENT_3D('',#3767,#3768,#3769);
#3767 = CARTESIAN_POINT('',(-15.43137084989,-9.181370849898,0.));
#3768 = DIRECTION('',(-0.751839807479,-0.6593458151,-0.));
#3769 = DIRECTION('',(-0.6593458151,0.751839807479,0.));
#3770 = DEFINITIONAL_REPRESENTATION('',(#3771),#3775);
#3771 = LINE('',#3772,#3773);
#3772 = CARTESIAN_POINT('',(0.,-1.8));
#3773 = VECTOR('',#3774,1.);
#3774 = DIRECTION('',(1.,0.));
#3775 = ( GEOMETRIC_REPRESENTATION_CONTEXT(2) 
PARAMETRIC_REPRESENTATION_CONTEXT() REPRESENTATION_CONTEXT('2D SPACE',''
  ) );
#3776 = ORIENTED_EDGE('',*,*,#3777,.T.);
#3777 = EDGE_CURVE('',#3750,#3778,#3780,.T.);
#3778 = VERTEX_POINT('',#3779);
#3779 = CARTESIAN_POINT('',(-15.68564064605,-8.85,1.8));
#3780 = SURFACE_CURVE('',#3781,(#3785,#3792),.PCURVE_S1.);
#3781 = LINE('',#3782,#3783);
#3782 = CARTESIAN_POINT('',(-15.56936534446,-9.024018286414,1.8));
#3783 = VECTOR('',#3784,1.);
#3784 = DIRECTION('',(-0.55557023302,0.831469612303,0.));
#3785 = PCURVE('',#126,#3786);
#3786 = DEFINITIONAL_REPRESENTATION('',(#3787),#3791);
#3787 = LINE('',#3788,#3789);
#3788 = CARTESIAN_POINT('',(10.580634655534,-9.024018286105));
#3789 = VECTOR('',#3790,1.);
#3790 = DIRECTION('',(-0.55557023302,0.831469612303));
#3791 = ( GEOMETRIC_REPRESENTATION_CONTEXT(2) 
PARAMETRIC_REPRESENTATION_CONTEXT() REPRESENTATION_CONTEXT('2D SPACE',''
  ) );
#3792 = PCURVE('',#3793,#3798);
#3793 = PLANE('',#3794);
#3794 = AXIS2_PLACEMENT_3D('',#3795,#3796,#3797);
#3795 = CARTESIAN_POINT('',(-15.56936534446,-9.024018286414,0.));
#3796 = DIRECTION('',(-0.831469612303,-0.55557023302,-0.));
#3797 = DIRECTION('',(-0.55557023302,0.831469612303,0.));
#3798 = DEFINITIONAL_REPRESENTATION('',(#3799),#3803);
#3799 = LINE('',#3800,#3801);
#3800 = CARTESIAN_POINT('',(0.,-1.8));
#3801 = VECTOR('',#3802,1.);
#3802 = DIRECTION('',(1.,0.));
#3803 = ( GEOMETRIC_REPRESENTATION_CONTEXT(2) 
PARAMETRIC_REPRESENTATION_CONTEXT() REPRESENTATION_CONTEXT('2D SPACE',''
  ) );
#3804 = ORIENTED_EDGE('',*,*,#3805,.T.);
#3805 = EDGE_CURVE('',#3778,#3806,#3808,.T.);
#3806 = VERTEX_POINT('',#3807);
#3807 = CARTESIAN_POINT('',(-15.77820725201,-8.662293491784,1.8));
#3808 = SURFACE_CURVE('',#3809,(#3813,#3820),.PCURVE_S1.);
#3809 = LINE('',#3810,#3811);
#3810 = CARTESIAN_POINT('',(-15.68564064605,-8.85,1.8));
#3811 = VECTOR('',#3812,1.);
#3812 = DIRECTION('',(-0.442288690219,0.896872741533,0.));
#3813 = PCURVE('',#126,#3814);
#3814 = DEFINITIONAL_REPRESENTATION('',(#3815),#3819);
#3815 = LINE('',#3816,#3817);
#3816 = CARTESIAN_POINT('',(10.464359353945,-8.849999999691));
#3817 = VECTOR('',#3818,1.);
#3818 = DIRECTION('',(-0.442288690219,0.896872741533));
#3819 = ( GEOMETRIC_REPRESENTATION_CONTEXT(2) 
PARAMETRIC_REPRESENTATION_CONTEXT() REPRESENTATION_CONTEXT('2D SPACE',''
  ) );
#3820 = PCURVE('',#3821,#3826);
#3821 = PLANE('',#3822);
#3822 = AXIS2_PLACEMENT_3D('',#3823,#3824,#3825);
#3823 = CARTESIAN_POINT('',(-15.68564064605,-8.85,0.));
#3824 = DIRECTION('',(-0.896872741533,-0.442288690219,-0.));
#3825 = DIRECTION('',(-0.442288690219,0.896872741533,0.));
#3826 = DEFINITIONAL_REPRESENTATION('',(#3827),#3831);
#3827 = LINE('',#3828,#3829);
#3828 = CARTESIAN_POINT('',(0.,-1.8));
#3829 = VECTOR('',#3830,1.);
#3830 = DIRECTION('',(1.,0.));
#3831 = ( GEOMETRIC_REPRESENTATION_CONTEXT(2) 
PARAMETRIC_REPRESENTATION_CONTEXT() REPRESENTATION_CONTEXT('2D SPACE',''
  ) );
#3832 = ORIENTED_EDGE('',*,*,#3833,.T.);
#3833 = EDGE_CURVE('',#3806,#3834,#3836,.T.);
#3834 = VERTEX_POINT('',#3835);
#3835 = CARTESIAN_POINT('',(-15.84548132206,-8.464110472164,1.8));
#3836 = SURFACE_CURVE('',#3837,(#3841,#3848),.PCURVE_S1.);
#3837 = LINE('',#3838,#3839);
#3838 = CARTESIAN_POINT('',(-15.77820725201,-8.662293491784,1.8));
#3839 = VECTOR('',#3840,1.);
#3840 = DIRECTION('',(-0.321439465303,0.946930129495,0.));
#3841 = PCURVE('',#126,#3842);
#3842 = DEFINITIONAL_REPRESENTATION('',(#3843),#3847);
#3843 = LINE('',#3844,#3845);
#3844 = CARTESIAN_POINT('',(10.371792747982,-8.662293491475));
#3845 = VECTOR('',#3846,1.);
#3846 = DIRECTION('',(-0.321439465303,0.946930129495));
#3847 = ( GEOMETRIC_REPRESENTATION_CONTEXT(2) 
PARAMETRIC_REPRESENTATION_CONTEXT() REPRESENTATION_CONTEXT('2D SPACE',''
  ) );
#3848 = PCURVE('',#3849,#3854);
#3849 = PLANE('',#3850);
#3850 = AXIS2_PLACEMENT_3D('',#3851,#3852,#3853);
#3851 = CARTESIAN_POINT('',(-15.77820725201,-8.662293491784,0.));
#3852 = DIRECTION('',(-0.946930129495,-0.321439465303,-0.));
#3853 = DIRECTION('',(-0.321439465303,0.946930129495,0.));
#3854 = DEFINITIONAL_REPRESENTATION('',(#3855),#3859);
#3855 = LINE('',#3856,#3857);
#3856 = CARTESIAN_POINT('',(0.,-1.8));
#3857 = VECTOR('',#3858,1.);
#3858 = DIRECTION('',(1.,0.));
#3859 = ( GEOMETRIC_REPRESENTATION_CONTEXT(2) 
PARAMETRIC_REPRESENTATION_CONTEXT() REPRESENTATION_CONTEXT('2D SPACE',''
  ) );
#3860 = ORIENTED_EDGE('',*,*,#3861,.T.);
#3861 = EDGE_CURVE('',#3834,#3862,#3864,.T.);
#3862 = VERTEX_POINT('',#3863);
#3863 = CARTESIAN_POINT('',(-15.88631177819,-8.258841907552,1.8));
#3864 = SURFACE_CURVE('',#3865,(#3869,#3876),.PCURVE_S1.);
#3865 = LINE('',#3866,#3867);
#3866 = CARTESIAN_POINT('',(-15.84548132206,-8.464110472164,1.8));
#3867 = VECTOR('',#3868,1.);
#3868 = DIRECTION('',(-0.195090322016,0.980785280403,0.));
#3869 = PCURVE('',#126,#3870);
#3870 = DEFINITIONAL_REPRESENTATION('',(#3871),#3875);
#3871 = LINE('',#3872,#3873);
#3872 = CARTESIAN_POINT('',(10.304518677937,-8.464110471855));
#3873 = VECTOR('',#3874,1.);
#3874 = DIRECTION('',(-0.195090322016,0.980785280403));
#3875 = ( GEOMETRIC_REPRESENTATION_CONTEXT(2) 
PARAMETRIC_REPRESENTATION_CONTEXT() REPRESENTATION_CONTEXT('2D SPACE',''
  ) );
#3876 = PCURVE('',#3877,#3882);
#3877 = PLANE('',#3878);
#3878 = AXIS2_PLACEMENT_3D('',#3879,#3880,#3881);
#3879 = CARTESIAN_POINT('',(-15.84548132206,-8.464110472164,0.));
#3880 = DIRECTION('',(-0.980785280403,-0.195090322016,-0.));
#3881 = DIRECTION('',(-0.195090322016,0.980785280403,0.));
#3882 = DEFINITIONAL_REPRESENTATION('',(#3883),#3887);
#3883 = LINE('',#3884,#3885);
#3884 = CARTESIAN_POINT('',(0.,-1.8));
#3885 = VECTOR('',#3886,1.);
#3886 = DIRECTION('',(1.,0.));
#3887 = ( GEOMETRIC_REPRESENTATION_CONTEXT(2) 
PARAMETRIC_REPRESENTATION_CONTEXT() REPRESENTATION_CONTEXT('2D SPACE',''
  ) );
#3888 = ORIENTED_EDGE('',*,*,#3889,.T.);
#3889 = EDGE_CURVE('',#3862,#3890,#3892,.T.);
#3890 = VERTEX_POINT('',#3891);
#3891 = CARTESIAN_POINT('',(-15.9,-8.05,1.8));
#3892 = SURFACE_CURVE('',#3893,(#3897,#3904),.PCURVE_S1.);
#3893 = LINE('',#3894,#3895);
#3894 = CARTESIAN_POINT('',(-15.88631177819,-8.258841907552,1.8));
#3895 = VECTOR('',#3896,1.);
#3896 = DIRECTION('',(-6.540312923014E-02,0.997858923239,0.));
#3897 = PCURVE('',#126,#3898);
#3898 = DEFINITIONAL_REPRESENTATION('',(#3899),#3903);
#3899 = LINE('',#3900,#3901);
#3900 = CARTESIAN_POINT('',(10.263688221802,-8.258841907243));
#3901 = VECTOR('',#3902,1.);
#3902 = DIRECTION('',(-6.540312923014E-02,0.997858923239));
#3903 = ( GEOMETRIC_REPRESENTATION_CONTEXT(2) 
PARAMETRIC_REPRESENTATION_CONTEXT() REPRESENTATION_CONTEXT('2D SPACE',''
  ) );
#3904 = PCURVE('',#3905,#3910);
#3905 = PLANE('',#3906);
#3906 = AXIS2_PLACEMENT_3D('',#3907,#3908,#3909);
#3907 = CARTESIAN_POINT('',(-15.88631177819,-8.258841907552,0.));
#3908 = DIRECTION('',(-0.997858923239,-6.540312923014E-02,-0.));
#3909 = DIRECTION('',(-6.540312923014E-02,0.997858923239,0.));
#3910 = DEFINITIONAL_REPRESENTATION('',(#3911),#3915);
#3911 = LINE('',#3912,#3913);
#3912 = CARTESIAN_POINT('',(0.,-1.8));
#3913 = VECTOR('',#3914,1.);
#3914 = DIRECTION('',(1.,0.));
#3915 = ( GEOMETRIC_REPRESENTATION_CONTEXT(2) 
PARAMETRIC_REPRESENTATION_CONTEXT() REPRESENTATION_CONTEXT('2D SPACE',''
  ) );
#3916 = ORIENTED_EDGE('',*,*,#3917,.T.);
#3917 = EDGE_CURVE('',#3890,#3918,#3920,.T.);
#3918 = VERTEX_POINT('',#3919);
#3919 = CARTESIAN_POINT('',(-15.88631177819,-7.841158092448,1.8));
#3920 = SURFACE_CURVE('',#3921,(#3925,#3932),.PCURVE_S1.);
#3921 = LINE('',#3922,#3923);
#3922 = CARTESIAN_POINT('',(-15.9,-8.05,1.8));
#3923 = VECTOR('',#3924,1.);
#3924 = DIRECTION('',(6.540312923014E-02,0.997858923239,0.));
#3925 = PCURVE('',#126,#3926);
#3926 = DEFINITIONAL_REPRESENTATION('',(#3927),#3931);
#3927 = LINE('',#3928,#3929);
#3928 = CARTESIAN_POINT('',(10.25,-8.049999999691));
#3929 = VECTOR('',#3930,1.);
#3930 = DIRECTION('',(6.540312923014E-02,0.997858923239));
#3931 = ( GEOMETRIC_REPRESENTATION_CONTEXT(2) 
PARAMETRIC_REPRESENTATION_CONTEXT() REPRESENTATION_CONTEXT('2D SPACE',''
  ) );
#3932 = PCURVE('',#3933,#3938);
#3933 = PLANE('',#3934);
#3934 = AXIS2_PLACEMENT_3D('',#3935,#3936,#3937);
#3935 = CARTESIAN_POINT('',(-15.9,-8.05,0.));
#3936 = DIRECTION('',(-0.997858923239,6.540312923014E-02,0.));
#3937 = DIRECTION('',(6.540312923014E-02,0.997858923239,0.));
#3938 = DEFINITIONAL_REPRESENTATION('',(#3939),#3943);
#3939 = LINE('',#3940,#3941);
#3940 = CARTESIAN_POINT('',(0.,-1.8));
#3941 = VECTOR('',#3942,1.);
#3942 = DIRECTION('',(1.,0.));
#3943 = ( GEOMETRIC_REPRESENTATION_CONTEXT(2) 
PARAMETRIC_REPRESENTATION_CONTEXT() REPRESENTATION_CONTEXT('2D SPACE',''
  ) );
#3944 = ORIENTED_EDGE('',*,*,#3945,.T.);
#3945 = EDGE_CURVE('',#3918,#3946,#3948,.T.);
#3946 = VERTEX_POINT('',#3947);
#3947 = CARTESIAN_POINT('',(-15.84548132206,-7.635889527836,1.8));
#3948 = SURFACE_CURVE('',#3949,(#3953,#3960),.PCURVE_S1.);
#3949 = LINE('',#3950,#3951);
#3950 = CARTESIAN_POINT('',(-15.88631177819,-7.841158092448,1.8));
#3951 = VECTOR('',#3952,1.);
#3952 = DIRECTION('',(0.195090322016,0.980785280403,0.));
#3953 = PCURVE('',#126,#3954);
#3954 = DEFINITIONAL_REPRESENTATION('',(#3955),#3959);
#3955 = LINE('',#3956,#3957);
#3956 = CARTESIAN_POINT('',(10.263688221802,-7.841158092139));
#3957 = VECTOR('',#3958,1.);
#3958 = DIRECTION('',(0.195090322016,0.980785280403));
#3959 = ( GEOMETRIC_REPRESENTATION_CONTEXT(2) 
PARAMETRIC_REPRESENTATION_CONTEXT() REPRESENTATION_CONTEXT('2D SPACE',''
  ) );
#3960 = PCURVE('',#3961,#3966);
#3961 = PLANE('',#3962);
#3962 = AXIS2_PLACEMENT_3D('',#3963,#3964,#3965);
#3963 = CARTESIAN_POINT('',(-15.88631177819,-7.841158092448,0.));
#3964 = DIRECTION('',(-0.980785280403,0.195090322016,0.));
#3965 = DIRECTION('',(0.195090322016,0.980785280403,0.));
#3966 = DEFINITIONAL_REPRESENTATION('',(#3967),#3971);
#3967 = LINE('',#3968,#3969);
#3968 = CARTESIAN_POINT('',(0.,-1.8));
#3969 = VECTOR('',#3970,1.);
#3970 = DIRECTION('',(1.,0.));
#3971 = ( GEOMETRIC_REPRESENTATION_CONTEXT(2) 
PARAMETRIC_REPRESENTATION_CONTEXT() REPRESENTATION_CONTEXT('2D SPACE',''
  ) );
#3972 = ORIENTED_EDGE('',*,*,#3973,.T.);
#3973 = EDGE_CURVE('',#3946,#3974,#3976,.T.);
#3974 = VERTEX_POINT('',#3975);
#3975 = CARTESIAN_POINT('',(-15.77820725201,-7.437706508216,1.8));
#3976 = SURFACE_CURVE('',#3977,(#3981,#3988),.PCURVE_S1.);
#3977 = LINE('',#3978,#3979);
#3978 = CARTESIAN_POINT('',(-15.84548132206,-7.635889527836,1.8));
#3979 = VECTOR('',#3980,1.);
#3980 = DIRECTION('',(0.321439465303,0.946930129495,0.));
#3981 = PCURVE('',#126,#3982);
#3982 = DEFINITIONAL_REPRESENTATION('',(#3983),#3987);
#3983 = LINE('',#3984,#3985);
#3984 = CARTESIAN_POINT('',(10.304518677937,-7.635889527527));
#3985 = VECTOR('',#3986,1.);
#3986 = DIRECTION('',(0.321439465303,0.946930129495));
#3987 = ( GEOMETRIC_REPRESENTATION_CONTEXT(2) 
PARAMETRIC_REPRESENTATION_CONTEXT() REPRESENTATION_CONTEXT('2D SPACE',''
  ) );
#3988 = PCURVE('',#3989,#3994);
#3989 = PLANE('',#3990);
#3990 = AXIS2_PLACEMENT_3D('',#3991,#3992,#3993);
#3991 = CARTESIAN_POINT('',(-15.84548132206,-7.635889527836,0.));
#3992 = DIRECTION('',(-0.946930129495,0.321439465303,0.));
#3993 = DIRECTION('',(0.321439465303,0.946930129495,0.));
#3994 = DEFINITIONAL_REPRESENTATION('',(#3995),#3999);
#3995 = LINE('',#3996,#3997);
#3996 = CARTESIAN_POINT('',(0.,-1.8));
#3997 = VECTOR('',#3998,1.);
#3998 = DIRECTION('',(1.,0.));
#3999 = ( GEOMETRIC_REPRESENTATION_CONTEXT(2) 
PARAMETRIC_REPRESENTATION_CONTEXT() REPRESENTATION_CONTEXT('2D SPACE',''
  ) );
#4000 = ORIENTED_EDGE('',*,*,#4001,.T.);
#4001 = EDGE_CURVE('',#3974,#4002,#4004,.T.);
#4002 = VERTEX_POINT('',#4003);
#4003 = CARTESIAN_POINT('',(-15.68564064605,-7.25,1.8));
#4004 = SURFACE_CURVE('',#4005,(#4009,#4016),.PCURVE_S1.);
#4005 = LINE('',#4006,#4007);
#4006 = CARTESIAN_POINT('',(-15.77820725201,-7.437706508216,1.8));
#4007 = VECTOR('',#4008,1.);
#4008 = DIRECTION('',(0.442288690219,0.896872741533,0.));
#4009 = PCURVE('',#126,#4010);
#4010 = DEFINITIONAL_REPRESENTATION('',(#4011),#4015);
#4011 = LINE('',#4012,#4013);
#4012 = CARTESIAN_POINT('',(10.371792747982,-7.437706507907));
#4013 = VECTOR('',#4014,1.);
#4014 = DIRECTION('',(0.442288690219,0.896872741533));
#4015 = ( GEOMETRIC_REPRESENTATION_CONTEXT(2) 
PARAMETRIC_REPRESENTATION_CONTEXT() REPRESENTATION_CONTEXT('2D SPACE',''
  ) );
#4016 = PCURVE('',#4017,#4022);
#4017 = PLANE('',#4018);
#4018 = AXIS2_PLACEMENT_3D('',#4019,#4020,#4021);
#4019 = CARTESIAN_POINT('',(-15.77820725201,-7.437706508216,0.));
#4020 = DIRECTION('',(-0.896872741533,0.442288690219,0.));
#4021 = DIRECTION('',(0.442288690219,0.896872741533,0.));
#4022 = DEFINITIONAL_REPRESENTATION('',(#4023),#4027);
#4023 = LINE('',#4024,#4025);
#4024 = CARTESIAN_POINT('',(0.,-1.8));
#4025 = VECTOR('',#4026,1.);
#4026 = DIRECTION('',(1.,0.));
#4027 = ( GEOMETRIC_REPRESENTATION_CONTEXT(2) 
PARAMETRIC_REPRESENTATION_CONTEXT() REPRESENTATION_CONTEXT('2D SPACE',''
  ) );
#4028 = ORIENTED_EDGE('',*,*,#4029,.T.);
#4029 = EDGE_CURVE('',#4002,#4030,#4032,.T.);
#4030 = VERTEX_POINT('',#4031);
#4031 = CARTESIAN_POINT('',(-15.56936534446,-7.075981713586,1.8));
#4032 = SURFACE_CURVE('',#4033,(#4037,#4044),.PCURVE_S1.);
#4033 = LINE('',#4034,#4035);
#4034 = CARTESIAN_POINT('',(-15.68564064605,-7.25,1.8));
#4035 = VECTOR('',#4036,1.);
#4036 = DIRECTION('',(0.55557023302,0.831469612303,0.));
#4037 = PCURVE('',#126,#4038);
#4038 = DEFINITIONAL_REPRESENTATION('',(#4039),#4043);
#4039 = LINE('',#4040,#4041);
#4040 = CARTESIAN_POINT('',(10.464359353945,-7.249999999691));
#4041 = VECTOR('',#4042,1.);
#4042 = DIRECTION('',(0.55557023302,0.831469612303));
#4043 = ( GEOMETRIC_REPRESENTATION_CONTEXT(2) 
PARAMETRIC_REPRESENTATION_CONTEXT() REPRESENTATION_CONTEXT('2D SPACE',''
  ) );
#4044 = PCURVE('',#4045,#4050);
#4045 = PLANE('',#4046);
#4046 = AXIS2_PLACEMENT_3D('',#4047,#4048,#4049);
#4047 = CARTESIAN_POINT('',(-15.68564064605,-7.25,0.));
#4048 = DIRECTION('',(-0.831469612303,0.55557023302,0.));
#4049 = DIRECTION('',(0.55557023302,0.831469612303,0.));
#4050 = DEFINITIONAL_REPRESENTATION('',(#4051),#4055);
#4051 = LINE('',#4052,#4053);
#4052 = CARTESIAN_POINT('',(0.,-1.8));
#4053 = VECTOR('',#4054,1.);
#4054 = DIRECTION('',(1.,0.));
#4055 = ( GEOMETRIC_REPRESENTATION_CONTEXT(2) 
PARAMETRIC_REPRESENTATION_CONTEXT() REPRESENTATION_CONTEXT('2D SPACE',''
  ) );
#4056 = ORIENTED_EDGE('',*,*,#4057,.T.);
#4057 = EDGE_CURVE('',#4030,#4058,#4060,.T.);
#4058 = VERTEX_POINT('',#4059);
#4059 = CARTESIAN_POINT('',(-15.43137084989,-6.918629150102,1.8));
#4060 = SURFACE_CURVE('',#4061,(#4065,#4072),.PCURVE_S1.);
#4061 = LINE('',#4062,#4063);
#4062 = CARTESIAN_POINT('',(-15.56936534446,-7.075981713586,1.8));
#4063 = VECTOR('',#4064,1.);
#4064 = DIRECTION('',(0.6593458151,0.751839807479,0.));
#4065 = PCURVE('',#126,#4066);
#4066 = DEFINITIONAL_REPRESENTATION('',(#4067),#4071);
#4067 = LINE('',#4068,#4069);
#4068 = CARTESIAN_POINT('',(10.580634655534,-7.075981713277));
#4069 = VECTOR('',#4070,1.);
#4070 = DIRECTION('',(0.6593458151,0.751839807479));
#4071 = ( GEOMETRIC_REPRESENTATION_CONTEXT(2) 
PARAMETRIC_REPRESENTATION_CONTEXT() REPRESENTATION_CONTEXT('2D SPACE',''
  ) );
#4072 = PCURVE('',#4073,#4078);
#4073 = PLANE('',#4074);
#4074 = AXIS2_PLACEMENT_3D('',#4075,#4076,#4077);
#4075 = CARTESIAN_POINT('',(-15.56936534446,-7.075981713586,0.));
#4076 = DIRECTION('',(-0.751839807479,0.6593458151,0.));
#4077 = DIRECTION('',(0.6593458151,0.751839807479,0.));
#4078 = DEFINITIONAL_REPRESENTATION('',(#4079),#4083);
#4079 = LINE('',#4080,#4081);
#4080 = CARTESIAN_POINT('',(0.,-1.8));
#4081 = VECTOR('',#4082,1.);
#4082 = DIRECTION('',(1.,0.));
#4083 = ( GEOMETRIC_REPRESENTATION_CONTEXT(2) 
PARAMETRIC_REPRESENTATION_CONTEXT() REPRESENTATION_CONTEXT('2D SPACE',''
  ) );
#4084 = ORIENTED_EDGE('',*,*,#4085,.T.);
#4085 = EDGE_CURVE('',#4058,#4086,#4088,.T.);
#4086 = VERTEX_POINT('',#4087);
#4087 = CARTESIAN_POINT('',(-15.27401828641,-6.780634655534,1.8));
#4088 = SURFACE_CURVE('',#4089,(#4093,#4100),.PCURVE_S1.);
#4089 = LINE('',#4090,#4091);
#4090 = CARTESIAN_POINT('',(-15.43137084989,-6.918629150102,1.8));
#4091 = VECTOR('',#4092,1.);
#4092 = DIRECTION('',(0.751839807479,0.6593458151,0.));
#4093 = PCURVE('',#126,#4094);
#4094 = DEFINITIONAL_REPRESENTATION('',(#4095),#4099);
#4095 = LINE('',#4096,#4097);
#4096 = CARTESIAN_POINT('',(10.718629150102,-6.918629149793));
#4097 = VECTOR('',#4098,1.);
#4098 = DIRECTION('',(0.751839807479,0.6593458151));
#4099 = ( GEOMETRIC_REPRESENTATION_CONTEXT(2) 
PARAMETRIC_REPRESENTATION_CONTEXT() REPRESENTATION_CONTEXT('2D SPACE',''
  ) );
#4100 = PCURVE('',#4101,#4106);
#4101 = PLANE('',#4102);
#4102 = AXIS2_PLACEMENT_3D('',#4103,#4104,#4105);
#4103 = CARTESIAN_POINT('',(-15.43137084989,-6.918629150102,0.));
#4104 = DIRECTION('',(-0.6593458151,0.751839807479,0.));
#4105 = DIRECTION('',(0.751839807479,0.6593458151,0.));
#4106 = DEFINITIONAL_REPRESENTATION('',(#4107),#4111);
#4107 = LINE('',#4108,#4109);
#4108 = CARTESIAN_POINT('',(0.,-1.8));
#4109 = VECTOR('',#4110,1.);
#4110 = DIRECTION('',(1.,0.));
#4111 = ( GEOMETRIC_REPRESENTATION_CONTEXT(2) 
PARAMETRIC_REPRESENTATION_CONTEXT() REPRESENTATION_CONTEXT('2D SPACE',''
  ) );
#4112 = ORIENTED_EDGE('',*,*,#4113,.T.);
#4113 = EDGE_CURVE('',#4086,#4114,#4116,.T.);
#4114 = VERTEX_POINT('',#4115);
#4115 = CARTESIAN_POINT('',(-15.1,-6.664359353945,1.8));
#4116 = SURFACE_CURVE('',#4117,(#4121,#4128),.PCURVE_S1.);
#4117 = LINE('',#4118,#4119);
#4118 = CARTESIAN_POINT('',(-15.27401828641,-6.780634655534,1.8));
#4119 = VECTOR('',#4120,1.);
#4120 = DIRECTION('',(0.831469612303,0.55557023302,0.));
#4121 = PCURVE('',#126,#4122);
#4122 = DEFINITIONAL_REPRESENTATION('',(#4123),#4127);
#4123 = LINE('',#4124,#4125);
#4124 = CARTESIAN_POINT('',(10.875981713586,-6.780634655225));
#4125 = VECTOR('',#4126,1.);
#4126 = DIRECTION('',(0.831469612303,0.55557023302));
#4127 = ( GEOMETRIC_REPRESENTATION_CONTEXT(2) 
PARAMETRIC_REPRESENTATION_CONTEXT() REPRESENTATION_CONTEXT('2D SPACE',''
  ) );
#4128 = PCURVE('',#4129,#4134);
#4129 = PLANE('',#4130);
#4130 = AXIS2_PLACEMENT_3D('',#4131,#4132,#4133);
#4131 = CARTESIAN_POINT('',(-15.27401828641,-6.780634655534,0.));
#4132 = DIRECTION('',(-0.55557023302,0.831469612303,0.));
#4133 = DIRECTION('',(0.831469612303,0.55557023302,0.));
#4134 = DEFINITIONAL_REPRESENTATION('',(#4135),#4139);
#4135 = LINE('',#4136,#4137);
#4136 = CARTESIAN_POINT('',(0.,-1.8));
#4137 = VECTOR('',#4138,1.);
#4138 = DIRECTION('',(1.,0.));
#4139 = ( GEOMETRIC_REPRESENTATION_CONTEXT(2) 
PARAMETRIC_REPRESENTATION_CONTEXT() REPRESENTATION_CONTEXT('2D SPACE',''
  ) );
#4140 = ORIENTED_EDGE('',*,*,#4141,.T.);
#4141 = EDGE_CURVE('',#4114,#4142,#4144,.T.);
#4142 = VERTEX_POINT('',#4143);
#4143 = CARTESIAN_POINT('',(-14.91229349178,-6.571792747982,1.8));
#4144 = SURFACE_CURVE('',#4145,(#4149,#4156),.PCURVE_S1.);
#4145 = LINE('',#4146,#4147);
#4146 = CARTESIAN_POINT('',(-15.1,-6.664359353945,1.8));
#4147 = VECTOR('',#4148,1.);
#4148 = DIRECTION('',(0.896872741533,0.442288690219,0.));
#4149 = PCURVE('',#126,#4150);
#4150 = DEFINITIONAL_REPRESENTATION('',(#4151),#4155);
#4151 = LINE('',#4152,#4153);
#4152 = CARTESIAN_POINT('',(11.05,-6.664359353636));
#4153 = VECTOR('',#4154,1.);
#4154 = DIRECTION('',(0.896872741533,0.442288690219));
#4155 = ( GEOMETRIC_REPRESENTATION_CONTEXT(2) 
PARAMETRIC_REPRESENTATION_CONTEXT() REPRESENTATION_CONTEXT('2D SPACE',''
  ) );
#4156 = PCURVE('',#4157,#4162);
#4157 = PLANE('',#4158);
#4158 = AXIS2_PLACEMENT_3D('',#4159,#4160,#4161);
#4159 = CARTESIAN_POINT('',(-15.1,-6.664359353945,0.));
#4160 = DIRECTION('',(-0.442288690219,0.896872741533,0.));
#4161 = DIRECTION('',(0.896872741533,0.442288690219,0.));
#4162 = DEFINITIONAL_REPRESENTATION('',(#4163),#4167);
#4163 = LINE('',#4164,#4165);
#4164 = CARTESIAN_POINT('',(0.,-1.8));
#4165 = VECTOR('',#4166,1.);
#4166 = DIRECTION('',(1.,0.));
#4167 = ( GEOMETRIC_REPRESENTATION_CONTEXT(2) 
PARAMETRIC_REPRESENTATION_CONTEXT() REPRESENTATION_CONTEXT('2D SPACE',''
  ) );
#4168 = ORIENTED_EDGE('',*,*,#4169,.T.);
#4169 = EDGE_CURVE('',#4142,#4170,#4172,.T.);
#4170 = VERTEX_POINT('',#4171);
#4171 = CARTESIAN_POINT('',(-14.71411047216,-6.504518677937,1.8));
#4172 = SURFACE_CURVE('',#4173,(#4177,#4184),.PCURVE_S1.);
#4173 = LINE('',#4174,#4175);
#4174 = CARTESIAN_POINT('',(-14.91229349178,-6.571792747982,1.8));
#4175 = VECTOR('',#4176,1.);
#4176 = DIRECTION('',(0.946930129495,0.321439465303,0.));
#4177 = PCURVE('',#126,#4178);
#4178 = DEFINITIONAL_REPRESENTATION('',(#4179),#4183);
#4179 = LINE('',#4180,#4181);
#4180 = CARTESIAN_POINT('',(11.237706508216,-6.571792747673));
#4181 = VECTOR('',#4182,1.);
#4182 = DIRECTION('',(0.946930129495,0.321439465303));
#4183 = ( GEOMETRIC_REPRESENTATION_CONTEXT(2) 
PARAMETRIC_REPRESENTATION_CONTEXT() REPRESENTATION_CONTEXT('2D SPACE',''
  ) );
#4184 = PCURVE('',#4185,#4190);
#4185 = PLANE('',#4186);
#4186 = AXIS2_PLACEMENT_3D('',#4187,#4188,#4189);
#4187 = CARTESIAN_POINT('',(-14.91229349178,-6.571792747982,0.));
#4188 = DIRECTION('',(-0.321439465303,0.946930129495,0.));
#4189 = DIRECTION('',(0.946930129495,0.321439465303,0.));
#4190 = DEFINITIONAL_REPRESENTATION('',(#4191),#4195);
#4191 = LINE('',#4192,#4193);
#4192 = CARTESIAN_POINT('',(0.,-1.8));
#4193 = VECTOR('',#4194,1.);
#4194 = DIRECTION('',(1.,0.));
#4195 = ( GEOMETRIC_REPRESENTATION_CONTEXT(2) 
PARAMETRIC_REPRESENTATION_CONTEXT() REPRESENTATION_CONTEXT('2D SPACE',''
  ) );
#4196 = ORIENTED_EDGE('',*,*,#4197,.T.);
#4197 = EDGE_CURVE('',#4170,#4198,#4200,.T.);
#4198 = VERTEX_POINT('',#4199);
#4199 = CARTESIAN_POINT('',(-14.50884190755,-6.463688221802,1.8));
#4200 = SURFACE_CURVE('',#4201,(#4205,#4212),.PCURVE_S1.);
#4201 = LINE('',#4202,#4203);
#4202 = CARTESIAN_POINT('',(-14.71411047216,-6.504518677937,1.8));
#4203 = VECTOR('',#4204,1.);
#4204 = DIRECTION('',(0.980785280403,0.195090322016,0.));
#4205 = PCURVE('',#126,#4206);
#4206 = DEFINITIONAL_REPRESENTATION('',(#4207),#4211);
#4207 = LINE('',#4208,#4209);
#4208 = CARTESIAN_POINT('',(11.435889527836,-6.504518677629));
#4209 = VECTOR('',#4210,1.);
#4210 = DIRECTION('',(0.980785280403,0.195090322016));
#4211 = ( GEOMETRIC_REPRESENTATION_CONTEXT(2) 
PARAMETRIC_REPRESENTATION_CONTEXT() REPRESENTATION_CONTEXT('2D SPACE',''
  ) );
#4212 = PCURVE('',#4213,#4218);
#4213 = PLANE('',#4214);
#4214 = AXIS2_PLACEMENT_3D('',#4215,#4216,#4217);
#4215 = CARTESIAN_POINT('',(-14.71411047216,-6.504518677937,0.));
#4216 = DIRECTION('',(-0.195090322016,0.980785280403,0.));
#4217 = DIRECTION('',(0.980785280403,0.195090322016,0.));
#4218 = DEFINITIONAL_REPRESENTATION('',(#4219),#4223);
#4219 = LINE('',#4220,#4221);
#4220 = CARTESIAN_POINT('',(0.,-1.8));
#4221 = VECTOR('',#4222,1.);
#4222 = DIRECTION('',(1.,0.));
#4223 = ( GEOMETRIC_REPRESENTATION_CONTEXT(2) 
PARAMETRIC_REPRESENTATION_CONTEXT() REPRESENTATION_CONTEXT('2D SPACE',''
  ) );
#4224 = ORIENTED_EDGE('',*,*,#4225,.T.);
#4225 = EDGE_CURVE('',#4198,#4226,#4228,.T.);
#4226 = VERTEX_POINT('',#4227);
#4227 = CARTESIAN_POINT('',(-14.3,-6.45,1.8));
#4228 = SURFACE_CURVE('',#4229,(#4233,#4240),.PCURVE_S1.);
#4229 = LINE('',#4230,#4231);
#4230 = CARTESIAN_POINT('',(-14.50884190755,-6.463688221802,1.8));
#4231 = VECTOR('',#4232,1.);
#4232 = DIRECTION('',(0.997858923239,6.540312923014E-02,0.));
#4233 = PCURVE('',#126,#4234);
#4234 = DEFINITIONAL_REPRESENTATION('',(#4235),#4239);
#4235 = LINE('',#4236,#4237);
#4236 = CARTESIAN_POINT('',(11.641158092448,-6.463688221493));
#4237 = VECTOR('',#4238,1.);
#4238 = DIRECTION('',(0.997858923239,6.540312923014E-02));
#4239 = ( GEOMETRIC_REPRESENTATION_CONTEXT(2) 
PARAMETRIC_REPRESENTATION_CONTEXT() REPRESENTATION_CONTEXT('2D SPACE',''
  ) );
#4240 = PCURVE('',#4241,#4246);
#4241 = PLANE('',#4242);
#4242 = AXIS2_PLACEMENT_3D('',#4243,#4244,#4245);
#4243 = CARTESIAN_POINT('',(-14.50884190755,-6.463688221802,0.));
#4244 = DIRECTION('',(-6.540312923014E-02,0.997858923239,0.));
#4245 = DIRECTION('',(0.997858923239,6.540312923014E-02,0.));
#4246 = DEFINITIONAL_REPRESENTATION('',(#4247),#4251);
#4247 = LINE('',#4248,#4249);
#4248 = CARTESIAN_POINT('',(0.,-1.8));
#4249 = VECTOR('',#4250,1.);
#4250 = DIRECTION('',(1.,0.));
#4251 = ( GEOMETRIC_REPRESENTATION_CONTEXT(2) 
PARAMETRIC_REPRESENTATION_CONTEXT() REPRESENTATION_CONTEXT('2D SPACE',''
  ) );
#4252 = ORIENTED_EDGE('',*,*,#4253,.T.);
#4253 = EDGE_CURVE('',#4226,#4254,#4256,.T.);
#4254 = VERTEX_POINT('',#4255);
#4255 = CARTESIAN_POINT('',(-14.09115809244,-6.463688221802,1.8));
#4256 = SURFACE_CURVE('',#4257,(#4261,#4268),.PCURVE_S1.);
#4257 = LINE('',#4258,#4259);
#4258 = CARTESIAN_POINT('',(-14.3,-6.45,1.8));
#4259 = VECTOR('',#4260,1.);
#4260 = DIRECTION('',(0.997858923239,-6.540312923014E-02,0.));
#4261 = PCURVE('',#126,#4262);
#4262 = DEFINITIONAL_REPRESENTATION('',(#4263),#4267);
#4263 = LINE('',#4264,#4265);
#4264 = CARTESIAN_POINT('',(11.85,-6.449999999691));
#4265 = VECTOR('',#4266,1.);
#4266 = DIRECTION('',(0.997858923239,-6.540312923014E-02));
#4267 = ( GEOMETRIC_REPRESENTATION_CONTEXT(2) 
PARAMETRIC_REPRESENTATION_CONTEXT() REPRESENTATION_CONTEXT('2D SPACE',''
  ) );
#4268 = PCURVE('',#4269,#4274);
#4269 = PLANE('',#4270);
#4270 = AXIS2_PLACEMENT_3D('',#4271,#4272,#4273);
#4271 = CARTESIAN_POINT('',(-14.3,-6.45,0.));
#4272 = DIRECTION('',(6.540312923014E-02,0.997858923239,0.));
#4273 = DIRECTION('',(0.997858923239,-6.540312923014E-02,0.));
#4274 = DEFINITIONAL_REPRESENTATION('',(#4275),#4279);
#4275 = LINE('',#4276,#4277);
#4276 = CARTESIAN_POINT('',(0.,-1.8));
#4277 = VECTOR('',#4278,1.);
#4278 = DIRECTION('',(1.,0.));
#4279 = ( GEOMETRIC_REPRESENTATION_CONTEXT(2) 
PARAMETRIC_REPRESENTATION_CONTEXT() REPRESENTATION_CONTEXT('2D SPACE',''
  ) );
#4280 = ORIENTED_EDGE('',*,*,#4281,.T.);
#4281 = EDGE_CURVE('',#4254,#4282,#4284,.T.);
#4282 = VERTEX_POINT('',#4283);
#4283 = CARTESIAN_POINT('',(-13.88588952783,-6.504518677937,1.8));
#4284 = SURFACE_CURVE('',#4285,(#4289,#4296),.PCURVE_S1.);
#4285 = LINE('',#4286,#4287);
#4286 = CARTESIAN_POINT('',(-14.09115809244,-6.463688221802,1.8));
#4287 = VECTOR('',#4288,1.);
#4288 = DIRECTION('',(0.980785280403,-0.195090322016,0.));
#4289 = PCURVE('',#126,#4290);
#4290 = DEFINITIONAL_REPRESENTATION('',(#4291),#4295);
#4291 = LINE('',#4292,#4293);
#4292 = CARTESIAN_POINT('',(12.058841907552,-6.463688221493));
#4293 = VECTOR('',#4294,1.);
#4294 = DIRECTION('',(0.980785280403,-0.195090322016));
#4295 = ( GEOMETRIC_REPRESENTATION_CONTEXT(2) 
PARAMETRIC_REPRESENTATION_CONTEXT() REPRESENTATION_CONTEXT('2D SPACE',''
  ) );
#4296 = PCURVE('',#4297,#4302);
#4297 = PLANE('',#4298);
#4298 = AXIS2_PLACEMENT_3D('',#4299,#4300,#4301);
#4299 = CARTESIAN_POINT('',(-14.09115809244,-6.463688221802,0.));
#4300 = DIRECTION('',(0.195090322016,0.980785280403,0.));
#4301 = DIRECTION('',(0.980785280403,-0.195090322016,0.));
#4302 = DEFINITIONAL_REPRESENTATION('',(#4303),#4307);
#4303 = LINE('',#4304,#4305);
#4304 = CARTESIAN_POINT('',(0.,-1.8));
#4305 = VECTOR('',#4306,1.);
#4306 = DIRECTION('',(1.,0.));
#4307 = ( GEOMETRIC_REPRESENTATION_CONTEXT(2) 
PARAMETRIC_REPRESENTATION_CONTEXT() REPRESENTATION_CONTEXT('2D SPACE',''
  ) );
#4308 = ORIENTED_EDGE('',*,*,#4309,.T.);
#4309 = EDGE_CURVE('',#4282,#4310,#4312,.T.);
#4310 = VERTEX_POINT('',#4311);
#4311 = CARTESIAN_POINT('',(-13.68770650821,-6.571792747982,1.8));
#4312 = SURFACE_CURVE('',#4313,(#4317,#4324),.PCURVE_S1.);
#4313 = LINE('',#4314,#4315);
#4314 = CARTESIAN_POINT('',(-13.88588952783,-6.504518677937,1.8));
#4315 = VECTOR('',#4316,1.);
#4316 = DIRECTION('',(0.946930129495,-0.321439465303,0.));
#4317 = PCURVE('',#126,#4318);
#4318 = DEFINITIONAL_REPRESENTATION('',(#4319),#4323);
#4319 = LINE('',#4320,#4321);
#4320 = CARTESIAN_POINT('',(12.264110472164,-6.504518677629));
#4321 = VECTOR('',#4322,1.);
#4322 = DIRECTION('',(0.946930129495,-0.321439465303));
#4323 = ( GEOMETRIC_REPRESENTATION_CONTEXT(2) 
PARAMETRIC_REPRESENTATION_CONTEXT() REPRESENTATION_CONTEXT('2D SPACE',''
  ) );
#4324 = PCURVE('',#4325,#4330);
#4325 = PLANE('',#4326);
#4326 = AXIS2_PLACEMENT_3D('',#4327,#4328,#4329);
#4327 = CARTESIAN_POINT('',(-13.88588952783,-6.504518677937,0.));
#4328 = DIRECTION('',(0.321439465303,0.946930129495,0.));
#4329 = DIRECTION('',(0.946930129495,-0.321439465303,0.));
#4330 = DEFINITIONAL_REPRESENTATION('',(#4331),#4335);
#4331 = LINE('',#4332,#4333);
#4332 = CARTESIAN_POINT('',(0.,-1.8));
#4333 = VECTOR('',#4334,1.);
#4334 = DIRECTION('',(1.,0.));
#4335 = ( GEOMETRIC_REPRESENTATION_CONTEXT(2) 
PARAMETRIC_REPRESENTATION_CONTEXT() REPRESENTATION_CONTEXT('2D SPACE',''
  ) );
#4336 = ORIENTED_EDGE('',*,*,#4337,.T.);
#4337 = EDGE_CURVE('',#4310,#4338,#4340,.T.);
#4338 = VERTEX_POINT('',#4339);
#4339 = CARTESIAN_POINT('',(-13.5,-6.664359353945,1.8));
#4340 = SURFACE_CURVE('',#4341,(#4345,#4352),.PCURVE_S1.);
#4341 = LINE('',#4342,#4343);
#4342 = CARTESIAN_POINT('',(-13.68770650821,-6.571792747982,1.8));
#4343 = VECTOR('',#4344,1.);
#4344 = DIRECTION('',(0.896872741533,-0.442288690219,0.));
#4345 = PCURVE('',#126,#4346);
#4346 = DEFINITIONAL_REPRESENTATION('',(#4347),#4351);
#4347 = LINE('',#4348,#4349);
#4348 = CARTESIAN_POINT('',(12.462293491784,-6.571792747673));
#4349 = VECTOR('',#4350,1.);
#4350 = DIRECTION('',(0.896872741533,-0.442288690219));
#4351 = ( GEOMETRIC_REPRESENTATION_CONTEXT(2) 
PARAMETRIC_REPRESENTATION_CONTEXT() REPRESENTATION_CONTEXT('2D SPACE',''
  ) );
#4352 = PCURVE('',#4353,#4358);
#4353 = PLANE('',#4354);
#4354 = AXIS2_PLACEMENT_3D('',#4355,#4356,#4357);
#4355 = CARTESIAN_POINT('',(-13.68770650821,-6.571792747982,0.));
#4356 = DIRECTION('',(0.442288690219,0.896872741533,0.));
#4357 = DIRECTION('',(0.896872741533,-0.442288690219,0.));
#4358 = DEFINITIONAL_REPRESENTATION('',(#4359),#4363);
#4359 = LINE('',#4360,#4361);
#4360 = CARTESIAN_POINT('',(0.,-1.8));
#4361 = VECTOR('',#4362,1.);
#4362 = DIRECTION('',(1.,0.));
#4363 = ( GEOMETRIC_REPRESENTATION_CONTEXT(2) 
PARAMETRIC_REPRESENTATION_CONTEXT() REPRESENTATION_CONTEXT('2D SPACE',''
  ) );
#4364 = ORIENTED_EDGE('',*,*,#4365,.T.);
#4365 = EDGE_CURVE('',#4338,#4366,#4368,.T.);
#4366 = VERTEX_POINT('',#4367);
#4367 = CARTESIAN_POINT('',(-13.32598171358,-6.780634655534,1.8));
#4368 = SURFACE_CURVE('',#4369,(#4373,#4380),.PCURVE_S1.);
#4369 = LINE('',#4370,#4371);
#4370 = CARTESIAN_POINT('',(-13.5,-6.664359353945,1.8));
#4371 = VECTOR('',#4372,1.);
#4372 = DIRECTION('',(0.831469612303,-0.55557023302,0.));
#4373 = PCURVE('',#126,#4374);
#4374 = DEFINITIONAL_REPRESENTATION('',(#4375),#4379);
#4375 = LINE('',#4376,#4377);
#4376 = CARTESIAN_POINT('',(12.65,-6.664359353636));
#4377 = VECTOR('',#4378,1.);
#4378 = DIRECTION('',(0.831469612303,-0.55557023302));
#4379 = ( GEOMETRIC_REPRESENTATION_CONTEXT(2) 
PARAMETRIC_REPRESENTATION_CONTEXT() REPRESENTATION_CONTEXT('2D SPACE',''
  ) );
#4380 = PCURVE('',#4381,#4386);
#4381 = PLANE('',#4382);
#4382 = AXIS2_PLACEMENT_3D('',#4383,#4384,#4385);
#4383 = CARTESIAN_POINT('',(-13.5,-6.664359353945,0.));
#4384 = DIRECTION('',(0.55557023302,0.831469612303,0.));
#4385 = DIRECTION('',(0.831469612303,-0.55557023302,0.));
#4386 = DEFINITIONAL_REPRESENTATION('',(#4387),#4391);
#4387 = LINE('',#4388,#4389);
#4388 = CARTESIAN_POINT('',(0.,-1.8));
#4389 = VECTOR('',#4390,1.);
#4390 = DIRECTION('',(1.,0.));
#4391 = ( GEOMETRIC_REPRESENTATION_CONTEXT(2) 
PARAMETRIC_REPRESENTATION_CONTEXT() REPRESENTATION_CONTEXT('2D SPACE',''
  ) );
#4392 = ORIENTED_EDGE('',*,*,#4393,.T.);
#4393 = EDGE_CURVE('',#4366,#4394,#4396,.T.);
#4394 = VERTEX_POINT('',#4395);
#4395 = CARTESIAN_POINT('',(-13.1686291501,-6.918629150102,1.8));
#4396 = SURFACE_CURVE('',#4397,(#4401,#4408),.PCURVE_S1.);
#4397 = LINE('',#4398,#4399);
#4398 = CARTESIAN_POINT('',(-13.32598171358,-6.780634655534,1.8));
#4399 = VECTOR('',#4400,1.);
#4400 = DIRECTION('',(0.751839807479,-0.6593458151,0.));
#4401 = PCURVE('',#126,#4402);
#4402 = DEFINITIONAL_REPRESENTATION('',(#4403),#4407);
#4403 = LINE('',#4404,#4405);
#4404 = CARTESIAN_POINT('',(12.824018286414,-6.780634655225));
#4405 = VECTOR('',#4406,1.);
#4406 = DIRECTION('',(0.751839807479,-0.6593458151));
#4407 = ( GEOMETRIC_REPRESENTATION_CONTEXT(2) 
PARAMETRIC_REPRESENTATION_CONTEXT() REPRESENTATION_CONTEXT('2D SPACE',''
  ) );
#4408 = PCURVE('',#4409,#4414);
#4409 = PLANE('',#4410);
#4410 = AXIS2_PLACEMENT_3D('',#4411,#4412,#4413);
#4411 = CARTESIAN_POINT('',(-13.32598171358,-6.780634655534,0.));
#4412 = DIRECTION('',(0.6593458151,0.751839807479,0.));
#4413 = DIRECTION('',(0.751839807479,-0.6593458151,0.));
#4414 = DEFINITIONAL_REPRESENTATION('',(#4415),#4419);
#4415 = LINE('',#4416,#4417);
#4416 = CARTESIAN_POINT('',(0.,-1.8));
#4417 = VECTOR('',#4418,1.);
#4418 = DIRECTION('',(1.,0.));
#4419 = ( GEOMETRIC_REPRESENTATION_CONTEXT(2) 
PARAMETRIC_REPRESENTATION_CONTEXT() REPRESENTATION_CONTEXT('2D SPACE',''
  ) );
#4420 = ORIENTED_EDGE('',*,*,#4421,.T.);
#4421 = EDGE_CURVE('',#4394,#4422,#4424,.T.);
#4422 = VERTEX_POINT('',#4423);
#4423 = CARTESIAN_POINT('',(-13.03063465553,-7.075981713586,1.8));
#4424 = SURFACE_CURVE('',#4425,(#4429,#4436),.PCURVE_S1.);
#4425 = LINE('',#4426,#4427);
#4426 = CARTESIAN_POINT('',(-13.1686291501,-6.918629150102,1.8));
#4427 = VECTOR('',#4428,1.);
#4428 = DIRECTION('',(0.6593458151,-0.751839807479,0.));
#4429 = PCURVE('',#126,#4430);
#4430 = DEFINITIONAL_REPRESENTATION('',(#4431),#4435);
#4431 = LINE('',#4432,#4433);
#4432 = CARTESIAN_POINT('',(12.981370849898,-6.918629149793));
#4433 = VECTOR('',#4434,1.);
#4434 = DIRECTION('',(0.6593458151,-0.751839807479));
#4435 = ( GEOMETRIC_REPRESENTATION_CONTEXT(2) 
PARAMETRIC_REPRESENTATION_CONTEXT() REPRESENTATION_CONTEXT('2D SPACE',''
  ) );
#4436 = PCURVE('',#4437,#4442);
#4437 = PLANE('',#4438);
#4438 = AXIS2_PLACEMENT_3D('',#4439,#4440,#4441);
#4439 = CARTESIAN_POINT('',(-13.1686291501,-6.918629150102,0.));
#4440 = DIRECTION('',(0.751839807479,0.6593458151,0.));
#4441 = DIRECTION('',(0.6593458151,-0.751839807479,0.));
#4442 = DEFINITIONAL_REPRESENTATION('',(#4443),#4447);
#4443 = LINE('',#4444,#4445);
#4444 = CARTESIAN_POINT('',(0.,-1.8));
#4445 = VECTOR('',#4446,1.);
#4446 = DIRECTION('',(1.,0.));
#4447 = ( GEOMETRIC_REPRESENTATION_CONTEXT(2) 
PARAMETRIC_REPRESENTATION_CONTEXT() REPRESENTATION_CONTEXT('2D SPACE',''
  ) );
#4448 = ORIENTED_EDGE('',*,*,#4449,.T.);
#4449 = EDGE_CURVE('',#4422,#4450,#4452,.T.);
#4450 = VERTEX_POINT('',#4451);
#4451 = CARTESIAN_POINT('',(-12.91435935394,-7.25,1.8));
#4452 = SURFACE_CURVE('',#4453,(#4457,#4464),.PCURVE_S1.);
#4453 = LINE('',#4454,#4455);
#4454 = CARTESIAN_POINT('',(-13.03063465553,-7.075981713586,1.8));
#4455 = VECTOR('',#4456,1.);
#4456 = DIRECTION('',(0.55557023302,-0.831469612303,0.));
#4457 = PCURVE('',#126,#4458);
#4458 = DEFINITIONAL_REPRESENTATION('',(#4459),#4463);
#4459 = LINE('',#4460,#4461);
#4460 = CARTESIAN_POINT('',(13.119365344466,-7.075981713277));
#4461 = VECTOR('',#4462,1.);
#4462 = DIRECTION('',(0.55557023302,-0.831469612303));
#4463 = ( GEOMETRIC_REPRESENTATION_CONTEXT(2) 
PARAMETRIC_REPRESENTATION_CONTEXT() REPRESENTATION_CONTEXT('2D SPACE',''
  ) );
#4464 = PCURVE('',#4465,#4470);
#4465 = PLANE('',#4466);
#4466 = AXIS2_PLACEMENT_3D('',#4467,#4468,#4469);
#4467 = CARTESIAN_POINT('',(-13.03063465553,-7.075981713586,0.));
#4468 = DIRECTION('',(0.831469612303,0.55557023302,0.));
#4469 = DIRECTION('',(0.55557023302,-0.831469612303,0.));
#4470 = DEFINITIONAL_REPRESENTATION('',(#4471),#4475);
#4471 = LINE('',#4472,#4473);
#4472 = CARTESIAN_POINT('',(0.,-1.8));
#4473 = VECTOR('',#4474,1.);
#4474 = DIRECTION('',(1.,0.));
#4475 = ( GEOMETRIC_REPRESENTATION_CONTEXT(2) 
PARAMETRIC_REPRESENTATION_CONTEXT() REPRESENTATION_CONTEXT('2D SPACE',''
  ) );
#4476 = ORIENTED_EDGE('',*,*,#4477,.T.);
#4477 = EDGE_CURVE('',#4450,#4478,#4480,.T.);
#4478 = VERTEX_POINT('',#4479);
#4479 = CARTESIAN_POINT('',(-12.82179274798,-7.437706508216,1.8));
#4480 = SURFACE_CURVE('',#4481,(#4485,#4492),.PCURVE_S1.);
#4481 = LINE('',#4482,#4483);
#4482 = CARTESIAN_POINT('',(-12.91435935394,-7.25,1.8));
#4483 = VECTOR('',#4484,1.);
#4484 = DIRECTION('',(0.442288690219,-0.896872741533,0.));
#4485 = PCURVE('',#126,#4486);
#4486 = DEFINITIONAL_REPRESENTATION('',(#4487),#4491);
#4487 = LINE('',#4488,#4489);
#4488 = CARTESIAN_POINT('',(13.235640646055,-7.249999999691));
#4489 = VECTOR('',#4490,1.);
#4490 = DIRECTION('',(0.442288690219,-0.896872741533));
#4491 = ( GEOMETRIC_REPRESENTATION_CONTEXT(2) 
PARAMETRIC_REPRESENTATION_CONTEXT() REPRESENTATION_CONTEXT('2D SPACE',''
  ) );
#4492 = PCURVE('',#4493,#4498);
#4493 = PLANE('',#4494);
#4494 = AXIS2_PLACEMENT_3D('',#4495,#4496,#4497);
#4495 = CARTESIAN_POINT('',(-12.91435935394,-7.25,0.));
#4496 = DIRECTION('',(0.896872741533,0.442288690219,0.));
#4497 = DIRECTION('',(0.442288690219,-0.896872741533,0.));
#4498 = DEFINITIONAL_REPRESENTATION('',(#4499),#4503);
#4499 = LINE('',#4500,#4501);
#4500 = CARTESIAN_POINT('',(0.,-1.8));
#4501 = VECTOR('',#4502,1.);
#4502 = DIRECTION('',(1.,0.));
#4503 = ( GEOMETRIC_REPRESENTATION_CONTEXT(2) 
PARAMETRIC_REPRESENTATION_CONTEXT() REPRESENTATION_CONTEXT('2D SPACE',''
  ) );
#4504 = ORIENTED_EDGE('',*,*,#4505,.T.);
#4505 = EDGE_CURVE('',#4478,#4506,#4508,.T.);
#4506 = VERTEX_POINT('',#4507);
#4507 = CARTESIAN_POINT('',(-12.75451867793,-7.635889527836,1.8));
#4508 = SURFACE_CURVE('',#4509,(#4513,#4520),.PCURVE_S1.);
#4509 = LINE('',#4510,#4511);
#4510 = CARTESIAN_POINT('',(-12.82179274798,-7.437706508216,1.8));
#4511 = VECTOR('',#4512,1.);
#4512 = DIRECTION('',(0.321439465303,-0.946930129495,0.));
#4513 = PCURVE('',#126,#4514);
#4514 = DEFINITIONAL_REPRESENTATION('',(#4515),#4519);
#4515 = LINE('',#4516,#4517);
#4516 = CARTESIAN_POINT('',(13.328207252018,-7.437706507907));
#4517 = VECTOR('',#4518,1.);
#4518 = DIRECTION('',(0.321439465303,-0.946930129495));
#4519 = ( GEOMETRIC_REPRESENTATION_CONTEXT(2) 
PARAMETRIC_REPRESENTATION_CONTEXT() REPRESENTATION_CONTEXT('2D SPACE',''
  ) );
#4520 = PCURVE('',#4521,#4526);
#4521 = PLANE('',#4522);
#4522 = AXIS2_PLACEMENT_3D('',#4523,#4524,#4525);
#4523 = CARTESIAN_POINT('',(-12.82179274798,-7.437706508216,0.));
#4524 = DIRECTION('',(0.946930129495,0.321439465303,0.));
#4525 = DIRECTION('',(0.321439465303,-0.946930129495,0.));
#4526 = DEFINITIONAL_REPRESENTATION('',(#4527),#4531);
#4527 = LINE('',#4528,#4529);
#4528 = CARTESIAN_POINT('',(0.,-1.8));
#4529 = VECTOR('',#4530,1.);
#4530 = DIRECTION('',(1.,0.));
#4531 = ( GEOMETRIC_REPRESENTATION_CONTEXT(2) 
PARAMETRIC_REPRESENTATION_CONTEXT() REPRESENTATION_CONTEXT('2D SPACE',''
  ) );
#4532 = ORIENTED_EDGE('',*,*,#4533,.T.);
#4533 = EDGE_CURVE('',#4506,#4534,#4536,.T.);
#4534 = VERTEX_POINT('',#4535);
#4535 = CARTESIAN_POINT('',(-12.7136882218,-7.841158092448,1.8));
#4536 = SURFACE_CURVE('',#4537,(#4541,#4548),.PCURVE_S1.);
#4537 = LINE('',#4538,#4539);
#4538 = CARTESIAN_POINT('',(-12.75451867793,-7.635889527836,1.8));
#4539 = VECTOR('',#4540,1.);
#4540 = DIRECTION('',(0.195090322016,-0.980785280403,0.));
#4541 = PCURVE('',#126,#4542);
#4542 = DEFINITIONAL_REPRESENTATION('',(#4543),#4547);
#4543 = LINE('',#4544,#4545);
#4544 = CARTESIAN_POINT('',(13.395481322063,-7.635889527527));
#4545 = VECTOR('',#4546,1.);
#4546 = DIRECTION('',(0.195090322016,-0.980785280403));
#4547 = ( GEOMETRIC_REPRESENTATION_CONTEXT(2) 
PARAMETRIC_REPRESENTATION_CONTEXT() REPRESENTATION_CONTEXT('2D SPACE',''
  ) );
#4548 = PCURVE('',#4549,#4554);
#4549 = PLANE('',#4550);
#4550 = AXIS2_PLACEMENT_3D('',#4551,#4552,#4553);
#4551 = CARTESIAN_POINT('',(-12.75451867793,-7.635889527836,0.));
#4552 = DIRECTION('',(0.980785280403,0.195090322016,0.));
#4553 = DIRECTION('',(0.195090322016,-0.980785280403,0.));
#4554 = DEFINITIONAL_REPRESENTATION('',(#4555),#4559);
#4555 = LINE('',#4556,#4557);
#4556 = CARTESIAN_POINT('',(0.,-1.8));
#4557 = VECTOR('',#4558,1.);
#4558 = DIRECTION('',(1.,0.));
#4559 = ( GEOMETRIC_REPRESENTATION_CONTEXT(2) 
PARAMETRIC_REPRESENTATION_CONTEXT() REPRESENTATION_CONTEXT('2D SPACE',''
  ) );
#4560 = ORIENTED_EDGE('',*,*,#4561,.T.);
#4561 = EDGE_CURVE('',#4534,#4562,#4564,.T.);
#4562 = VERTEX_POINT('',#4563);
#4563 = CARTESIAN_POINT('',(-12.7,-8.05,1.8));
#4564 = SURFACE_CURVE('',#4565,(#4569,#4576),.PCURVE_S1.);
#4565 = LINE('',#4566,#4567);
#4566 = CARTESIAN_POINT('',(-12.7136882218,-7.841158092448,1.8));
#4567 = VECTOR('',#4568,1.);
#4568 = DIRECTION('',(6.540312923014E-02,-0.997858923239,0.));
#4569 = PCURVE('',#126,#4570);
#4570 = DEFINITIONAL_REPRESENTATION('',(#4571),#4575);
#4571 = LINE('',#4572,#4573);
#4572 = CARTESIAN_POINT('',(13.436311778198,-7.841158092139));
#4573 = VECTOR('',#4574,1.);
#4574 = DIRECTION('',(6.540312923014E-02,-0.997858923239));
#4575 = ( GEOMETRIC_REPRESENTATION_CONTEXT(2) 
PARAMETRIC_REPRESENTATION_CONTEXT() REPRESENTATION_CONTEXT('2D SPACE',''
  ) );
#4576 = PCURVE('',#4577,#4582);
#4577 = PLANE('',#4578);
#4578 = AXIS2_PLACEMENT_3D('',#4579,#4580,#4581);
#4579 = CARTESIAN_POINT('',(-12.7136882218,-7.841158092448,0.));
#4580 = DIRECTION('',(0.997858923239,6.540312923014E-02,0.));
#4581 = DIRECTION('',(6.540312923014E-02,-0.997858923239,0.));
#4582 = DEFINITIONAL_REPRESENTATION('',(#4583),#4587);
#4583 = LINE('',#4584,#4585);
#4584 = CARTESIAN_POINT('',(0.,-1.8));
#4585 = VECTOR('',#4586,1.);
#4586 = DIRECTION('',(1.,0.));
#4587 = ( GEOMETRIC_REPRESENTATION_CONTEXT(2) 
PARAMETRIC_REPRESENTATION_CONTEXT() REPRESENTATION_CONTEXT('2D SPACE',''
  ) );
#4588 = ORIENTED_EDGE('',*,*,#4589,.T.);
#4589 = EDGE_CURVE('',#4562,#3272,#4590,.T.);
#4590 = SURFACE_CURVE('',#4591,(#4595,#4602),.PCURVE_S1.);
#4591 = LINE('',#4592,#4593);
#4592 = CARTESIAN_POINT('',(-12.7,-8.05,1.8));
#4593 = VECTOR('',#4594,1.);
#4594 = DIRECTION('',(-6.540312923014E-02,-0.997858923239,0.));
#4595 = PCURVE('',#126,#4596);
#4596 = DEFINITIONAL_REPRESENTATION('',(#4597),#4601);
#4597 = LINE('',#4598,#4599);
#4598 = CARTESIAN_POINT('',(13.45,-8.049999999691));
#4599 = VECTOR('',#4600,1.);
#4600 = DIRECTION('',(-6.540312923014E-02,-0.997858923239));
#4601 = ( GEOMETRIC_REPRESENTATION_CONTEXT(2) 
PARAMETRIC_REPRESENTATION_CONTEXT() REPRESENTATION_CONTEXT('2D SPACE',''
  ) );
#4602 = PCURVE('',#4603,#4608);
#4603 = PLANE('',#4604);
#4604 = AXIS2_PLACEMENT_3D('',#4605,#4606,#4607);
#4605 = CARTESIAN_POINT('',(-12.7,-8.05,0.));
#4606 = DIRECTION('',(0.997858923239,-6.540312923014E-02,0.));
#4607 = DIRECTION('',(-6.540312923014E-02,-0.997858923239,0.));
#4608 = DEFINITIONAL_REPRESENTATION('',(#4609),#4613);
#4609 = LINE('',#4610,#4611);
#4610 = CARTESIAN_POINT('',(0.,-1.8));
#4611 = VECTOR('',#4612,1.);
#4612 = DIRECTION('',(1.,0.));
#4613 = ( GEOMETRIC_REPRESENTATION_CONTEXT(2) 
PARAMETRIC_REPRESENTATION_CONTEXT() REPRESENTATION_CONTEXT('2D SPACE',''
  ) );
#4614 = FACE_BOUND('',#4615,.F.);
#4615 = EDGE_LOOP('',(#4616));
#4616 = ORIENTED_EDGE('',*,*,#4617,.T.);
#4617 = EDGE_CURVE('',#4618,#4618,#4620,.T.);
#4618 = VERTEX_POINT('',#4619);
#4619 = CARTESIAN_POINT('',(-35.35,8.5,1.8));
#4620 = SURFACE_CURVE('',#4621,(#4626,#4637),.PCURVE_S1.);
#4621 = CIRCLE('',#4622,2.65);
#4622 = AXIS2_PLACEMENT_3D('',#4623,#4624,#4625);
#4623 = CARTESIAN_POINT('',(-38.,8.5,1.8));
#4624 = DIRECTION('',(0.,-0.,-1.));
#4625 = DIRECTION('',(1.,0.,-0.));
#4626 = PCURVE('',#126,#4627);
#4627 = DEFINITIONAL_REPRESENTATION('',(#4628),#4636);
#4628 = ( BOUNDED_CURVE() B_SPLINE_CURVE(2,(#4629,#4630,#4631,#4632,
#4633,#4634,#4635),.UNSPECIFIED.,.T.,.F.) B_SPLINE_CURVE_WITH_KNOTS((1,2
    ,2,2,2,1),(-2.094395102393,0.,2.094395102393,4.188790204786,
6.28318530718,8.377580409573),.UNSPECIFIED.) CURVE() 
GEOMETRIC_REPRESENTATION_ITEM() RATIONAL_B_SPLINE_CURVE((1.,0.5,1.,0.5,
1.,0.5,1.)) REPRESENTATION_ITEM('') );
#4629 = CARTESIAN_POINT('',(-9.2,8.500000000309));
#4630 = CARTESIAN_POINT('',(-9.2,3.910065360251));
#4631 = CARTESIAN_POINT('',(-13.175,6.20503268028));
#4632 = CARTESIAN_POINT('',(-17.15,8.500000000309));
#4633 = CARTESIAN_POINT('',(-13.175,10.794967320338));
#4634 = CARTESIAN_POINT('',(-9.2,13.089934640366));
#4635 = CARTESIAN_POINT('',(-9.2,8.500000000309));
#4636 = ( GEOMETRIC_REPRESENTATION_CONTEXT(2) 
PARAMETRIC_REPRESENTATION_CONTEXT() REPRESENTATION_CONTEXT('2D SPACE',''
  ) );
#4637 = PCURVE('',#4638,#4643);
#4638 = CYLINDRICAL_SURFACE('',#4639,2.65);
#4639 = AXIS2_PLACEMENT_3D('',#4640,#4641,#4642);
#4640 = CARTESIAN_POINT('',(-38.,8.5,-0.1));
#4641 = DIRECTION('',(-0.,-0.,-1.));
#4642 = DIRECTION('',(1.,0.,-0.));
#4643 = DEFINITIONAL_REPRESENTATION('',(#4644),#4648);
#4644 = LINE('',#4645,#4646);
#4645 = CARTESIAN_POINT('',(-6.28318530718,-1.9));
#4646 = VECTOR('',#4647,1.);
#4647 = DIRECTION('',(1.,-0.));
#4648 = ( GEOMETRIC_REPRESENTATION_CONTEXT(2) 
PARAMETRIC_REPRESENTATION_CONTEXT() REPRESENTATION_CONTEXT('2D SPACE',''
  ) );
#4649 = FACE_BOUND('',#4650,.F.);
#4650 = EDGE_LOOP('',(#4651,#4681,#4709,#4737,#4765,#4793,#4821,#4849,
    #4877,#4905,#4933,#4961,#4989,#5017,#5045,#5073,#5101,#5129,#5157,
    #5185,#5213,#5241,#5269,#5297,#5325,#5353,#5381,#5409,#5437,#5465,
    #5493,#5521,#5549,#5577,#5605,#5633,#5661,#5689,#5717,#5745,#5773,
    #5801,#5829,#5857,#5885,#5913,#5941,#5969));
#4651 = ORIENTED_EDGE('',*,*,#4652,.T.);
#4652 = EDGE_CURVE('',#4653,#4655,#4657,.T.);
#4653 = VERTEX_POINT('',#4654);
#4654 = CARTESIAN_POINT('',(-25.75451867793,6.535889527836,1.8));
#4655 = VERTEX_POINT('',#4656);
#4656 = CARTESIAN_POINT('',(-25.82179274798,6.337706508216,1.8));
#4657 = SURFACE_CURVE('',#4658,(#4662,#4669),.PCURVE_S1.);
#4658 = LINE('',#4659,#4660);
#4659 = CARTESIAN_POINT('',(-25.75451867793,6.535889527836,1.8));
#4660 = VECTOR('',#4661,1.);
#4661 = DIRECTION('',(-0.321439465303,-0.946930129495,0.));
#4662 = PCURVE('',#126,#4663);
#4663 = DEFINITIONAL_REPRESENTATION('',(#4664),#4668);
#4664 = LINE('',#4665,#4666);
#4665 = CARTESIAN_POINT('',(0.395481322063,6.535889528145));
#4666 = VECTOR('',#4667,1.);
#4667 = DIRECTION('',(-0.321439465303,-0.946930129495));
#4668 = ( GEOMETRIC_REPRESENTATION_CONTEXT(2) 
PARAMETRIC_REPRESENTATION_CONTEXT() REPRESENTATION_CONTEXT('2D SPACE',''
  ) );
#4669 = PCURVE('',#4670,#4675);
#4670 = PLANE('',#4671);
#4671 = AXIS2_PLACEMENT_3D('',#4672,#4673,#4674);
#4672 = CARTESIAN_POINT('',(-25.75451867793,6.535889527836,0.));
#4673 = DIRECTION('',(0.946930129495,-0.321439465303,0.));
#4674 = DIRECTION('',(-0.321439465303,-0.946930129495,0.));
#4675 = DEFINITIONAL_REPRESENTATION('',(#4676),#4680);
#4676 = LINE('',#4677,#4678);
#4677 = CARTESIAN_POINT('',(0.,-1.8));
#4678 = VECTOR('',#4679,1.);
#4679 = DIRECTION('',(1.,0.));
#4680 = ( GEOMETRIC_REPRESENTATION_CONTEXT(2) 
PARAMETRIC_REPRESENTATION_CONTEXT() REPRESENTATION_CONTEXT('2D SPACE',''
  ) );
#4681 = ORIENTED_EDGE('',*,*,#4682,.T.);
#4682 = EDGE_CURVE('',#4655,#4683,#4685,.T.);
#4683 = VERTEX_POINT('',#4684);
#4684 = CARTESIAN_POINT('',(-25.91435935394,6.15,1.8));
#4685 = SURFACE_CURVE('',#4686,(#4690,#4697),.PCURVE_S1.);
#4686 = LINE('',#4687,#4688);
#4687 = CARTESIAN_POINT('',(-25.82179274798,6.337706508216,1.8));
#4688 = VECTOR('',#4689,1.);
#4689 = DIRECTION('',(-0.442288690219,-0.896872741533,0.));
#4690 = PCURVE('',#126,#4691);
#4691 = DEFINITIONAL_REPRESENTATION('',(#4692),#4696);
#4692 = LINE('',#4693,#4694);
#4693 = CARTESIAN_POINT('',(0.328207252018,6.337706508525));
#4694 = VECTOR('',#4695,1.);
#4695 = DIRECTION('',(-0.442288690219,-0.896872741533));
#4696 = ( GEOMETRIC_REPRESENTATION_CONTEXT(2) 
PARAMETRIC_REPRESENTATION_CONTEXT() REPRESENTATION_CONTEXT('2D SPACE',''
  ) );
#4697 = PCURVE('',#4698,#4703);
#4698 = PLANE('',#4699);
#4699 = AXIS2_PLACEMENT_3D('',#4700,#4701,#4702);
#4700 = CARTESIAN_POINT('',(-25.82179274798,6.337706508216,0.));
#4701 = DIRECTION('',(0.896872741533,-0.442288690219,0.));
#4702 = DIRECTION('',(-0.442288690219,-0.896872741533,0.));
#4703 = DEFINITIONAL_REPRESENTATION('',(#4704),#4708);
#4704 = LINE('',#4705,#4706);
#4705 = CARTESIAN_POINT('',(0.,-1.8));
#4706 = VECTOR('',#4707,1.);
#4707 = DIRECTION('',(1.,0.));
#4708 = ( GEOMETRIC_REPRESENTATION_CONTEXT(2) 
PARAMETRIC_REPRESENTATION_CONTEXT() REPRESENTATION_CONTEXT('2D SPACE',''
  ) );
#4709 = ORIENTED_EDGE('',*,*,#4710,.T.);
#4710 = EDGE_CURVE('',#4683,#4711,#4713,.T.);
#4711 = VERTEX_POINT('',#4712);
#4712 = CARTESIAN_POINT('',(-26.03063465553,5.975981713586,1.8));
#4713 = SURFACE_CURVE('',#4714,(#4718,#4725),.PCURVE_S1.);
#4714 = LINE('',#4715,#4716);
#4715 = CARTESIAN_POINT('',(-25.91435935394,6.15,1.8));
#4716 = VECTOR('',#4717,1.);
#4717 = DIRECTION('',(-0.55557023302,-0.831469612303,0.));
#4718 = PCURVE('',#126,#4719);
#4719 = DEFINITIONAL_REPRESENTATION('',(#4720),#4724);
#4720 = LINE('',#4721,#4722);
#4721 = CARTESIAN_POINT('',(0.235640646055,6.150000000309));
#4722 = VECTOR('',#4723,1.);
#4723 = DIRECTION('',(-0.55557023302,-0.831469612303));
#4724 = ( GEOMETRIC_REPRESENTATION_CONTEXT(2) 
PARAMETRIC_REPRESENTATION_CONTEXT() REPRESENTATION_CONTEXT('2D SPACE',''
  ) );
#4725 = PCURVE('',#4726,#4731);
#4726 = PLANE('',#4727);
#4727 = AXIS2_PLACEMENT_3D('',#4728,#4729,#4730);
#4728 = CARTESIAN_POINT('',(-25.91435935394,6.15,0.));
#4729 = DIRECTION('',(0.831469612303,-0.55557023302,0.));
#4730 = DIRECTION('',(-0.55557023302,-0.831469612303,0.));
#4731 = DEFINITIONAL_REPRESENTATION('',(#4732),#4736);
#4732 = LINE('',#4733,#4734);
#4733 = CARTESIAN_POINT('',(0.,-1.8));
#4734 = VECTOR('',#4735,1.);
#4735 = DIRECTION('',(1.,0.));
#4736 = ( GEOMETRIC_REPRESENTATION_CONTEXT(2) 
PARAMETRIC_REPRESENTATION_CONTEXT() REPRESENTATION_CONTEXT('2D SPACE',''
  ) );
#4737 = ORIENTED_EDGE('',*,*,#4738,.T.);
#4738 = EDGE_CURVE('',#4711,#4739,#4741,.T.);
#4739 = VERTEX_POINT('',#4740);
#4740 = CARTESIAN_POINT('',(-26.1686291501,5.818629150102,1.8));
#4741 = SURFACE_CURVE('',#4742,(#4746,#4753),.PCURVE_S1.);
#4742 = LINE('',#4743,#4744);
#4743 = CARTESIAN_POINT('',(-26.03063465553,5.975981713586,1.8));
#4744 = VECTOR('',#4745,1.);
#4745 = DIRECTION('',(-0.6593458151,-0.751839807479,0.));
#4746 = PCURVE('',#126,#4747);
#4747 = DEFINITIONAL_REPRESENTATION('',(#4748),#4752);
#4748 = LINE('',#4749,#4750);
#4749 = CARTESIAN_POINT('',(0.119365344466,5.975981713895));
#4750 = VECTOR('',#4751,1.);
#4751 = DIRECTION('',(-0.6593458151,-0.751839807479));
#4752 = ( GEOMETRIC_REPRESENTATION_CONTEXT(2) 
PARAMETRIC_REPRESENTATION_CONTEXT() REPRESENTATION_CONTEXT('2D SPACE',''
  ) );
#4753 = PCURVE('',#4754,#4759);
#4754 = PLANE('',#4755);
#4755 = AXIS2_PLACEMENT_3D('',#4756,#4757,#4758);
#4756 = CARTESIAN_POINT('',(-26.03063465553,5.975981713586,0.));
#4757 = DIRECTION('',(0.751839807479,-0.6593458151,0.));
#4758 = DIRECTION('',(-0.6593458151,-0.751839807479,0.));
#4759 = DEFINITIONAL_REPRESENTATION('',(#4760),#4764);
#4760 = LINE('',#4761,#4762);
#4761 = CARTESIAN_POINT('',(0.,-1.8));
#4762 = VECTOR('',#4763,1.);
#4763 = DIRECTION('',(1.,0.));
#4764 = ( GEOMETRIC_REPRESENTATION_CONTEXT(2) 
PARAMETRIC_REPRESENTATION_CONTEXT() REPRESENTATION_CONTEXT('2D SPACE',''
  ) );
#4765 = ORIENTED_EDGE('',*,*,#4766,.T.);
#4766 = EDGE_CURVE('',#4739,#4767,#4769,.T.);
#4767 = VERTEX_POINT('',#4768);
#4768 = CARTESIAN_POINT('',(-26.32598171358,5.680634655534,1.8));
#4769 = SURFACE_CURVE('',#4770,(#4774,#4781),.PCURVE_S1.);
#4770 = LINE('',#4771,#4772);
#4771 = CARTESIAN_POINT('',(-26.1686291501,5.818629150102,1.8));
#4772 = VECTOR('',#4773,1.);
#4773 = DIRECTION('',(-0.751839807479,-0.6593458151,0.));
#4774 = PCURVE('',#126,#4775);
#4775 = DEFINITIONAL_REPRESENTATION('',(#4776),#4780);
#4776 = LINE('',#4777,#4778);
#4777 = CARTESIAN_POINT('',(-1.862915010152E-02,5.81862915041));
#4778 = VECTOR('',#4779,1.);
#4779 = DIRECTION('',(-0.751839807479,-0.6593458151));
#4780 = ( GEOMETRIC_REPRESENTATION_CONTEXT(2) 
PARAMETRIC_REPRESENTATION_CONTEXT() REPRESENTATION_CONTEXT('2D SPACE',''
  ) );
#4781 = PCURVE('',#4782,#4787);
#4782 = PLANE('',#4783);
#4783 = AXIS2_PLACEMENT_3D('',#4784,#4785,#4786);
#4784 = CARTESIAN_POINT('',(-26.1686291501,5.818629150102,0.));
#4785 = DIRECTION('',(0.6593458151,-0.751839807479,0.));
#4786 = DIRECTION('',(-0.751839807479,-0.6593458151,0.));
#4787 = DEFINITIONAL_REPRESENTATION('',(#4788),#4792);
#4788 = LINE('',#4789,#4790);
#4789 = CARTESIAN_POINT('',(0.,-1.8));
#4790 = VECTOR('',#4791,1.);
#4791 = DIRECTION('',(1.,0.));
#4792 = ( GEOMETRIC_REPRESENTATION_CONTEXT(2) 
PARAMETRIC_REPRESENTATION_CONTEXT() REPRESENTATION_CONTEXT('2D SPACE',''
  ) );
#4793 = ORIENTED_EDGE('',*,*,#4794,.T.);
#4794 = EDGE_CURVE('',#4767,#4795,#4797,.T.);
#4795 = VERTEX_POINT('',#4796);
#4796 = CARTESIAN_POINT('',(-26.5,5.564359353945,1.8));
#4797 = SURFACE_CURVE('',#4798,(#4802,#4809),.PCURVE_S1.);
#4798 = LINE('',#4799,#4800);
#4799 = CARTESIAN_POINT('',(-26.32598171358,5.680634655534,1.8));
#4800 = VECTOR('',#4801,1.);
#4801 = DIRECTION('',(-0.831469612303,-0.55557023302,0.));
#4802 = PCURVE('',#126,#4803);
#4803 = DEFINITIONAL_REPRESENTATION('',(#4804),#4808);
#4804 = LINE('',#4805,#4806);
#4805 = CARTESIAN_POINT('',(-0.175981713586,5.680634655843));
#4806 = VECTOR('',#4807,1.);
#4807 = DIRECTION('',(-0.831469612303,-0.55557023302));
#4808 = ( GEOMETRIC_REPRESENTATION_CONTEXT(2) 
PARAMETRIC_REPRESENTATION_CONTEXT() REPRESENTATION_CONTEXT('2D SPACE',''
  ) );
#4809 = PCURVE('',#4810,#4815);
#4810 = PLANE('',#4811);
#4811 = AXIS2_PLACEMENT_3D('',#4812,#4813,#4814);
#4812 = CARTESIAN_POINT('',(-26.32598171358,5.680634655534,0.));
#4813 = DIRECTION('',(0.55557023302,-0.831469612303,0.));
#4814 = DIRECTION('',(-0.831469612303,-0.55557023302,0.));
#4815 = DEFINITIONAL_REPRESENTATION('',(#4816),#4820);
#4816 = LINE('',#4817,#4818);
#4817 = CARTESIAN_POINT('',(0.,-1.8));
#4818 = VECTOR('',#4819,1.);
#4819 = DIRECTION('',(1.,0.));
#4820 = ( GEOMETRIC_REPRESENTATION_CONTEXT(2) 
PARAMETRIC_REPRESENTATION_CONTEXT() REPRESENTATION_CONTEXT('2D SPACE',''
  ) );
#4821 = ORIENTED_EDGE('',*,*,#4822,.T.);
#4822 = EDGE_CURVE('',#4795,#4823,#4825,.T.);
#4823 = VERTEX_POINT('',#4824);
#4824 = CARTESIAN_POINT('',(-26.68770650821,5.471792747982,1.8));
#4825 = SURFACE_CURVE('',#4826,(#4830,#4837),.PCURVE_S1.);
#4826 = LINE('',#4827,#4828);
#4827 = CARTESIAN_POINT('',(-26.5,5.564359353945,1.8));
#4828 = VECTOR('',#4829,1.);
#4829 = DIRECTION('',(-0.896872741533,-0.442288690219,0.));
#4830 = PCURVE('',#126,#4831);
#4831 = DEFINITIONAL_REPRESENTATION('',(#4832),#4836);
#4832 = LINE('',#4833,#4834);
#4833 = CARTESIAN_POINT('',(-0.35,5.564359354254));
#4834 = VECTOR('',#4835,1.);
#4835 = DIRECTION('',(-0.896872741533,-0.442288690219));
#4836 = ( GEOMETRIC_REPRESENTATION_CONTEXT(2) 
PARAMETRIC_REPRESENTATION_CONTEXT() REPRESENTATION_CONTEXT('2D SPACE',''
  ) );
#4837 = PCURVE('',#4838,#4843);
#4838 = PLANE('',#4839);
#4839 = AXIS2_PLACEMENT_3D('',#4840,#4841,#4842);
#4840 = CARTESIAN_POINT('',(-26.5,5.564359353945,0.));
#4841 = DIRECTION('',(0.442288690219,-0.896872741533,0.));
#4842 = DIRECTION('',(-0.896872741533,-0.442288690219,0.));
#4843 = DEFINITIONAL_REPRESENTATION('',(#4844),#4848);
#4844 = LINE('',#4845,#4846);
#4845 = CARTESIAN_POINT('',(0.,-1.8));
#4846 = VECTOR('',#4847,1.);
#4847 = DIRECTION('',(1.,0.));
#4848 = ( GEOMETRIC_REPRESENTATION_CONTEXT(2) 
PARAMETRIC_REPRESENTATION_CONTEXT() REPRESENTATION_CONTEXT('2D SPACE',''
  ) );
#4849 = ORIENTED_EDGE('',*,*,#4850,.T.);
#4850 = EDGE_CURVE('',#4823,#4851,#4853,.T.);
#4851 = VERTEX_POINT('',#4852);
#4852 = CARTESIAN_POINT('',(-26.88588952783,5.404518677937,1.8));
#4853 = SURFACE_CURVE('',#4854,(#4858,#4865),.PCURVE_S1.);
#4854 = LINE('',#4855,#4856);
#4855 = CARTESIAN_POINT('',(-26.68770650821,5.471792747982,1.8));
#4856 = VECTOR('',#4857,1.);
#4857 = DIRECTION('',(-0.946930129495,-0.321439465303,0.));
#4858 = PCURVE('',#126,#4859);
#4859 = DEFINITIONAL_REPRESENTATION('',(#4860),#4864);
#4860 = LINE('',#4861,#4862);
#4861 = CARTESIAN_POINT('',(-0.537706508216,5.471792748291));
#4862 = VECTOR('',#4863,1.);
#4863 = DIRECTION('',(-0.946930129495,-0.321439465303));
#4864 = ( GEOMETRIC_REPRESENTATION_CONTEXT(2) 
PARAMETRIC_REPRESENTATION_CONTEXT() REPRESENTATION_CONTEXT('2D SPACE',''
  ) );
#4865 = PCURVE('',#4866,#4871);
#4866 = PLANE('',#4867);
#4867 = AXIS2_PLACEMENT_3D('',#4868,#4869,#4870);
#4868 = CARTESIAN_POINT('',(-26.68770650821,5.471792747982,0.));
#4869 = DIRECTION('',(0.321439465303,-0.946930129495,0.));
#4870 = DIRECTION('',(-0.946930129495,-0.321439465303,0.));
#4871 = DEFINITIONAL_REPRESENTATION('',(#4872),#4876);
#4872 = LINE('',#4873,#4874);
#4873 = CARTESIAN_POINT('',(0.,-1.8));
#4874 = VECTOR('',#4875,1.);
#4875 = DIRECTION('',(1.,0.));
#4876 = ( GEOMETRIC_REPRESENTATION_CONTEXT(2) 
PARAMETRIC_REPRESENTATION_CONTEXT() REPRESENTATION_CONTEXT('2D SPACE',''
  ) );
#4877 = ORIENTED_EDGE('',*,*,#4878,.T.);
#4878 = EDGE_CURVE('',#4851,#4879,#4881,.T.);
#4879 = VERTEX_POINT('',#4880);
#4880 = CARTESIAN_POINT('',(-27.09115809244,5.363688221802,1.8));
#4881 = SURFACE_CURVE('',#4882,(#4886,#4893),.PCURVE_S1.);
#4882 = LINE('',#4883,#4884);
#4883 = CARTESIAN_POINT('',(-26.88588952783,5.404518677937,1.8));
#4884 = VECTOR('',#4885,1.);
#4885 = DIRECTION('',(-0.980785280403,-0.195090322016,0.));
#4886 = PCURVE('',#126,#4887);
#4887 = DEFINITIONAL_REPRESENTATION('',(#4888),#4892);
#4888 = LINE('',#4889,#4890);
#4889 = CARTESIAN_POINT('',(-0.735889527836,5.404518678246));
#4890 = VECTOR('',#4891,1.);
#4891 = DIRECTION('',(-0.980785280403,-0.195090322016));
#4892 = ( GEOMETRIC_REPRESENTATION_CONTEXT(2) 
PARAMETRIC_REPRESENTATION_CONTEXT() REPRESENTATION_CONTEXT('2D SPACE',''
  ) );
#4893 = PCURVE('',#4894,#4899);
#4894 = PLANE('',#4895);
#4895 = AXIS2_PLACEMENT_3D('',#4896,#4897,#4898);
#4896 = CARTESIAN_POINT('',(-26.88588952783,5.404518677937,0.));
#4897 = DIRECTION('',(0.195090322016,-0.980785280403,0.));
#4898 = DIRECTION('',(-0.980785280403,-0.195090322016,0.));
#4899 = DEFINITIONAL_REPRESENTATION('',(#4900),#4904);
#4900 = LINE('',#4901,#4902);
#4901 = CARTESIAN_POINT('',(0.,-1.8));
#4902 = VECTOR('',#4903,1.);
#4903 = DIRECTION('',(1.,0.));
#4904 = ( GEOMETRIC_REPRESENTATION_CONTEXT(2) 
PARAMETRIC_REPRESENTATION_CONTEXT() REPRESENTATION_CONTEXT('2D SPACE',''
  ) );
#4905 = ORIENTED_EDGE('',*,*,#4906,.T.);
#4906 = EDGE_CURVE('',#4879,#4907,#4909,.T.);
#4907 = VERTEX_POINT('',#4908);
#4908 = CARTESIAN_POINT('',(-27.3,5.35,1.8));
#4909 = SURFACE_CURVE('',#4910,(#4914,#4921),.PCURVE_S1.);
#4910 = LINE('',#4911,#4912);
#4911 = CARTESIAN_POINT('',(-27.09115809244,5.363688221802,1.8));
#4912 = VECTOR('',#4913,1.);
#4913 = DIRECTION('',(-0.997858923239,-6.540312923015E-02,0.));
#4914 = PCURVE('',#126,#4915);
#4915 = DEFINITIONAL_REPRESENTATION('',(#4916),#4920);
#4916 = LINE('',#4917,#4918);
#4917 = CARTESIAN_POINT('',(-0.941158092448,5.363688222111));
#4918 = VECTOR('',#4919,1.);
#4919 = DIRECTION('',(-0.997858923239,-6.540312923015E-02));
#4920 = ( GEOMETRIC_REPRESENTATION_CONTEXT(2) 
PARAMETRIC_REPRESENTATION_CONTEXT() REPRESENTATION_CONTEXT('2D SPACE',''
  ) );
#4921 = PCURVE('',#4922,#4927);
#4922 = PLANE('',#4923);
#4923 = AXIS2_PLACEMENT_3D('',#4924,#4925,#4926);
#4924 = CARTESIAN_POINT('',(-27.09115809244,5.363688221802,0.));
#4925 = DIRECTION('',(6.540312923015E-02,-0.997858923239,0.));
#4926 = DIRECTION('',(-0.997858923239,-6.540312923015E-02,0.));
#4927 = DEFINITIONAL_REPRESENTATION('',(#4928),#4932);
#4928 = LINE('',#4929,#4930);
#4929 = CARTESIAN_POINT('',(0.,-1.8));
#4930 = VECTOR('',#4931,1.);
#4931 = DIRECTION('',(1.,0.));
#4932 = ( GEOMETRIC_REPRESENTATION_CONTEXT(2) 
PARAMETRIC_REPRESENTATION_CONTEXT() REPRESENTATION_CONTEXT('2D SPACE',''
  ) );
#4933 = ORIENTED_EDGE('',*,*,#4934,.T.);
#4934 = EDGE_CURVE('',#4907,#4935,#4937,.T.);
#4935 = VERTEX_POINT('',#4936);
#4936 = CARTESIAN_POINT('',(-27.50884190755,5.363688221802,1.8));
#4937 = SURFACE_CURVE('',#4938,(#4942,#4949),.PCURVE_S1.);
#4938 = LINE('',#4939,#4940);
#4939 = CARTESIAN_POINT('',(-27.3,5.35,1.8));
#4940 = VECTOR('',#4941,1.);
#4941 = DIRECTION('',(-0.997858923239,6.540312923014E-02,0.));
#4942 = PCURVE('',#126,#4943);
#4943 = DEFINITIONAL_REPRESENTATION('',(#4944),#4948);
#4944 = LINE('',#4945,#4946);
#4945 = CARTESIAN_POINT('',(-1.15,5.350000000309));
#4946 = VECTOR('',#4947,1.);
#4947 = DIRECTION('',(-0.997858923239,6.540312923014E-02));
#4948 = ( GEOMETRIC_REPRESENTATION_CONTEXT(2) 
PARAMETRIC_REPRESENTATION_CONTEXT() REPRESENTATION_CONTEXT('2D SPACE',''
  ) );
#4949 = PCURVE('',#4950,#4955);
#4950 = PLANE('',#4951);
#4951 = AXIS2_PLACEMENT_3D('',#4952,#4953,#4954);
#4952 = CARTESIAN_POINT('',(-27.3,5.35,0.));
#4953 = DIRECTION('',(-6.540312923014E-02,-0.997858923239,-0.));
#4954 = DIRECTION('',(-0.997858923239,6.540312923014E-02,0.));
#4955 = DEFINITIONAL_REPRESENTATION('',(#4956),#4960);
#4956 = LINE('',#4957,#4958);
#4957 = CARTESIAN_POINT('',(0.,-1.8));
#4958 = VECTOR('',#4959,1.);
#4959 = DIRECTION('',(1.,0.));
#4960 = ( GEOMETRIC_REPRESENTATION_CONTEXT(2) 
PARAMETRIC_REPRESENTATION_CONTEXT() REPRESENTATION_CONTEXT('2D SPACE',''
  ) );
#4961 = ORIENTED_EDGE('',*,*,#4962,.T.);
#4962 = EDGE_CURVE('',#4935,#4963,#4965,.T.);
#4963 = VERTEX_POINT('',#4964);
#4964 = CARTESIAN_POINT('',(-27.71411047216,5.404518677937,1.8));
#4965 = SURFACE_CURVE('',#4966,(#4970,#4977),.PCURVE_S1.);
#4966 = LINE('',#4967,#4968);
#4967 = CARTESIAN_POINT('',(-27.50884190755,5.363688221802,1.8));
#4968 = VECTOR('',#4969,1.);
#4969 = DIRECTION('',(-0.980785280403,0.195090322016,0.));
#4970 = PCURVE('',#126,#4971);
#4971 = DEFINITIONAL_REPRESENTATION('',(#4972),#4976);
#4972 = LINE('',#4973,#4974);
#4973 = CARTESIAN_POINT('',(-1.358841907552,5.363688222111));
#4974 = VECTOR('',#4975,1.);
#4975 = DIRECTION('',(-0.980785280403,0.195090322016));
#4976 = ( GEOMETRIC_REPRESENTATION_CONTEXT(2) 
PARAMETRIC_REPRESENTATION_CONTEXT() REPRESENTATION_CONTEXT('2D SPACE',''
  ) );
#4977 = PCURVE('',#4978,#4983);
#4978 = PLANE('',#4979);
#4979 = AXIS2_PLACEMENT_3D('',#4980,#4981,#4982);
#4980 = CARTESIAN_POINT('',(-27.50884190755,5.363688221802,0.));
#4981 = DIRECTION('',(-0.195090322016,-0.980785280403,-0.));
#4982 = DIRECTION('',(-0.980785280403,0.195090322016,0.));
#4983 = DEFINITIONAL_REPRESENTATION('',(#4984),#4988);
#4984 = LINE('',#4985,#4986);
#4985 = CARTESIAN_POINT('',(0.,-1.8));
#4986 = VECTOR('',#4987,1.);
#4987 = DIRECTION('',(1.,0.));
#4988 = ( GEOMETRIC_REPRESENTATION_CONTEXT(2) 
PARAMETRIC_REPRESENTATION_CONTEXT() REPRESENTATION_CONTEXT('2D SPACE',''
  ) );
#4989 = ORIENTED_EDGE('',*,*,#4990,.T.);
#4990 = EDGE_CURVE('',#4963,#4991,#4993,.T.);
#4991 = VERTEX_POINT('',#4992);
#4992 = CARTESIAN_POINT('',(-27.91229349178,5.471792747982,1.8));
#4993 = SURFACE_CURVE('',#4994,(#4998,#5005),.PCURVE_S1.);
#4994 = LINE('',#4995,#4996);
#4995 = CARTESIAN_POINT('',(-27.71411047216,5.404518677937,1.8));
#4996 = VECTOR('',#4997,1.);
#4997 = DIRECTION('',(-0.946930129495,0.321439465303,0.));
#4998 = PCURVE('',#126,#4999);
#4999 = DEFINITIONAL_REPRESENTATION('',(#5000),#5004);
#5000 = LINE('',#5001,#5002);
#5001 = CARTESIAN_POINT('',(-1.564110472164,5.404518678246));
#5002 = VECTOR('',#5003,1.);
#5003 = DIRECTION('',(-0.946930129495,0.321439465303));
#5004 = ( GEOMETRIC_REPRESENTATION_CONTEXT(2) 
PARAMETRIC_REPRESENTATION_CONTEXT() REPRESENTATION_CONTEXT('2D SPACE',''
  ) );
#5005 = PCURVE('',#5006,#5011);
#5006 = PLANE('',#5007);
#5007 = AXIS2_PLACEMENT_3D('',#5008,#5009,#5010);
#5008 = CARTESIAN_POINT('',(-27.71411047216,5.404518677937,0.));
#5009 = DIRECTION('',(-0.321439465303,-0.946930129495,-0.));
#5010 = DIRECTION('',(-0.946930129495,0.321439465303,0.));
#5011 = DEFINITIONAL_REPRESENTATION('',(#5012),#5016);
#5012 = LINE('',#5013,#5014);
#5013 = CARTESIAN_POINT('',(0.,-1.8));
#5014 = VECTOR('',#5015,1.);
#5015 = DIRECTION('',(1.,0.));
#5016 = ( GEOMETRIC_REPRESENTATION_CONTEXT(2) 
PARAMETRIC_REPRESENTATION_CONTEXT() REPRESENTATION_CONTEXT('2D SPACE',''
  ) );
#5017 = ORIENTED_EDGE('',*,*,#5018,.T.);
#5018 = EDGE_CURVE('',#4991,#5019,#5021,.T.);
#5019 = VERTEX_POINT('',#5020);
#5020 = CARTESIAN_POINT('',(-28.1,5.564359353945,1.8));
#5021 = SURFACE_CURVE('',#5022,(#5026,#5033),.PCURVE_S1.);
#5022 = LINE('',#5023,#5024);
#5023 = CARTESIAN_POINT('',(-27.91229349178,5.471792747982,1.8));
#5024 = VECTOR('',#5025,1.);
#5025 = DIRECTION('',(-0.896872741533,0.442288690219,0.));
#5026 = PCURVE('',#126,#5027);
#5027 = DEFINITIONAL_REPRESENTATION('',(#5028),#5032);
#5028 = LINE('',#5029,#5030);
#5029 = CARTESIAN_POINT('',(-1.762293491784,5.471792748291));
#5030 = VECTOR('',#5031,1.);
#5031 = DIRECTION('',(-0.896872741533,0.442288690219));
#5032 = ( GEOMETRIC_REPRESENTATION_CONTEXT(2) 
PARAMETRIC_REPRESENTATION_CONTEXT() REPRESENTATION_CONTEXT('2D SPACE',''
  ) );
#5033 = PCURVE('',#5034,#5039);
#5034 = PLANE('',#5035);
#5035 = AXIS2_PLACEMENT_3D('',#5036,#5037,#5038);
#5036 = CARTESIAN_POINT('',(-27.91229349178,5.471792747982,0.));
#5037 = DIRECTION('',(-0.442288690219,-0.896872741533,-0.));
#5038 = DIRECTION('',(-0.896872741533,0.442288690219,0.));
#5039 = DEFINITIONAL_REPRESENTATION('',(#5040),#5044);
#5040 = LINE('',#5041,#5042);
#5041 = CARTESIAN_POINT('',(0.,-1.8));
#5042 = VECTOR('',#5043,1.);
#5043 = DIRECTION('',(1.,0.));
#5044 = ( GEOMETRIC_REPRESENTATION_CONTEXT(2) 
PARAMETRIC_REPRESENTATION_CONTEXT() REPRESENTATION_CONTEXT('2D SPACE',''
  ) );
#5045 = ORIENTED_EDGE('',*,*,#5046,.T.);
#5046 = EDGE_CURVE('',#5019,#5047,#5049,.T.);
#5047 = VERTEX_POINT('',#5048);
#5048 = CARTESIAN_POINT('',(-28.27401828641,5.680634655534,1.8));
#5049 = SURFACE_CURVE('',#5050,(#5054,#5061),.PCURVE_S1.);
#5050 = LINE('',#5051,#5052);
#5051 = CARTESIAN_POINT('',(-28.1,5.564359353945,1.8));
#5052 = VECTOR('',#5053,1.);
#5053 = DIRECTION('',(-0.831469612303,0.55557023302,0.));
#5054 = PCURVE('',#126,#5055);
#5055 = DEFINITIONAL_REPRESENTATION('',(#5056),#5060);
#5056 = LINE('',#5057,#5058);
#5057 = CARTESIAN_POINT('',(-1.95,5.564359354254));
#5058 = VECTOR('',#5059,1.);
#5059 = DIRECTION('',(-0.831469612303,0.55557023302));
#5060 = ( GEOMETRIC_REPRESENTATION_CONTEXT(2) 
PARAMETRIC_REPRESENTATION_CONTEXT() REPRESENTATION_CONTEXT('2D SPACE',''
  ) );
#5061 = PCURVE('',#5062,#5067);
#5062 = PLANE('',#5063);
#5063 = AXIS2_PLACEMENT_3D('',#5064,#5065,#5066);
#5064 = CARTESIAN_POINT('',(-28.1,5.564359353945,0.));
#5065 = DIRECTION('',(-0.55557023302,-0.831469612303,-0.));
#5066 = DIRECTION('',(-0.831469612303,0.55557023302,0.));
#5067 = DEFINITIONAL_REPRESENTATION('',(#5068),#5072);
#5068 = LINE('',#5069,#5070);
#5069 = CARTESIAN_POINT('',(0.,-1.8));
#5070 = VECTOR('',#5071,1.);
#5071 = DIRECTION('',(1.,0.));
#5072 = ( GEOMETRIC_REPRESENTATION_CONTEXT(2) 
PARAMETRIC_REPRESENTATION_CONTEXT() REPRESENTATION_CONTEXT('2D SPACE',''
  ) );
#5073 = ORIENTED_EDGE('',*,*,#5074,.T.);
#5074 = EDGE_CURVE('',#5047,#5075,#5077,.T.);
#5075 = VERTEX_POINT('',#5076);
#5076 = CARTESIAN_POINT('',(-28.43137084989,5.818629150102,1.8));
#5077 = SURFACE_CURVE('',#5078,(#5082,#5089),.PCURVE_S1.);
#5078 = LINE('',#5079,#5080);
#5079 = CARTESIAN_POINT('',(-28.27401828641,5.680634655534,1.8));
#5080 = VECTOR('',#5081,1.);
#5081 = DIRECTION('',(-0.751839807479,0.6593458151,0.));
#5082 = PCURVE('',#126,#5083);
#5083 = DEFINITIONAL_REPRESENTATION('',(#5084),#5088);
#5084 = LINE('',#5085,#5086);
#5085 = CARTESIAN_POINT('',(-2.124018286414,5.680634655843));
#5086 = VECTOR('',#5087,1.);
#5087 = DIRECTION('',(-0.751839807479,0.6593458151));
#5088 = ( GEOMETRIC_REPRESENTATION_CONTEXT(2) 
PARAMETRIC_REPRESENTATION_CONTEXT() REPRESENTATION_CONTEXT('2D SPACE',''
  ) );
#5089 = PCURVE('',#5090,#5095);
#5090 = PLANE('',#5091);
#5091 = AXIS2_PLACEMENT_3D('',#5092,#5093,#5094);
#5092 = CARTESIAN_POINT('',(-28.27401828641,5.680634655534,0.));
#5093 = DIRECTION('',(-0.6593458151,-0.751839807479,-0.));
#5094 = DIRECTION('',(-0.751839807479,0.6593458151,0.));
#5095 = DEFINITIONAL_REPRESENTATION('',(#5096),#5100);
#5096 = LINE('',#5097,#5098);
#5097 = CARTESIAN_POINT('',(0.,-1.8));
#5098 = VECTOR('',#5099,1.);
#5099 = DIRECTION('',(1.,0.));
#5100 = ( GEOMETRIC_REPRESENTATION_CONTEXT(2) 
PARAMETRIC_REPRESENTATION_CONTEXT() REPRESENTATION_CONTEXT('2D SPACE',''
  ) );
#5101 = ORIENTED_EDGE('',*,*,#5102,.T.);
#5102 = EDGE_CURVE('',#5075,#5103,#5105,.T.);
#5103 = VERTEX_POINT('',#5104);
#5104 = CARTESIAN_POINT('',(-28.56936534446,5.975981713586,1.8));
#5105 = SURFACE_CURVE('',#5106,(#5110,#5117),.PCURVE_S1.);
#5106 = LINE('',#5107,#5108);
#5107 = CARTESIAN_POINT('',(-28.43137084989,5.818629150102,1.8));
#5108 = VECTOR('',#5109,1.);
#5109 = DIRECTION('',(-0.6593458151,0.751839807479,0.));
#5110 = PCURVE('',#126,#5111);
#5111 = DEFINITIONAL_REPRESENTATION('',(#5112),#5116);
#5112 = LINE('',#5113,#5114);
#5113 = CARTESIAN_POINT('',(-2.281370849898,5.81862915041));
#5114 = VECTOR('',#5115,1.);
#5115 = DIRECTION('',(-0.6593458151,0.751839807479));
#5116 = ( GEOMETRIC_REPRESENTATION_CONTEXT(2) 
PARAMETRIC_REPRESENTATION_CONTEXT() REPRESENTATION_CONTEXT('2D SPACE',''
  ) );
#5117 = PCURVE('',#5118,#5123);
#5118 = PLANE('',#5119);
#5119 = AXIS2_PLACEMENT_3D('',#5120,#5121,#5122);
#5120 = CARTESIAN_POINT('',(-28.43137084989,5.818629150102,0.));
#5121 = DIRECTION('',(-0.751839807479,-0.6593458151,-0.));
#5122 = DIRECTION('',(-0.6593458151,0.751839807479,0.));
#5123 = DEFINITIONAL_REPRESENTATION('',(#5124),#5128);
#5124 = LINE('',#5125,#5126);
#5125 = CARTESIAN_POINT('',(0.,-1.8));
#5126 = VECTOR('',#5127,1.);
#5127 = DIRECTION('',(1.,0.));
#5128 = ( GEOMETRIC_REPRESENTATION_CONTEXT(2) 
PARAMETRIC_REPRESENTATION_CONTEXT() REPRESENTATION_CONTEXT('2D SPACE',''
  ) );
#5129 = ORIENTED_EDGE('',*,*,#5130,.T.);
#5130 = EDGE_CURVE('',#5103,#5131,#5133,.T.);
#5131 = VERTEX_POINT('',#5132);
#5132 = CARTESIAN_POINT('',(-28.68564064605,6.15,1.8));
#5133 = SURFACE_CURVE('',#5134,(#5138,#5145),.PCURVE_S1.);
#5134 = LINE('',#5135,#5136);
#5135 = CARTESIAN_POINT('',(-28.56936534446,5.975981713586,1.8));
#5136 = VECTOR('',#5137,1.);
#5137 = DIRECTION('',(-0.55557023302,0.831469612303,0.));
#5138 = PCURVE('',#126,#5139);
#5139 = DEFINITIONAL_REPRESENTATION('',(#5140),#5144);
#5140 = LINE('',#5141,#5142);
#5141 = CARTESIAN_POINT('',(-2.419365344466,5.975981713895));
#5142 = VECTOR('',#5143,1.);
#5143 = DIRECTION('',(-0.55557023302,0.831469612303));
#5144 = ( GEOMETRIC_REPRESENTATION_CONTEXT(2) 
PARAMETRIC_REPRESENTATION_CONTEXT() REPRESENTATION_CONTEXT('2D SPACE',''
  ) );
#5145 = PCURVE('',#5146,#5151);
#5146 = PLANE('',#5147);
#5147 = AXIS2_PLACEMENT_3D('',#5148,#5149,#5150);
#5148 = CARTESIAN_POINT('',(-28.56936534446,5.975981713586,0.));
#5149 = DIRECTION('',(-0.831469612303,-0.55557023302,-0.));
#5150 = DIRECTION('',(-0.55557023302,0.831469612303,0.));
#5151 = DEFINITIONAL_REPRESENTATION('',(#5152),#5156);
#5152 = LINE('',#5153,#5154);
#5153 = CARTESIAN_POINT('',(0.,-1.8));
#5154 = VECTOR('',#5155,1.);
#5155 = DIRECTION('',(1.,0.));
#5156 = ( GEOMETRIC_REPRESENTATION_CONTEXT(2) 
PARAMETRIC_REPRESENTATION_CONTEXT() REPRESENTATION_CONTEXT('2D SPACE',''
  ) );
#5157 = ORIENTED_EDGE('',*,*,#5158,.T.);
#5158 = EDGE_CURVE('',#5131,#5159,#5161,.T.);
#5159 = VERTEX_POINT('',#5160);
#5160 = CARTESIAN_POINT('',(-28.77820725201,6.337706508216,1.8));
#5161 = SURFACE_CURVE('',#5162,(#5166,#5173),.PCURVE_S1.);
#5162 = LINE('',#5163,#5164);
#5163 = CARTESIAN_POINT('',(-28.68564064605,6.15,1.8));
#5164 = VECTOR('',#5165,1.);
#5165 = DIRECTION('',(-0.442288690219,0.896872741533,0.));
#5166 = PCURVE('',#126,#5167);
#5167 = DEFINITIONAL_REPRESENTATION('',(#5168),#5172);
#5168 = LINE('',#5169,#5170);
#5169 = CARTESIAN_POINT('',(-2.535640646055,6.150000000309));
#5170 = VECTOR('',#5171,1.);
#5171 = DIRECTION('',(-0.442288690219,0.896872741533));
#5172 = ( GEOMETRIC_REPRESENTATION_CONTEXT(2) 
PARAMETRIC_REPRESENTATION_CONTEXT() REPRESENTATION_CONTEXT('2D SPACE',''
  ) );
#5173 = PCURVE('',#5174,#5179);
#5174 = PLANE('',#5175);
#5175 = AXIS2_PLACEMENT_3D('',#5176,#5177,#5178);
#5176 = CARTESIAN_POINT('',(-28.68564064605,6.15,0.));
#5177 = DIRECTION('',(-0.896872741533,-0.442288690219,-0.));
#5178 = DIRECTION('',(-0.442288690219,0.896872741533,0.));
#5179 = DEFINITIONAL_REPRESENTATION('',(#5180),#5184);
#5180 = LINE('',#5181,#5182);
#5181 = CARTESIAN_POINT('',(0.,-1.8));
#5182 = VECTOR('',#5183,1.);
#5183 = DIRECTION('',(1.,0.));
#5184 = ( GEOMETRIC_REPRESENTATION_CONTEXT(2) 
PARAMETRIC_REPRESENTATION_CONTEXT() REPRESENTATION_CONTEXT('2D SPACE',''
  ) );
#5185 = ORIENTED_EDGE('',*,*,#5186,.T.);
#5186 = EDGE_CURVE('',#5159,#5187,#5189,.T.);
#5187 = VERTEX_POINT('',#5188);
#5188 = CARTESIAN_POINT('',(-28.84548132206,6.535889527836,1.8));
#5189 = SURFACE_CURVE('',#5190,(#5194,#5201),.PCURVE_S1.);
#5190 = LINE('',#5191,#5192);
#5191 = CARTESIAN_POINT('',(-28.77820725201,6.337706508216,1.8));
#5192 = VECTOR('',#5193,1.);
#5193 = DIRECTION('',(-0.321439465303,0.946930129495,0.));
#5194 = PCURVE('',#126,#5195);
#5195 = DEFINITIONAL_REPRESENTATION('',(#5196),#5200);
#5196 = LINE('',#5197,#5198);
#5197 = CARTESIAN_POINT('',(-2.628207252018,6.337706508525));
#5198 = VECTOR('',#5199,1.);
#5199 = DIRECTION('',(-0.321439465303,0.946930129495));
#5200 = ( GEOMETRIC_REPRESENTATION_CONTEXT(2) 
PARAMETRIC_REPRESENTATION_CONTEXT() REPRESENTATION_CONTEXT('2D SPACE',''
  ) );
#5201 = PCURVE('',#5202,#5207);
#5202 = PLANE('',#5203);
#5203 = AXIS2_PLACEMENT_3D('',#5204,#5205,#5206);
#5204 = CARTESIAN_POINT('',(-28.77820725201,6.337706508216,0.));
#5205 = DIRECTION('',(-0.946930129495,-0.321439465303,-0.));
#5206 = DIRECTION('',(-0.321439465303,0.946930129495,0.));
#5207 = DEFINITIONAL_REPRESENTATION('',(#5208),#5212);
#5208 = LINE('',#5209,#5210);
#5209 = CARTESIAN_POINT('',(0.,-1.8));
#5210 = VECTOR('',#5211,1.);
#5211 = DIRECTION('',(1.,0.));
#5212 = ( GEOMETRIC_REPRESENTATION_CONTEXT(2) 
PARAMETRIC_REPRESENTATION_CONTEXT() REPRESENTATION_CONTEXT('2D SPACE',''
  ) );
#5213 = ORIENTED_EDGE('',*,*,#5214,.T.);
#5214 = EDGE_CURVE('',#5187,#5215,#5217,.T.);
#5215 = VERTEX_POINT('',#5216);
#5216 = CARTESIAN_POINT('',(-28.88631177819,6.741158092448,1.8));
#5217 = SURFACE_CURVE('',#5218,(#5222,#5229),.PCURVE_S1.);
#5218 = LINE('',#5219,#5220);
#5219 = CARTESIAN_POINT('',(-28.84548132206,6.535889527836,1.8));
#5220 = VECTOR('',#5221,1.);
#5221 = DIRECTION('',(-0.195090322016,0.980785280403,0.));
#5222 = PCURVE('',#126,#5223);
#5223 = DEFINITIONAL_REPRESENTATION('',(#5224),#5228);
#5224 = LINE('',#5225,#5226);
#5225 = CARTESIAN_POINT('',(-2.695481322063,6.535889528145));
#5226 = VECTOR('',#5227,1.);
#5227 = DIRECTION('',(-0.195090322016,0.980785280403));
#5228 = ( GEOMETRIC_REPRESENTATION_CONTEXT(2) 
PARAMETRIC_REPRESENTATION_CONTEXT() REPRESENTATION_CONTEXT('2D SPACE',''
  ) );
#5229 = PCURVE('',#5230,#5235);
#5230 = PLANE('',#5231);
#5231 = AXIS2_PLACEMENT_3D('',#5232,#5233,#5234);
#5232 = CARTESIAN_POINT('',(-28.84548132206,6.535889527836,0.));
#5233 = DIRECTION('',(-0.980785280403,-0.195090322016,-0.));
#5234 = DIRECTION('',(-0.195090322016,0.980785280403,0.));
#5235 = DEFINITIONAL_REPRESENTATION('',(#5236),#5240);
#5236 = LINE('',#5237,#5238);
#5237 = CARTESIAN_POINT('',(0.,-1.8));
#5238 = VECTOR('',#5239,1.);
#5239 = DIRECTION('',(1.,0.));
#5240 = ( GEOMETRIC_REPRESENTATION_CONTEXT(2) 
PARAMETRIC_REPRESENTATION_CONTEXT() REPRESENTATION_CONTEXT('2D SPACE',''
  ) );
#5241 = ORIENTED_EDGE('',*,*,#5242,.T.);
#5242 = EDGE_CURVE('',#5215,#5243,#5245,.T.);
#5243 = VERTEX_POINT('',#5244);
#5244 = CARTESIAN_POINT('',(-28.9,6.95,1.8));
#5245 = SURFACE_CURVE('',#5246,(#5250,#5257),.PCURVE_S1.);
#5246 = LINE('',#5247,#5248);
#5247 = CARTESIAN_POINT('',(-28.88631177819,6.741158092448,1.8));
#5248 = VECTOR('',#5249,1.);
#5249 = DIRECTION('',(-6.540312923014E-02,0.997858923239,0.));
#5250 = PCURVE('',#126,#5251);
#5251 = DEFINITIONAL_REPRESENTATION('',(#5252),#5256);
#5252 = LINE('',#5253,#5254);
#5253 = CARTESIAN_POINT('',(-2.736311778198,6.741158092757));
#5254 = VECTOR('',#5255,1.);
#5255 = DIRECTION('',(-6.540312923014E-02,0.997858923239));
#5256 = ( GEOMETRIC_REPRESENTATION_CONTEXT(2) 
PARAMETRIC_REPRESENTATION_CONTEXT() REPRESENTATION_CONTEXT('2D SPACE',''
  ) );
#5257 = PCURVE('',#5258,#5263);
#5258 = PLANE('',#5259);
#5259 = AXIS2_PLACEMENT_3D('',#5260,#5261,#5262);
#5260 = CARTESIAN_POINT('',(-28.88631177819,6.741158092448,0.));
#5261 = DIRECTION('',(-0.997858923239,-6.540312923014E-02,-0.));
#5262 = DIRECTION('',(-6.540312923014E-02,0.997858923239,0.));
#5263 = DEFINITIONAL_REPRESENTATION('',(#5264),#5268);
#5264 = LINE('',#5265,#5266);
#5265 = CARTESIAN_POINT('',(0.,-1.8));
#5266 = VECTOR('',#5267,1.);
#5267 = DIRECTION('',(1.,0.));
#5268 = ( GEOMETRIC_REPRESENTATION_CONTEXT(2) 
PARAMETRIC_REPRESENTATION_CONTEXT() REPRESENTATION_CONTEXT('2D SPACE',''
  ) );
#5269 = ORIENTED_EDGE('',*,*,#5270,.T.);
#5270 = EDGE_CURVE('',#5243,#5271,#5273,.T.);
#5271 = VERTEX_POINT('',#5272);
#5272 = CARTESIAN_POINT('',(-28.88631177819,7.158841907552,1.8));
#5273 = SURFACE_CURVE('',#5274,(#5278,#5285),.PCURVE_S1.);
#5274 = LINE('',#5275,#5276);
#5275 = CARTESIAN_POINT('',(-28.9,6.95,1.8));
#5276 = VECTOR('',#5277,1.);
#5277 = DIRECTION('',(6.540312923014E-02,0.997858923239,0.));
#5278 = PCURVE('',#126,#5279);
#5279 = DEFINITIONAL_REPRESENTATION('',(#5280),#5284);
#5280 = LINE('',#5281,#5282);
#5281 = CARTESIAN_POINT('',(-2.75,6.950000000309));
#5282 = VECTOR('',#5283,1.);
#5283 = DIRECTION('',(6.540312923014E-02,0.997858923239));
#5284 = ( GEOMETRIC_REPRESENTATION_CONTEXT(2) 
PARAMETRIC_REPRESENTATION_CONTEXT() REPRESENTATION_CONTEXT('2D SPACE',''
  ) );
#5285 = PCURVE('',#5286,#5291);
#5286 = PLANE('',#5287);
#5287 = AXIS2_PLACEMENT_3D('',#5288,#5289,#5290);
#5288 = CARTESIAN_POINT('',(-28.9,6.95,0.));
#5289 = DIRECTION('',(-0.997858923239,6.540312923014E-02,0.));
#5290 = DIRECTION('',(6.540312923014E-02,0.997858923239,0.));
#5291 = DEFINITIONAL_REPRESENTATION('',(#5292),#5296);
#5292 = LINE('',#5293,#5294);
#5293 = CARTESIAN_POINT('',(0.,-1.8));
#5294 = VECTOR('',#5295,1.);
#5295 = DIRECTION('',(1.,0.));
#5296 = ( GEOMETRIC_REPRESENTATION_CONTEXT(2) 
PARAMETRIC_REPRESENTATION_CONTEXT() REPRESENTATION_CONTEXT('2D SPACE',''
  ) );
#5297 = ORIENTED_EDGE('',*,*,#5298,.T.);
#5298 = EDGE_CURVE('',#5271,#5299,#5301,.T.);
#5299 = VERTEX_POINT('',#5300);
#5300 = CARTESIAN_POINT('',(-28.84548132206,7.364110472164,1.8));
#5301 = SURFACE_CURVE('',#5302,(#5306,#5313),.PCURVE_S1.);
#5302 = LINE('',#5303,#5304);
#5303 = CARTESIAN_POINT('',(-28.88631177819,7.158841907552,1.8));
#5304 = VECTOR('',#5305,1.);
#5305 = DIRECTION('',(0.195090322016,0.980785280403,0.));
#5306 = PCURVE('',#126,#5307);
#5307 = DEFINITIONAL_REPRESENTATION('',(#5308),#5312);
#5308 = LINE('',#5309,#5310);
#5309 = CARTESIAN_POINT('',(-2.736311778198,7.158841907861));
#5310 = VECTOR('',#5311,1.);
#5311 = DIRECTION('',(0.195090322016,0.980785280403));
#5312 = ( GEOMETRIC_REPRESENTATION_CONTEXT(2) 
PARAMETRIC_REPRESENTATION_CONTEXT() REPRESENTATION_CONTEXT('2D SPACE',''
  ) );
#5313 = PCURVE('',#5314,#5319);
#5314 = PLANE('',#5315);
#5315 = AXIS2_PLACEMENT_3D('',#5316,#5317,#5318);
#5316 = CARTESIAN_POINT('',(-28.88631177819,7.158841907552,0.));
#5317 = DIRECTION('',(-0.980785280403,0.195090322016,0.));
#5318 = DIRECTION('',(0.195090322016,0.980785280403,0.));
#5319 = DEFINITIONAL_REPRESENTATION('',(#5320),#5324);
#5320 = LINE('',#5321,#5322);
#5321 = CARTESIAN_POINT('',(0.,-1.8));
#5322 = VECTOR('',#5323,1.);
#5323 = DIRECTION('',(1.,0.));
#5324 = ( GEOMETRIC_REPRESENTATION_CONTEXT(2) 
PARAMETRIC_REPRESENTATION_CONTEXT() REPRESENTATION_CONTEXT('2D SPACE',''
  ) );
#5325 = ORIENTED_EDGE('',*,*,#5326,.T.);
#5326 = EDGE_CURVE('',#5299,#5327,#5329,.T.);
#5327 = VERTEX_POINT('',#5328);
#5328 = CARTESIAN_POINT('',(-28.77820725201,7.562293491784,1.8));
#5329 = SURFACE_CURVE('',#5330,(#5334,#5341),.PCURVE_S1.);
#5330 = LINE('',#5331,#5332);
#5331 = CARTESIAN_POINT('',(-28.84548132206,7.364110472164,1.8));
#5332 = VECTOR('',#5333,1.);
#5333 = DIRECTION('',(0.321439465303,0.946930129495,0.));
#5334 = PCURVE('',#126,#5335);
#5335 = DEFINITIONAL_REPRESENTATION('',(#5336),#5340);
#5336 = LINE('',#5337,#5338);
#5337 = CARTESIAN_POINT('',(-2.695481322063,7.364110472473));
#5338 = VECTOR('',#5339,1.);
#5339 = DIRECTION('',(0.321439465303,0.946930129495));
#5340 = ( GEOMETRIC_REPRESENTATION_CONTEXT(2) 
PARAMETRIC_REPRESENTATION_CONTEXT() REPRESENTATION_CONTEXT('2D SPACE',''
  ) );
#5341 = PCURVE('',#5342,#5347);
#5342 = PLANE('',#5343);
#5343 = AXIS2_PLACEMENT_3D('',#5344,#5345,#5346);
#5344 = CARTESIAN_POINT('',(-28.84548132206,7.364110472164,0.));
#5345 = DIRECTION('',(-0.946930129495,0.321439465303,0.));
#5346 = DIRECTION('',(0.321439465303,0.946930129495,0.));
#5347 = DEFINITIONAL_REPRESENTATION('',(#5348),#5352);
#5348 = LINE('',#5349,#5350);
#5349 = CARTESIAN_POINT('',(0.,-1.8));
#5350 = VECTOR('',#5351,1.);
#5351 = DIRECTION('',(1.,0.));
#5352 = ( GEOMETRIC_REPRESENTATION_CONTEXT(2) 
PARAMETRIC_REPRESENTATION_CONTEXT() REPRESENTATION_CONTEXT('2D SPACE',''
  ) );
#5353 = ORIENTED_EDGE('',*,*,#5354,.T.);
#5354 = EDGE_CURVE('',#5327,#5355,#5357,.T.);
#5355 = VERTEX_POINT('',#5356);
#5356 = CARTESIAN_POINT('',(-28.68564064605,7.75,1.8));
#5357 = SURFACE_CURVE('',#5358,(#5362,#5369),.PCURVE_S1.);
#5358 = LINE('',#5359,#5360);
#5359 = CARTESIAN_POINT('',(-28.77820725201,7.562293491784,1.8));
#5360 = VECTOR('',#5361,1.);
#5361 = DIRECTION('',(0.442288690219,0.896872741533,0.));
#5362 = PCURVE('',#126,#5363);
#5363 = DEFINITIONAL_REPRESENTATION('',(#5364),#5368);
#5364 = LINE('',#5365,#5366);
#5365 = CARTESIAN_POINT('',(-2.628207252018,7.562293492093));
#5366 = VECTOR('',#5367,1.);
#5367 = DIRECTION('',(0.442288690219,0.896872741533));
#5368 = ( GEOMETRIC_REPRESENTATION_CONTEXT(2) 
PARAMETRIC_REPRESENTATION_CONTEXT() REPRESENTATION_CONTEXT('2D SPACE',''
  ) );
#5369 = PCURVE('',#5370,#5375);
#5370 = PLANE('',#5371);
#5371 = AXIS2_PLACEMENT_3D('',#5372,#5373,#5374);
#5372 = CARTESIAN_POINT('',(-28.77820725201,7.562293491784,0.));
#5373 = DIRECTION('',(-0.896872741533,0.442288690219,0.));
#5374 = DIRECTION('',(0.442288690219,0.896872741533,0.));
#5375 = DEFINITIONAL_REPRESENTATION('',(#5376),#5380);
#5376 = LINE('',#5377,#5378);
#5377 = CARTESIAN_POINT('',(0.,-1.8));
#5378 = VECTOR('',#5379,1.);
#5379 = DIRECTION('',(1.,0.));
#5380 = ( GEOMETRIC_REPRESENTATION_CONTEXT(2) 
PARAMETRIC_REPRESENTATION_CONTEXT() REPRESENTATION_CONTEXT('2D SPACE',''
  ) );
#5381 = ORIENTED_EDGE('',*,*,#5382,.T.);
#5382 = EDGE_CURVE('',#5355,#5383,#5385,.T.);
#5383 = VERTEX_POINT('',#5384);
#5384 = CARTESIAN_POINT('',(-28.56936534446,7.924018286414,1.8));
#5385 = SURFACE_CURVE('',#5386,(#5390,#5397),.PCURVE_S1.);
#5386 = LINE('',#5387,#5388);
#5387 = CARTESIAN_POINT('',(-28.68564064605,7.75,1.8));
#5388 = VECTOR('',#5389,1.);
#5389 = DIRECTION('',(0.55557023302,0.831469612303,0.));
#5390 = PCURVE('',#126,#5391);
#5391 = DEFINITIONAL_REPRESENTATION('',(#5392),#5396);
#5392 = LINE('',#5393,#5394);
#5393 = CARTESIAN_POINT('',(-2.535640646055,7.750000000309));
#5394 = VECTOR('',#5395,1.);
#5395 = DIRECTION('',(0.55557023302,0.831469612303));
#5396 = ( GEOMETRIC_REPRESENTATION_CONTEXT(2) 
PARAMETRIC_REPRESENTATION_CONTEXT() REPRESENTATION_CONTEXT('2D SPACE',''
  ) );
#5397 = PCURVE('',#5398,#5403);
#5398 = PLANE('',#5399);
#5399 = AXIS2_PLACEMENT_3D('',#5400,#5401,#5402);
#5400 = CARTESIAN_POINT('',(-28.68564064605,7.75,0.));
#5401 = DIRECTION('',(-0.831469612303,0.55557023302,0.));
#5402 = DIRECTION('',(0.55557023302,0.831469612303,0.));
#5403 = DEFINITIONAL_REPRESENTATION('',(#5404),#5408);
#5404 = LINE('',#5405,#5406);
#5405 = CARTESIAN_POINT('',(0.,-1.8));
#5406 = VECTOR('',#5407,1.);
#5407 = DIRECTION('',(1.,0.));
#5408 = ( GEOMETRIC_REPRESENTATION_CONTEXT(2) 
PARAMETRIC_REPRESENTATION_CONTEXT() REPRESENTATION_CONTEXT('2D SPACE',''
  ) );
#5409 = ORIENTED_EDGE('',*,*,#5410,.T.);
#5410 = EDGE_CURVE('',#5383,#5411,#5413,.T.);
#5411 = VERTEX_POINT('',#5412);
#5412 = CARTESIAN_POINT('',(-28.43137084989,8.081370849898,1.8));
#5413 = SURFACE_CURVE('',#5414,(#5418,#5425),.PCURVE_S1.);
#5414 = LINE('',#5415,#5416);
#5415 = CARTESIAN_POINT('',(-28.56936534446,7.924018286414,1.8));
#5416 = VECTOR('',#5417,1.);
#5417 = DIRECTION('',(0.6593458151,0.751839807479,0.));
#5418 = PCURVE('',#126,#5419);
#5419 = DEFINITIONAL_REPRESENTATION('',(#5420),#5424);
#5420 = LINE('',#5421,#5422);
#5421 = CARTESIAN_POINT('',(-2.419365344466,7.924018286723));
#5422 = VECTOR('',#5423,1.);
#5423 = DIRECTION('',(0.6593458151,0.751839807479));
#5424 = ( GEOMETRIC_REPRESENTATION_CONTEXT(2) 
PARAMETRIC_REPRESENTATION_CONTEXT() REPRESENTATION_CONTEXT('2D SPACE',''
  ) );
#5425 = PCURVE('',#5426,#5431);
#5426 = PLANE('',#5427);
#5427 = AXIS2_PLACEMENT_3D('',#5428,#5429,#5430);
#5428 = CARTESIAN_POINT('',(-28.56936534446,7.924018286414,0.));
#5429 = DIRECTION('',(-0.751839807479,0.6593458151,0.));
#5430 = DIRECTION('',(0.6593458151,0.751839807479,0.));
#5431 = DEFINITIONAL_REPRESENTATION('',(#5432),#5436);
#5432 = LINE('',#5433,#5434);
#5433 = CARTESIAN_POINT('',(0.,-1.8));
#5434 = VECTOR('',#5435,1.);
#5435 = DIRECTION('',(1.,0.));
#5436 = ( GEOMETRIC_REPRESENTATION_CONTEXT(2) 
PARAMETRIC_REPRESENTATION_CONTEXT() REPRESENTATION_CONTEXT('2D SPACE',''
  ) );
#5437 = ORIENTED_EDGE('',*,*,#5438,.T.);
#5438 = EDGE_CURVE('',#5411,#5439,#5441,.T.);
#5439 = VERTEX_POINT('',#5440);
#5440 = CARTESIAN_POINT('',(-28.27401828641,8.219365344466,1.8));
#5441 = SURFACE_CURVE('',#5442,(#5446,#5453),.PCURVE_S1.);
#5442 = LINE('',#5443,#5444);
#5443 = CARTESIAN_POINT('',(-28.43137084989,8.081370849898,1.8));
#5444 = VECTOR('',#5445,1.);
#5445 = DIRECTION('',(0.751839807479,0.6593458151,0.));
#5446 = PCURVE('',#126,#5447);
#5447 = DEFINITIONAL_REPRESENTATION('',(#5448),#5452);
#5448 = LINE('',#5449,#5450);
#5449 = CARTESIAN_POINT('',(-2.281370849898,8.081370850207));
#5450 = VECTOR('',#5451,1.);
#5451 = DIRECTION('',(0.751839807479,0.6593458151));
#5452 = ( GEOMETRIC_REPRESENTATION_CONTEXT(2) 
PARAMETRIC_REPRESENTATION_CONTEXT() REPRESENTATION_CONTEXT('2D SPACE',''
  ) );
#5453 = PCURVE('',#5454,#5459);
#5454 = PLANE('',#5455);
#5455 = AXIS2_PLACEMENT_3D('',#5456,#5457,#5458);
#5456 = CARTESIAN_POINT('',(-28.43137084989,8.081370849898,0.));
#5457 = DIRECTION('',(-0.6593458151,0.751839807479,0.));
#5458 = DIRECTION('',(0.751839807479,0.6593458151,0.));
#5459 = DEFINITIONAL_REPRESENTATION('',(#5460),#5464);
#5460 = LINE('',#5461,#5462);
#5461 = CARTESIAN_POINT('',(0.,-1.8));
#5462 = VECTOR('',#5463,1.);
#5463 = DIRECTION('',(1.,0.));
#5464 = ( GEOMETRIC_REPRESENTATION_CONTEXT(2) 
PARAMETRIC_REPRESENTATION_CONTEXT() REPRESENTATION_CONTEXT('2D SPACE',''
  ) );
#5465 = ORIENTED_EDGE('',*,*,#5466,.T.);
#5466 = EDGE_CURVE('',#5439,#5467,#5469,.T.);
#5467 = VERTEX_POINT('',#5468);
#5468 = CARTESIAN_POINT('',(-28.1,8.335640646055,1.8));
#5469 = SURFACE_CURVE('',#5470,(#5474,#5481),.PCURVE_S1.);
#5470 = LINE('',#5471,#5472);
#5471 = CARTESIAN_POINT('',(-28.27401828641,8.219365344466,1.8));
#5472 = VECTOR('',#5473,1.);
#5473 = DIRECTION('',(0.831469612303,0.55557023302,0.));
#5474 = PCURVE('',#126,#5475);
#5475 = DEFINITIONAL_REPRESENTATION('',(#5476),#5480);
#5476 = LINE('',#5477,#5478);
#5477 = CARTESIAN_POINT('',(-2.124018286414,8.219365344775));
#5478 = VECTOR('',#5479,1.);
#5479 = DIRECTION('',(0.831469612303,0.55557023302));
#5480 = ( GEOMETRIC_REPRESENTATION_CONTEXT(2) 
PARAMETRIC_REPRESENTATION_CONTEXT() REPRESENTATION_CONTEXT('2D SPACE',''
  ) );
#5481 = PCURVE('',#5482,#5487);
#5482 = PLANE('',#5483);
#5483 = AXIS2_PLACEMENT_3D('',#5484,#5485,#5486);
#5484 = CARTESIAN_POINT('',(-28.27401828641,8.219365344466,0.));
#5485 = DIRECTION('',(-0.55557023302,0.831469612303,0.));
#5486 = DIRECTION('',(0.831469612303,0.55557023302,0.));
#5487 = DEFINITIONAL_REPRESENTATION('',(#5488),#5492);
#5488 = LINE('',#5489,#5490);
#5489 = CARTESIAN_POINT('',(0.,-1.8));
#5490 = VECTOR('',#5491,1.);
#5491 = DIRECTION('',(1.,0.));
#5492 = ( GEOMETRIC_REPRESENTATION_CONTEXT(2) 
PARAMETRIC_REPRESENTATION_CONTEXT() REPRESENTATION_CONTEXT('2D SPACE',''
  ) );
#5493 = ORIENTED_EDGE('',*,*,#5494,.T.);
#5494 = EDGE_CURVE('',#5467,#5495,#5497,.T.);
#5495 = VERTEX_POINT('',#5496);
#5496 = CARTESIAN_POINT('',(-27.91229349178,8.428207252018,1.8));
#5497 = SURFACE_CURVE('',#5498,(#5502,#5509),.PCURVE_S1.);
#5498 = LINE('',#5499,#5500);
#5499 = CARTESIAN_POINT('',(-28.1,8.335640646055,1.8));
#5500 = VECTOR('',#5501,1.);
#5501 = DIRECTION('',(0.896872741533,0.442288690219,0.));
#5502 = PCURVE('',#126,#5503);
#5503 = DEFINITIONAL_REPRESENTATION('',(#5504),#5508);
#5504 = LINE('',#5505,#5506);
#5505 = CARTESIAN_POINT('',(-1.95,8.335640646364));
#5506 = VECTOR('',#5507,1.);
#5507 = DIRECTION('',(0.896872741533,0.442288690219));
#5508 = ( GEOMETRIC_REPRESENTATION_CONTEXT(2) 
PARAMETRIC_REPRESENTATION_CONTEXT() REPRESENTATION_CONTEXT('2D SPACE',''
  ) );
#5509 = PCURVE('',#5510,#5515);
#5510 = PLANE('',#5511);
#5511 = AXIS2_PLACEMENT_3D('',#5512,#5513,#5514);
#5512 = CARTESIAN_POINT('',(-28.1,8.335640646055,0.));
#5513 = DIRECTION('',(-0.442288690219,0.896872741533,0.));
#5514 = DIRECTION('',(0.896872741533,0.442288690219,0.));
#5515 = DEFINITIONAL_REPRESENTATION('',(#5516),#5520);
#5516 = LINE('',#5517,#5518);
#5517 = CARTESIAN_POINT('',(0.,-1.8));
#5518 = VECTOR('',#5519,1.);
#5519 = DIRECTION('',(1.,0.));
#5520 = ( GEOMETRIC_REPRESENTATION_CONTEXT(2) 
PARAMETRIC_REPRESENTATION_CONTEXT() REPRESENTATION_CONTEXT('2D SPACE',''
  ) );
#5521 = ORIENTED_EDGE('',*,*,#5522,.T.);
#5522 = EDGE_CURVE('',#5495,#5523,#5525,.T.);
#5523 = VERTEX_POINT('',#5524);
#5524 = CARTESIAN_POINT('',(-27.71411047216,8.495481322063,1.8));
#5525 = SURFACE_CURVE('',#5526,(#5530,#5537),.PCURVE_S1.);
#5526 = LINE('',#5527,#5528);
#5527 = CARTESIAN_POINT('',(-27.91229349178,8.428207252018,1.8));
#5528 = VECTOR('',#5529,1.);
#5529 = DIRECTION('',(0.946930129495,0.321439465303,0.));
#5530 = PCURVE('',#126,#5531);
#5531 = DEFINITIONAL_REPRESENTATION('',(#5532),#5536);
#5532 = LINE('',#5533,#5534);
#5533 = CARTESIAN_POINT('',(-1.762293491784,8.428207252327));
#5534 = VECTOR('',#5535,1.);
#5535 = DIRECTION('',(0.946930129495,0.321439465303));
#5536 = ( GEOMETRIC_REPRESENTATION_CONTEXT(2) 
PARAMETRIC_REPRESENTATION_CONTEXT() REPRESENTATION_CONTEXT('2D SPACE',''
  ) );
#5537 = PCURVE('',#5538,#5543);
#5538 = PLANE('',#5539);
#5539 = AXIS2_PLACEMENT_3D('',#5540,#5541,#5542);
#5540 = CARTESIAN_POINT('',(-27.91229349178,8.428207252018,0.));
#5541 = DIRECTION('',(-0.321439465303,0.946930129495,0.));
#5542 = DIRECTION('',(0.946930129495,0.321439465303,0.));
#5543 = DEFINITIONAL_REPRESENTATION('',(#5544),#5548);
#5544 = LINE('',#5545,#5546);
#5545 = CARTESIAN_POINT('',(0.,-1.8));
#5546 = VECTOR('',#5547,1.);
#5547 = DIRECTION('',(1.,0.));
#5548 = ( GEOMETRIC_REPRESENTATION_CONTEXT(2) 
PARAMETRIC_REPRESENTATION_CONTEXT() REPRESENTATION_CONTEXT('2D SPACE',''
  ) );
#5549 = ORIENTED_EDGE('',*,*,#5550,.T.);
#5550 = EDGE_CURVE('',#5523,#5551,#5553,.T.);
#5551 = VERTEX_POINT('',#5552);
#5552 = CARTESIAN_POINT('',(-27.50884190755,8.536311778198,1.8));
#5553 = SURFACE_CURVE('',#5554,(#5558,#5565),.PCURVE_S1.);
#5554 = LINE('',#5555,#5556);
#5555 = CARTESIAN_POINT('',(-27.71411047216,8.495481322063,1.8));
#5556 = VECTOR('',#5557,1.);
#5557 = DIRECTION('',(0.980785280403,0.195090322016,0.));
#5558 = PCURVE('',#126,#5559);
#5559 = DEFINITIONAL_REPRESENTATION('',(#5560),#5564);
#5560 = LINE('',#5561,#5562);
#5561 = CARTESIAN_POINT('',(-1.564110472164,8.495481322371));
#5562 = VECTOR('',#5563,1.);
#5563 = DIRECTION('',(0.980785280403,0.195090322016));
#5564 = ( GEOMETRIC_REPRESENTATION_CONTEXT(2) 
PARAMETRIC_REPRESENTATION_CONTEXT() REPRESENTATION_CONTEXT('2D SPACE',''
  ) );
#5565 = PCURVE('',#5566,#5571);
#5566 = PLANE('',#5567);
#5567 = AXIS2_PLACEMENT_3D('',#5568,#5569,#5570);
#5568 = CARTESIAN_POINT('',(-27.71411047216,8.495481322063,0.));
#5569 = DIRECTION('',(-0.195090322016,0.980785280403,0.));
#5570 = DIRECTION('',(0.980785280403,0.195090322016,0.));
#5571 = DEFINITIONAL_REPRESENTATION('',(#5572),#5576);
#5572 = LINE('',#5573,#5574);
#5573 = CARTESIAN_POINT('',(0.,-1.8));
#5574 = VECTOR('',#5575,1.);
#5575 = DIRECTION('',(1.,0.));
#5576 = ( GEOMETRIC_REPRESENTATION_CONTEXT(2) 
PARAMETRIC_REPRESENTATION_CONTEXT() REPRESENTATION_CONTEXT('2D SPACE',''
  ) );
#5577 = ORIENTED_EDGE('',*,*,#5578,.T.);
#5578 = EDGE_CURVE('',#5551,#5579,#5581,.T.);
#5579 = VERTEX_POINT('',#5580);
#5580 = CARTESIAN_POINT('',(-27.3,8.55,1.8));
#5581 = SURFACE_CURVE('',#5582,(#5586,#5593),.PCURVE_S1.);
#5582 = LINE('',#5583,#5584);
#5583 = CARTESIAN_POINT('',(-27.50884190755,8.536311778198,1.8));
#5584 = VECTOR('',#5585,1.);
#5585 = DIRECTION('',(0.997858923239,6.540312923014E-02,0.));
#5586 = PCURVE('',#126,#5587);
#5587 = DEFINITIONAL_REPRESENTATION('',(#5588),#5592);
#5588 = LINE('',#5589,#5590);
#5589 = CARTESIAN_POINT('',(-1.358841907552,8.536311778507));
#5590 = VECTOR('',#5591,1.);
#5591 = DIRECTION('',(0.997858923239,6.540312923014E-02));
#5592 = ( GEOMETRIC_REPRESENTATION_CONTEXT(2) 
PARAMETRIC_REPRESENTATION_CONTEXT() REPRESENTATION_CONTEXT('2D SPACE',''
  ) );
#5593 = PCURVE('',#5594,#5599);
#5594 = PLANE('',#5595);
#5595 = AXIS2_PLACEMENT_3D('',#5596,#5597,#5598);
#5596 = CARTESIAN_POINT('',(-27.50884190755,8.536311778198,0.));
#5597 = DIRECTION('',(-6.540312923014E-02,0.997858923239,0.));
#5598 = DIRECTION('',(0.997858923239,6.540312923014E-02,0.));
#5599 = DEFINITIONAL_REPRESENTATION('',(#5600),#5604);
#5600 = LINE('',#5601,#5602);
#5601 = CARTESIAN_POINT('',(0.,-1.8));
#5602 = VECTOR('',#5603,1.);
#5603 = DIRECTION('',(1.,0.));
#5604 = ( GEOMETRIC_REPRESENTATION_CONTEXT(2) 
PARAMETRIC_REPRESENTATION_CONTEXT() REPRESENTATION_CONTEXT('2D SPACE',''
  ) );
#5605 = ORIENTED_EDGE('',*,*,#5606,.T.);
#5606 = EDGE_CURVE('',#5579,#5607,#5609,.T.);
#5607 = VERTEX_POINT('',#5608);
#5608 = CARTESIAN_POINT('',(-27.09115809244,8.536311778198,1.8));
#5609 = SURFACE_CURVE('',#5610,(#5614,#5621),.PCURVE_S1.);
#5610 = LINE('',#5611,#5612);
#5611 = CARTESIAN_POINT('',(-27.3,8.55,1.8));
#5612 = VECTOR('',#5613,1.);
#5613 = DIRECTION('',(0.997858923239,-6.540312923014E-02,0.));
#5614 = PCURVE('',#126,#5615);
#5615 = DEFINITIONAL_REPRESENTATION('',(#5616),#5620);
#5616 = LINE('',#5617,#5618);
#5617 = CARTESIAN_POINT('',(-1.15,8.550000000309));
#5618 = VECTOR('',#5619,1.);
#5619 = DIRECTION('',(0.997858923239,-6.540312923014E-02));
#5620 = ( GEOMETRIC_REPRESENTATION_CONTEXT(2) 
PARAMETRIC_REPRESENTATION_CONTEXT() REPRESENTATION_CONTEXT('2D SPACE',''
  ) );
#5621 = PCURVE('',#5622,#5627);
#5622 = PLANE('',#5623);
#5623 = AXIS2_PLACEMENT_3D('',#5624,#5625,#5626);
#5624 = CARTESIAN_POINT('',(-27.3,8.55,0.));
#5625 = DIRECTION('',(6.540312923014E-02,0.997858923239,0.));
#5626 = DIRECTION('',(0.997858923239,-6.540312923014E-02,0.));
#5627 = DEFINITIONAL_REPRESENTATION('',(#5628),#5632);
#5628 = LINE('',#5629,#5630);
#5629 = CARTESIAN_POINT('',(0.,-1.8));
#5630 = VECTOR('',#5631,1.);
#5631 = DIRECTION('',(1.,0.));
#5632 = ( GEOMETRIC_REPRESENTATION_CONTEXT(2) 
PARAMETRIC_REPRESENTATION_CONTEXT() REPRESENTATION_CONTEXT('2D SPACE',''
  ) );
#5633 = ORIENTED_EDGE('',*,*,#5634,.T.);
#5634 = EDGE_CURVE('',#5607,#5635,#5637,.T.);
#5635 = VERTEX_POINT('',#5636);
#5636 = CARTESIAN_POINT('',(-26.88588952783,8.495481322063,1.8));
#5637 = SURFACE_CURVE('',#5638,(#5642,#5649),.PCURVE_S1.);
#5638 = LINE('',#5639,#5640);
#5639 = CARTESIAN_POINT('',(-27.09115809244,8.536311778198,1.8));
#5640 = VECTOR('',#5641,1.);
#5641 = DIRECTION('',(0.980785280403,-0.195090322016,0.));
#5642 = PCURVE('',#126,#5643);
#5643 = DEFINITIONAL_REPRESENTATION('',(#5644),#5648);
#5644 = LINE('',#5645,#5646);
#5645 = CARTESIAN_POINT('',(-0.941158092448,8.536311778507));
#5646 = VECTOR('',#5647,1.);
#5647 = DIRECTION('',(0.980785280403,-0.195090322016));
#5648 = ( GEOMETRIC_REPRESENTATION_CONTEXT(2) 
PARAMETRIC_REPRESENTATION_CONTEXT() REPRESENTATION_CONTEXT('2D SPACE',''
  ) );
#5649 = PCURVE('',#5650,#5655);
#5650 = PLANE('',#5651);
#5651 = AXIS2_PLACEMENT_3D('',#5652,#5653,#5654);
#5652 = CARTESIAN_POINT('',(-27.09115809244,8.536311778198,0.));
#5653 = DIRECTION('',(0.195090322016,0.980785280403,0.));
#5654 = DIRECTION('',(0.980785280403,-0.195090322016,0.));
#5655 = DEFINITIONAL_REPRESENTATION('',(#5656),#5660);
#5656 = LINE('',#5657,#5658);
#5657 = CARTESIAN_POINT('',(0.,-1.8));
#5658 = VECTOR('',#5659,1.);
#5659 = DIRECTION('',(1.,0.));
#5660 = ( GEOMETRIC_REPRESENTATION_CONTEXT(2) 
PARAMETRIC_REPRESENTATION_CONTEXT() REPRESENTATION_CONTEXT('2D SPACE',''
  ) );
#5661 = ORIENTED_EDGE('',*,*,#5662,.T.);
#5662 = EDGE_CURVE('',#5635,#5663,#5665,.T.);
#5663 = VERTEX_POINT('',#5664);
#5664 = CARTESIAN_POINT('',(-26.68770650821,8.428207252018,1.8));
#5665 = SURFACE_CURVE('',#5666,(#5670,#5677),.PCURVE_S1.);
#5666 = LINE('',#5667,#5668);
#5667 = CARTESIAN_POINT('',(-26.88588952783,8.495481322063,1.8));
#5668 = VECTOR('',#5669,1.);
#5669 = DIRECTION('',(0.946930129495,-0.321439465303,0.));
#5670 = PCURVE('',#126,#5671);
#5671 = DEFINITIONAL_REPRESENTATION('',(#5672),#5676);
#5672 = LINE('',#5673,#5674);
#5673 = CARTESIAN_POINT('',(-0.735889527836,8.495481322371));
#5674 = VECTOR('',#5675,1.);
#5675 = DIRECTION('',(0.946930129495,-0.321439465303));
#5676 = ( GEOMETRIC_REPRESENTATION_CONTEXT(2) 
PARAMETRIC_REPRESENTATION_CONTEXT() REPRESENTATION_CONTEXT('2D SPACE',''
  ) );
#5677 = PCURVE('',#5678,#5683);
#5678 = PLANE('',#5679);
#5679 = AXIS2_PLACEMENT_3D('',#5680,#5681,#5682);
#5680 = CARTESIAN_POINT('',(-26.88588952783,8.495481322063,0.));
#5681 = DIRECTION('',(0.321439465303,0.946930129495,0.));
#5682 = DIRECTION('',(0.946930129495,-0.321439465303,0.));
#5683 = DEFINITIONAL_REPRESENTATION('',(#5684),#5688);
#5684 = LINE('',#5685,#5686);
#5685 = CARTESIAN_POINT('',(0.,-1.8));
#5686 = VECTOR('',#5687,1.);
#5687 = DIRECTION('',(1.,0.));
#5688 = ( GEOMETRIC_REPRESENTATION_CONTEXT(2) 
PARAMETRIC_REPRESENTATION_CONTEXT() REPRESENTATION_CONTEXT('2D SPACE',''
  ) );
#5689 = ORIENTED_EDGE('',*,*,#5690,.T.);
#5690 = EDGE_CURVE('',#5663,#5691,#5693,.T.);
#5691 = VERTEX_POINT('',#5692);
#5692 = CARTESIAN_POINT('',(-26.5,8.335640646055,1.8));
#5693 = SURFACE_CURVE('',#5694,(#5698,#5705),.PCURVE_S1.);
#5694 = LINE('',#5695,#5696);
#5695 = CARTESIAN_POINT('',(-26.68770650821,8.428207252018,1.8));
#5696 = VECTOR('',#5697,1.);
#5697 = DIRECTION('',(0.896872741533,-0.442288690219,0.));
#5698 = PCURVE('',#126,#5699);
#5699 = DEFINITIONAL_REPRESENTATION('',(#5700),#5704);
#5700 = LINE('',#5701,#5702);
#5701 = CARTESIAN_POINT('',(-0.537706508216,8.428207252327));
#5702 = VECTOR('',#5703,1.);
#5703 = DIRECTION('',(0.896872741533,-0.442288690219));
#5704 = ( GEOMETRIC_REPRESENTATION_CONTEXT(2) 
PARAMETRIC_REPRESENTATION_CONTEXT() REPRESENTATION_CONTEXT('2D SPACE',''
  ) );
#5705 = PCURVE('',#5706,#5711);
#5706 = PLANE('',#5707);
#5707 = AXIS2_PLACEMENT_3D('',#5708,#5709,#5710);
#5708 = CARTESIAN_POINT('',(-26.68770650821,8.428207252018,0.));
#5709 = DIRECTION('',(0.442288690219,0.896872741533,0.));
#5710 = DIRECTION('',(0.896872741533,-0.442288690219,0.));
#5711 = DEFINITIONAL_REPRESENTATION('',(#5712),#5716);
#5712 = LINE('',#5713,#5714);
#5713 = CARTESIAN_POINT('',(0.,-1.8));
#5714 = VECTOR('',#5715,1.);
#5715 = DIRECTION('',(1.,0.));
#5716 = ( GEOMETRIC_REPRESENTATION_CONTEXT(2) 
PARAMETRIC_REPRESENTATION_CONTEXT() REPRESENTATION_CONTEXT('2D SPACE',''
  ) );
#5717 = ORIENTED_EDGE('',*,*,#5718,.T.);
#5718 = EDGE_CURVE('',#5691,#5719,#5721,.T.);
#5719 = VERTEX_POINT('',#5720);
#5720 = CARTESIAN_POINT('',(-26.32598171358,8.219365344466,1.8));
#5721 = SURFACE_CURVE('',#5722,(#5726,#5733),.PCURVE_S1.);
#5722 = LINE('',#5723,#5724);
#5723 = CARTESIAN_POINT('',(-26.5,8.335640646055,1.8));
#5724 = VECTOR('',#5725,1.);
#5725 = DIRECTION('',(0.831469612303,-0.55557023302,0.));
#5726 = PCURVE('',#126,#5727);
#5727 = DEFINITIONAL_REPRESENTATION('',(#5728),#5732);
#5728 = LINE('',#5729,#5730);
#5729 = CARTESIAN_POINT('',(-0.35,8.335640646364));
#5730 = VECTOR('',#5731,1.);
#5731 = DIRECTION('',(0.831469612303,-0.55557023302));
#5732 = ( GEOMETRIC_REPRESENTATION_CONTEXT(2) 
PARAMETRIC_REPRESENTATION_CONTEXT() REPRESENTATION_CONTEXT('2D SPACE',''
  ) );
#5733 = PCURVE('',#5734,#5739);
#5734 = PLANE('',#5735);
#5735 = AXIS2_PLACEMENT_3D('',#5736,#5737,#5738);
#5736 = CARTESIAN_POINT('',(-26.5,8.335640646055,0.));
#5737 = DIRECTION('',(0.55557023302,0.831469612303,0.));
#5738 = DIRECTION('',(0.831469612303,-0.55557023302,0.));
#5739 = DEFINITIONAL_REPRESENTATION('',(#5740),#5744);
#5740 = LINE('',#5741,#5742);
#5741 = CARTESIAN_POINT('',(0.,-1.8));
#5742 = VECTOR('',#5743,1.);
#5743 = DIRECTION('',(1.,0.));
#5744 = ( GEOMETRIC_REPRESENTATION_CONTEXT(2) 
PARAMETRIC_REPRESENTATION_CONTEXT() REPRESENTATION_CONTEXT('2D SPACE',''
  ) );
#5745 = ORIENTED_EDGE('',*,*,#5746,.T.);
#5746 = EDGE_CURVE('',#5719,#5747,#5749,.T.);
#5747 = VERTEX_POINT('',#5748);
#5748 = CARTESIAN_POINT('',(-26.1686291501,8.081370849898,1.8));
#5749 = SURFACE_CURVE('',#5750,(#5754,#5761),.PCURVE_S1.);
#5750 = LINE('',#5751,#5752);
#5751 = CARTESIAN_POINT('',(-26.32598171358,8.219365344466,1.8));
#5752 = VECTOR('',#5753,1.);
#5753 = DIRECTION('',(0.751839807479,-0.6593458151,0.));
#5754 = PCURVE('',#126,#5755);
#5755 = DEFINITIONAL_REPRESENTATION('',(#5756),#5760);
#5756 = LINE('',#5757,#5758);
#5757 = CARTESIAN_POINT('',(-0.175981713586,8.219365344775));
#5758 = VECTOR('',#5759,1.);
#5759 = DIRECTION('',(0.751839807479,-0.6593458151));
#5760 = ( GEOMETRIC_REPRESENTATION_CONTEXT(2) 
PARAMETRIC_REPRESENTATION_CONTEXT() REPRESENTATION_CONTEXT('2D SPACE',''
  ) );
#5761 = PCURVE('',#5762,#5767);
#5762 = PLANE('',#5763);
#5763 = AXIS2_PLACEMENT_3D('',#5764,#5765,#5766);
#5764 = CARTESIAN_POINT('',(-26.32598171358,8.219365344466,0.));
#5765 = DIRECTION('',(0.6593458151,0.751839807479,0.));
#5766 = DIRECTION('',(0.751839807479,-0.6593458151,0.));
#5767 = DEFINITIONAL_REPRESENTATION('',(#5768),#5772);
#5768 = LINE('',#5769,#5770);
#5769 = CARTESIAN_POINT('',(0.,-1.8));
#5770 = VECTOR('',#5771,1.);
#5771 = DIRECTION('',(1.,0.));
#5772 = ( GEOMETRIC_REPRESENTATION_CONTEXT(2) 
PARAMETRIC_REPRESENTATION_CONTEXT() REPRESENTATION_CONTEXT('2D SPACE',''
  ) );
#5773 = ORIENTED_EDGE('',*,*,#5774,.T.);
#5774 = EDGE_CURVE('',#5747,#5775,#5777,.T.);
#5775 = VERTEX_POINT('',#5776);
#5776 = CARTESIAN_POINT('',(-26.03063465553,7.924018286414,1.8));
#5777 = SURFACE_CURVE('',#5778,(#5782,#5789),.PCURVE_S1.);
#5778 = LINE('',#5779,#5780);
#5779 = CARTESIAN_POINT('',(-26.1686291501,8.081370849898,1.8));
#5780 = VECTOR('',#5781,1.);
#5781 = DIRECTION('',(0.6593458151,-0.751839807479,0.));
#5782 = PCURVE('',#126,#5783);
#5783 = DEFINITIONAL_REPRESENTATION('',(#5784),#5788);
#5784 = LINE('',#5785,#5786);
#5785 = CARTESIAN_POINT('',(-1.862915010152E-02,8.081370850207));
#5786 = VECTOR('',#5787,1.);
#5787 = DIRECTION('',(0.6593458151,-0.751839807479));
#5788 = ( GEOMETRIC_REPRESENTATION_CONTEXT(2) 
PARAMETRIC_REPRESENTATION_CONTEXT() REPRESENTATION_CONTEXT('2D SPACE',''
  ) );
#5789 = PCURVE('',#5790,#5795);
#5790 = PLANE('',#5791);
#5791 = AXIS2_PLACEMENT_3D('',#5792,#5793,#5794);
#5792 = CARTESIAN_POINT('',(-26.1686291501,8.081370849898,0.));
#5793 = DIRECTION('',(0.751839807479,0.6593458151,0.));
#5794 = DIRECTION('',(0.6593458151,-0.751839807479,0.));
#5795 = DEFINITIONAL_REPRESENTATION('',(#5796),#5800);
#5796 = LINE('',#5797,#5798);
#5797 = CARTESIAN_POINT('',(0.,-1.8));
#5798 = VECTOR('',#5799,1.);
#5799 = DIRECTION('',(1.,0.));
#5800 = ( GEOMETRIC_REPRESENTATION_CONTEXT(2) 
PARAMETRIC_REPRESENTATION_CONTEXT() REPRESENTATION_CONTEXT('2D SPACE',''
  ) );
#5801 = ORIENTED_EDGE('',*,*,#5802,.T.);
#5802 = EDGE_CURVE('',#5775,#5803,#5805,.T.);
#5803 = VERTEX_POINT('',#5804);
#5804 = CARTESIAN_POINT('',(-25.91435935394,7.75,1.8));
#5805 = SURFACE_CURVE('',#5806,(#5810,#5817),.PCURVE_S1.);
#5806 = LINE('',#5807,#5808);
#5807 = CARTESIAN_POINT('',(-26.03063465553,7.924018286414,1.8));
#5808 = VECTOR('',#5809,1.);
#5809 = DIRECTION('',(0.55557023302,-0.831469612303,0.));
#5810 = PCURVE('',#126,#5811);
#5811 = DEFINITIONAL_REPRESENTATION('',(#5812),#5816);
#5812 = LINE('',#5813,#5814);
#5813 = CARTESIAN_POINT('',(0.119365344466,7.924018286723));
#5814 = VECTOR('',#5815,1.);
#5815 = DIRECTION('',(0.55557023302,-0.831469612303));
#5816 = ( GEOMETRIC_REPRESENTATION_CONTEXT(2) 
PARAMETRIC_REPRESENTATION_CONTEXT() REPRESENTATION_CONTEXT('2D SPACE',''
  ) );
#5817 = PCURVE('',#5818,#5823);
#5818 = PLANE('',#5819);
#5819 = AXIS2_PLACEMENT_3D('',#5820,#5821,#5822);
#5820 = CARTESIAN_POINT('',(-26.03063465553,7.924018286414,0.));
#5821 = DIRECTION('',(0.831469612303,0.55557023302,0.));
#5822 = DIRECTION('',(0.55557023302,-0.831469612303,0.));
#5823 = DEFINITIONAL_REPRESENTATION('',(#5824),#5828);
#5824 = LINE('',#5825,#5826);
#5825 = CARTESIAN_POINT('',(0.,-1.8));
#5826 = VECTOR('',#5827,1.);
#5827 = DIRECTION('',(1.,0.));
#5828 = ( GEOMETRIC_REPRESENTATION_CONTEXT(2) 
PARAMETRIC_REPRESENTATION_CONTEXT() REPRESENTATION_CONTEXT('2D SPACE',''
  ) );
#5829 = ORIENTED_EDGE('',*,*,#5830,.T.);
#5830 = EDGE_CURVE('',#5803,#5831,#5833,.T.);
#5831 = VERTEX_POINT('',#5832);
#5832 = CARTESIAN_POINT('',(-25.82179274798,7.562293491784,1.8));
#5833 = SURFACE_CURVE('',#5834,(#5838,#5845),.PCURVE_S1.);
#5834 = LINE('',#5835,#5836);
#5835 = CARTESIAN_POINT('',(-25.91435935394,7.75,1.8));
#5836 = VECTOR('',#5837,1.);
#5837 = DIRECTION('',(0.442288690219,-0.896872741533,0.));
#5838 = PCURVE('',#126,#5839);
#5839 = DEFINITIONAL_REPRESENTATION('',(#5840),#5844);
#5840 = LINE('',#5841,#5842);
#5841 = CARTESIAN_POINT('',(0.235640646055,7.750000000309));
#5842 = VECTOR('',#5843,1.);
#5843 = DIRECTION('',(0.442288690219,-0.896872741533));
#5844 = ( GEOMETRIC_REPRESENTATION_CONTEXT(2) 
PARAMETRIC_REPRESENTATION_CONTEXT() REPRESENTATION_CONTEXT('2D SPACE',''
  ) );
#5845 = PCURVE('',#5846,#5851);
#5846 = PLANE('',#5847);
#5847 = AXIS2_PLACEMENT_3D('',#5848,#5849,#5850);
#5848 = CARTESIAN_POINT('',(-25.91435935394,7.75,0.));
#5849 = DIRECTION('',(0.896872741533,0.442288690219,0.));
#5850 = DIRECTION('',(0.442288690219,-0.896872741533,0.));
#5851 = DEFINITIONAL_REPRESENTATION('',(#5852),#5856);
#5852 = LINE('',#5853,#5854);
#5853 = CARTESIAN_POINT('',(0.,-1.8));
#5854 = VECTOR('',#5855,1.);
#5855 = DIRECTION('',(1.,0.));
#5856 = ( GEOMETRIC_REPRESENTATION_CONTEXT(2) 
PARAMETRIC_REPRESENTATION_CONTEXT() REPRESENTATION_CONTEXT('2D SPACE',''
  ) );
#5857 = ORIENTED_EDGE('',*,*,#5858,.T.);
#5858 = EDGE_CURVE('',#5831,#5859,#5861,.T.);
#5859 = VERTEX_POINT('',#5860);
#5860 = CARTESIAN_POINT('',(-25.75451867793,7.364110472164,1.8));
#5861 = SURFACE_CURVE('',#5862,(#5866,#5873),.PCURVE_S1.);
#5862 = LINE('',#5863,#5864);
#5863 = CARTESIAN_POINT('',(-25.82179274798,7.562293491784,1.8));
#5864 = VECTOR('',#5865,1.);
#5865 = DIRECTION('',(0.321439465303,-0.946930129495,0.));
#5866 = PCURVE('',#126,#5867);
#5867 = DEFINITIONAL_REPRESENTATION('',(#5868),#5872);
#5868 = LINE('',#5869,#5870);
#5869 = CARTESIAN_POINT('',(0.328207252018,7.562293492093));
#5870 = VECTOR('',#5871,1.);
#5871 = DIRECTION('',(0.321439465303,-0.946930129495));
#5872 = ( GEOMETRIC_REPRESENTATION_CONTEXT(2) 
PARAMETRIC_REPRESENTATION_CONTEXT() REPRESENTATION_CONTEXT('2D SPACE',''
  ) );
#5873 = PCURVE('',#5874,#5879);
#5874 = PLANE('',#5875);
#5875 = AXIS2_PLACEMENT_3D('',#5876,#5877,#5878);
#5876 = CARTESIAN_POINT('',(-25.82179274798,7.562293491784,0.));
#5877 = DIRECTION('',(0.946930129495,0.321439465303,0.));
#5878 = DIRECTION('',(0.321439465303,-0.946930129495,0.));
#5879 = DEFINITIONAL_REPRESENTATION('',(#5880),#5884);
#5880 = LINE('',#5881,#5882);
#5881 = CARTESIAN_POINT('',(0.,-1.8));
#5882 = VECTOR('',#5883,1.);
#5883 = DIRECTION('',(1.,0.));
#5884 = ( GEOMETRIC_REPRESENTATION_CONTEXT(2) 
PARAMETRIC_REPRESENTATION_CONTEXT() REPRESENTATION_CONTEXT('2D SPACE',''
  ) );
#5885 = ORIENTED_EDGE('',*,*,#5886,.T.);
#5886 = EDGE_CURVE('',#5859,#5887,#5889,.T.);
#5887 = VERTEX_POINT('',#5888);
#5888 = CARTESIAN_POINT('',(-25.7136882218,7.158841907552,1.8));
#5889 = SURFACE_CURVE('',#5890,(#5894,#5901),.PCURVE_S1.);
#5890 = LINE('',#5891,#5892);
#5891 = CARTESIAN_POINT('',(-25.75451867793,7.364110472164,1.8));
#5892 = VECTOR('',#5893,1.);
#5893 = DIRECTION('',(0.195090322016,-0.980785280403,0.));
#5894 = PCURVE('',#126,#5895);
#5895 = DEFINITIONAL_REPRESENTATION('',(#5896),#5900);
#5896 = LINE('',#5897,#5898);
#5897 = CARTESIAN_POINT('',(0.395481322063,7.364110472473));
#5898 = VECTOR('',#5899,1.);
#5899 = DIRECTION('',(0.195090322016,-0.980785280403));
#5900 = ( GEOMETRIC_REPRESENTATION_CONTEXT(2) 
PARAMETRIC_REPRESENTATION_CONTEXT() REPRESENTATION_CONTEXT('2D SPACE',''
  ) );
#5901 = PCURVE('',#5902,#5907);
#5902 = PLANE('',#5903);
#5903 = AXIS2_PLACEMENT_3D('',#5904,#5905,#5906);
#5904 = CARTESIAN_POINT('',(-25.75451867793,7.364110472164,0.));
#5905 = DIRECTION('',(0.980785280403,0.195090322016,0.));
#5906 = DIRECTION('',(0.195090322016,-0.980785280403,0.));
#5907 = DEFINITIONAL_REPRESENTATION('',(#5908),#5912);
#5908 = LINE('',#5909,#5910);
#5909 = CARTESIAN_POINT('',(0.,-1.8));
#5910 = VECTOR('',#5911,1.);
#5911 = DIRECTION('',(1.,0.));
#5912 = ( GEOMETRIC_REPRESENTATION_CONTEXT(2) 
PARAMETRIC_REPRESENTATION_CONTEXT() REPRESENTATION_CONTEXT('2D SPACE',''
  ) );
#5913 = ORIENTED_EDGE('',*,*,#5914,.T.);
#5914 = EDGE_CURVE('',#5887,#5915,#5917,.T.);
#5915 = VERTEX_POINT('',#5916);
#5916 = CARTESIAN_POINT('',(-25.7,6.95,1.8));
#5917 = SURFACE_CURVE('',#5918,(#5922,#5929),.PCURVE_S1.);
#5918 = LINE('',#5919,#5920);
#5919 = CARTESIAN_POINT('',(-25.7136882218,7.158841907552,1.8));
#5920 = VECTOR('',#5921,1.);
#5921 = DIRECTION('',(6.540312923014E-02,-0.997858923239,0.));
#5922 = PCURVE('',#126,#5923);
#5923 = DEFINITIONAL_REPRESENTATION('',(#5924),#5928);
#5924 = LINE('',#5925,#5926);
#5925 = CARTESIAN_POINT('',(0.436311778198,7.158841907861));
#5926 = VECTOR('',#5927,1.);
#5927 = DIRECTION('',(6.540312923014E-02,-0.997858923239));
#5928 = ( GEOMETRIC_REPRESENTATION_CONTEXT(2) 
PARAMETRIC_REPRESENTATION_CONTEXT() REPRESENTATION_CONTEXT('2D SPACE',''
  ) );
#5929 = PCURVE('',#5930,#5935);
#5930 = PLANE('',#5931);
#5931 = AXIS2_PLACEMENT_3D('',#5932,#5933,#5934);
#5932 = CARTESIAN_POINT('',(-25.7136882218,7.158841907552,0.));
#5933 = DIRECTION('',(0.997858923239,6.540312923014E-02,0.));
#5934 = DIRECTION('',(6.540312923014E-02,-0.997858923239,0.));
#5935 = DEFINITIONAL_REPRESENTATION('',(#5936),#5940);
#5936 = LINE('',#5937,#5938);
#5937 = CARTESIAN_POINT('',(0.,-1.8));
#5938 = VECTOR('',#5939,1.);
#5939 = DIRECTION('',(1.,0.));
#5940 = ( GEOMETRIC_REPRESENTATION_CONTEXT(2) 
PARAMETRIC_REPRESENTATION_CONTEXT() REPRESENTATION_CONTEXT('2D SPACE',''
  ) );
#5941 = ORIENTED_EDGE('',*,*,#5942,.T.);
#5942 = EDGE_CURVE('',#5915,#5943,#5945,.T.);
#5943 = VERTEX_POINT('',#5944);
#5944 = CARTESIAN_POINT('',(-25.7136882218,6.741158092448,1.8));
#5945 = SURFACE_CURVE('',#5946,(#5950,#5957),.PCURVE_S1.);
#5946 = LINE('',#5947,#5948);
#5947 = CARTESIAN_POINT('',(-25.7,6.95,1.8));
#5948 = VECTOR('',#5949,1.);
#5949 = DIRECTION('',(-6.540312923014E-02,-0.997858923239,0.));
#5950 = PCURVE('',#126,#5951);
#5951 = DEFINITIONAL_REPRESENTATION('',(#5952),#5956);
#5952 = LINE('',#5953,#5954);
#5953 = CARTESIAN_POINT('',(0.45,6.950000000309));
#5954 = VECTOR('',#5955,1.);
#5955 = DIRECTION('',(-6.540312923014E-02,-0.997858923239));
#5956 = ( GEOMETRIC_REPRESENTATION_CONTEXT(2) 
PARAMETRIC_REPRESENTATION_CONTEXT() REPRESENTATION_CONTEXT('2D SPACE',''
  ) );
#5957 = PCURVE('',#5958,#5963);
#5958 = PLANE('',#5959);
#5959 = AXIS2_PLACEMENT_3D('',#5960,#5961,#5962);
#5960 = CARTESIAN_POINT('',(-25.7,6.95,0.));
#5961 = DIRECTION('',(0.997858923239,-6.540312923014E-02,0.));
#5962 = DIRECTION('',(-6.540312923014E-02,-0.997858923239,0.));
#5963 = DEFINITIONAL_REPRESENTATION('',(#5964),#5968);
#5964 = LINE('',#5965,#5966);
#5965 = CARTESIAN_POINT('',(0.,-1.8));
#5966 = VECTOR('',#5967,1.);
#5967 = DIRECTION('',(1.,0.));
#5968 = ( GEOMETRIC_REPRESENTATION_CONTEXT(2) 
PARAMETRIC_REPRESENTATION_CONTEXT() REPRESENTATION_CONTEXT('2D SPACE',''
  ) );
#5969 = ORIENTED_EDGE('',*,*,#5970,.T.);
#5970 = EDGE_CURVE('',#5943,#4653,#5971,.T.);
#5971 = SURFACE_CURVE('',#5972,(#5976,#5983),.PCURVE_S1.);
#5972 = LINE('',#5973,#5974);
#5973 = CARTESIAN_POINT('',(-25.7136882218,6.741158092448,1.8));
#5974 = VECTOR('',#5975,1.);
#5975 = DIRECTION('',(-0.195090322016,-0.980785280403,0.));
#5976 = PCURVE('',#126,#5977);
#5977 = DEFINITIONAL_REPRESENTATION('',(#5978),#5982);
#5978 = LINE('',#5979,#5980);
#5979 = CARTESIAN_POINT('',(0.436311778198,6.741158092757));
#5980 = VECTOR('',#5981,1.);
#5981 = DIRECTION('',(-0.195090322016,-0.980785280403));
#5982 = ( GEOMETRIC_REPRESENTATION_CONTEXT(2) 
PARAMETRIC_REPRESENTATION_CONTEXT() REPRESENTATION_CONTEXT('2D SPACE',''
  ) );
#5983 = PCURVE('',#5984,#5989);
#5984 = PLANE('',#5985);
#5985 = AXIS2_PLACEMENT_3D('',#5986,#5987,#5988);
#5986 = CARTESIAN_POINT('',(-25.7136882218,6.741158092448,0.));
#5987 = DIRECTION('',(0.980785280403,-0.195090322016,0.));
#5988 = DIRECTION('',(-0.195090322016,-0.980785280403,0.));
#5989 = DEFINITIONAL_REPRESENTATION('',(#5990),#5994);
#5990 = LINE('',#5991,#5992);
#5991 = CARTESIAN_POINT('',(0.,-1.8));
#5992 = VECTOR('',#5993,1.);
#5993 = DIRECTION('',(1.,0.));
#5994 = ( GEOMETRIC_REPRESENTATION_CONTEXT(2) 
PARAMETRIC_REPRESENTATION_CONTEXT() REPRESENTATION_CONTEXT('2D SPACE',''
  ) );
#5995 = FACE_BOUND('',#5996,.F.);
#5996 = EDGE_LOOP('',(#5997,#6032,#6060,#6088,#6116,#6144,#6172,#6200,
    #6228,#6256,#6284,#6312,#6340,#6368,#6396,#6424,#6452,#6480,#6508,
    #6536,#6564,#6592,#6620,#6648,#6676,#6704,#6732,#6760,#6788,#6816,
    #6844,#6872,#6900));
#5997 = ORIENTED_EDGE('',*,*,#5998,.T.);
#5998 = EDGE_CURVE('',#5999,#6001,#6003,.T.);
#5999 = VERTEX_POINT('',#6000);
#6000 = CARTESIAN_POINT('',(-10.725,7.55,1.8));
#6001 = VERTEX_POINT('',#6002);
#6002 = CARTESIAN_POINT('',(-14.41578476834,6.398572144875,1.8));
#6003 = SURFACE_CURVE('',#6004,(#6009,#6020),.PCURVE_S1.);
#6004 = CIRCLE('',#6005,2.025);
#6005 = AXIS2_PLACEMENT_3D('',#6006,#6007,#6008);
#6006 = CARTESIAN_POINT('',(-12.75,7.55,1.8));
#6007 = DIRECTION('',(0.,-0.,-1.));
#6008 = DIRECTION('',(1.,0.,-0.));
#6009 = PCURVE('',#126,#6010);
#6010 = DEFINITIONAL_REPRESENTATION('',(#6011),#6019);
#6011 = ( BOUNDED_CURVE() B_SPLINE_CURVE(2,(#6012,#6013,#6014,#6015,
#6016,#6017,#6018),.UNSPECIFIED.,.T.,.F.) B_SPLINE_CURVE_WITH_KNOTS((1,2
    ,2,2,2,1),(-2.094395102393,0.,2.094395102393,4.188790204786,
6.28318530718,8.377580409573),.UNSPECIFIED.) CURVE() 
GEOMETRIC_REPRESENTATION_ITEM() RATIONAL_B_SPLINE_CURVE((1.,0.5,1.,0.5,
1.,0.5,1.)) REPRESENTATION_ITEM('') );
#6012 = CARTESIAN_POINT('',(15.425,7.550000000309));
#6013 = CARTESIAN_POINT('',(15.425,4.042597114982));
#6014 = CARTESIAN_POINT('',(12.3875,5.796298557645));
#6015 = CARTESIAN_POINT('',(9.35,7.550000000309));
#6016 = CARTESIAN_POINT('',(12.3875,9.303701442972));
#6017 = CARTESIAN_POINT('',(15.425,11.057402885636));
#6018 = CARTESIAN_POINT('',(15.425,7.550000000309));
#6019 = ( GEOMETRIC_REPRESENTATION_CONTEXT(2) 
PARAMETRIC_REPRESENTATION_CONTEXT() REPRESENTATION_CONTEXT('2D SPACE',''
  ) );
#6020 = PCURVE('',#6021,#6026);
#6021 = CYLINDRICAL_SURFACE('',#6022,2.025);
#6022 = AXIS2_PLACEMENT_3D('',#6023,#6024,#6025);
#6023 = CARTESIAN_POINT('',(-12.75,7.55,-0.1));
#6024 = DIRECTION('',(-0.,-0.,-1.));
#6025 = DIRECTION('',(1.,0.,-0.));
#6026 = DEFINITIONAL_REPRESENTATION('',(#6027),#6031);
#6027 = LINE('',#6028,#6029);
#6028 = CARTESIAN_POINT('',(-6.28318530718,-1.9));
#6029 = VECTOR('',#6030,1.);
#6030 = DIRECTION('',(1.,-0.));
#6031 = ( GEOMETRIC_REPRESENTATION_CONTEXT(2) 
PARAMETRIC_REPRESENTATION_CONTEXT() REPRESENTATION_CONTEXT('2D SPACE',''
  ) );
#6032 = ORIENTED_EDGE('',*,*,#6033,.T.);
#6033 = EDGE_CURVE('',#6001,#6034,#6036,.T.);
#6034 = VERTEX_POINT('',#6035);
#6035 = CARTESIAN_POINT('',(-14.59115809244,6.363688221802,1.8));
#6036 = SURFACE_CURVE('',#6037,(#6041,#6048),.PCURVE_S1.);
#6037 = LINE('',#6038,#6039);
#6038 = CARTESIAN_POINT('',(-14.38588952783,6.404518677937,1.8));
#6039 = VECTOR('',#6040,1.);
#6040 = DIRECTION('',(-0.980785280403,-0.195090322016,0.));
#6041 = PCURVE('',#126,#6042);
#6042 = DEFINITIONAL_REPRESENTATION('',(#6043),#6047);
#6043 = LINE('',#6044,#6045);
#6044 = CARTESIAN_POINT('',(11.764110472164,6.404518678246));
#6045 = VECTOR('',#6046,1.);
#6046 = DIRECTION('',(-0.980785280403,-0.195090322016));
#6047 = ( GEOMETRIC_REPRESENTATION_CONTEXT(2) 
PARAMETRIC_REPRESENTATION_CONTEXT() REPRESENTATION_CONTEXT('2D SPACE',''
  ) );
#6048 = PCURVE('',#6049,#6054);
#6049 = PLANE('',#6050);
#6050 = AXIS2_PLACEMENT_3D('',#6051,#6052,#6053);
#6051 = CARTESIAN_POINT('',(-14.38588952783,6.404518677937,0.));
#6052 = DIRECTION('',(0.195090322016,-0.980785280403,0.));
#6053 = DIRECTION('',(-0.980785280403,-0.195090322016,0.));
#6054 = DEFINITIONAL_REPRESENTATION('',(#6055),#6059);
#6055 = LINE('',#6056,#6057);
#6056 = CARTESIAN_POINT('',(0.,-1.8));
#6057 = VECTOR('',#6058,1.);
#6058 = DIRECTION('',(1.,0.));
#6059 = ( GEOMETRIC_REPRESENTATION_CONTEXT(2) 
PARAMETRIC_REPRESENTATION_CONTEXT() REPRESENTATION_CONTEXT('2D SPACE',''
  ) );
#6060 = ORIENTED_EDGE('',*,*,#6061,.T.);
#6061 = EDGE_CURVE('',#6034,#6062,#6064,.T.);
#6062 = VERTEX_POINT('',#6063);
#6063 = CARTESIAN_POINT('',(-14.8,6.35,1.8));
#6064 = SURFACE_CURVE('',#6065,(#6069,#6076),.PCURVE_S1.);
#6065 = LINE('',#6066,#6067);
#6066 = CARTESIAN_POINT('',(-14.59115809244,6.363688221802,1.8));
#6067 = VECTOR('',#6068,1.);
#6068 = DIRECTION('',(-0.997858923239,-6.540312923015E-02,0.));
#6069 = PCURVE('',#126,#6070);
#6070 = DEFINITIONAL_REPRESENTATION('',(#6071),#6075);
#6071 = LINE('',#6072,#6073);
#6072 = CARTESIAN_POINT('',(11.558841907552,6.363688222111));
#6073 = VECTOR('',#6074,1.);
#6074 = DIRECTION('',(-0.997858923239,-6.540312923015E-02));
#6075 = ( GEOMETRIC_REPRESENTATION_CONTEXT(2) 
PARAMETRIC_REPRESENTATION_CONTEXT() REPRESENTATION_CONTEXT('2D SPACE',''
  ) );
#6076 = PCURVE('',#6077,#6082);
#6077 = PLANE('',#6078);
#6078 = AXIS2_PLACEMENT_3D('',#6079,#6080,#6081);
#6079 = CARTESIAN_POINT('',(-14.59115809244,6.363688221802,0.));
#6080 = DIRECTION('',(6.540312923015E-02,-0.997858923239,0.));
#6081 = DIRECTION('',(-0.997858923239,-6.540312923015E-02,0.));
#6082 = DEFINITIONAL_REPRESENTATION('',(#6083),#6087);
#6083 = LINE('',#6084,#6085);
#6084 = CARTESIAN_POINT('',(0.,-1.8));
#6085 = VECTOR('',#6086,1.);
#6086 = DIRECTION('',(1.,0.));
#6087 = ( GEOMETRIC_REPRESENTATION_CONTEXT(2) 
PARAMETRIC_REPRESENTATION_CONTEXT() REPRESENTATION_CONTEXT('2D SPACE',''
  ) );
#6088 = ORIENTED_EDGE('',*,*,#6089,.T.);
#6089 = EDGE_CURVE('',#6062,#6090,#6092,.T.);
#6090 = VERTEX_POINT('',#6091);
#6091 = CARTESIAN_POINT('',(-15.00884190755,6.363688221802,1.8));
#6092 = SURFACE_CURVE('',#6093,(#6097,#6104),.PCURVE_S1.);
#6093 = LINE('',#6094,#6095);
#6094 = CARTESIAN_POINT('',(-14.8,6.35,1.8));
#6095 = VECTOR('',#6096,1.);
#6096 = DIRECTION('',(-0.997858923239,6.540312923014E-02,0.));
#6097 = PCURVE('',#126,#6098);
#6098 = DEFINITIONAL_REPRESENTATION('',(#6099),#6103);
#6099 = LINE('',#6100,#6101);
#6100 = CARTESIAN_POINT('',(11.35,6.350000000309));
#6101 = VECTOR('',#6102,1.);
#6102 = DIRECTION('',(-0.997858923239,6.540312923014E-02));
#6103 = ( GEOMETRIC_REPRESENTATION_CONTEXT(2) 
PARAMETRIC_REPRESENTATION_CONTEXT() REPRESENTATION_CONTEXT('2D SPACE',''
  ) );
#6104 = PCURVE('',#6105,#6110);
#6105 = PLANE('',#6106);
#6106 = AXIS2_PLACEMENT_3D('',#6107,#6108,#6109);
#6107 = CARTESIAN_POINT('',(-14.8,6.35,0.));
#6108 = DIRECTION('',(-6.540312923014E-02,-0.997858923239,-0.));
#6109 = DIRECTION('',(-0.997858923239,6.540312923014E-02,0.));
#6110 = DEFINITIONAL_REPRESENTATION('',(#6111),#6115);
#6111 = LINE('',#6112,#6113);
#6112 = CARTESIAN_POINT('',(0.,-1.8));
#6113 = VECTOR('',#6114,1.);
#6114 = DIRECTION('',(1.,0.));
#6115 = ( GEOMETRIC_REPRESENTATION_CONTEXT(2) 
PARAMETRIC_REPRESENTATION_CONTEXT() REPRESENTATION_CONTEXT('2D SPACE',''
  ) );
#6116 = ORIENTED_EDGE('',*,*,#6117,.T.);
#6117 = EDGE_CURVE('',#6090,#6118,#6120,.T.);
#6118 = VERTEX_POINT('',#6119);
#6119 = CARTESIAN_POINT('',(-15.21411047216,6.404518677937,1.8));
#6120 = SURFACE_CURVE('',#6121,(#6125,#6132),.PCURVE_S1.);
#6121 = LINE('',#6122,#6123);
#6122 = CARTESIAN_POINT('',(-15.00884190755,6.363688221802,1.8));
#6123 = VECTOR('',#6124,1.);
#6124 = DIRECTION('',(-0.980785280403,0.195090322016,0.));
#6125 = PCURVE('',#126,#6126);
#6126 = DEFINITIONAL_REPRESENTATION('',(#6127),#6131);
#6127 = LINE('',#6128,#6129);
#6128 = CARTESIAN_POINT('',(11.141158092448,6.363688222111));
#6129 = VECTOR('',#6130,1.);
#6130 = DIRECTION('',(-0.980785280403,0.195090322016));
#6131 = ( GEOMETRIC_REPRESENTATION_CONTEXT(2) 
PARAMETRIC_REPRESENTATION_CONTEXT() REPRESENTATION_CONTEXT('2D SPACE',''
  ) );
#6132 = PCURVE('',#6133,#6138);
#6133 = PLANE('',#6134);
#6134 = AXIS2_PLACEMENT_3D('',#6135,#6136,#6137);
#6135 = CARTESIAN_POINT('',(-15.00884190755,6.363688221802,0.));
#6136 = DIRECTION('',(-0.195090322016,-0.980785280403,-0.));
#6137 = DIRECTION('',(-0.980785280403,0.195090322016,0.));
#6138 = DEFINITIONAL_REPRESENTATION('',(#6139),#6143);
#6139 = LINE('',#6140,#6141);
#6140 = CARTESIAN_POINT('',(0.,-1.8));
#6141 = VECTOR('',#6142,1.);
#6142 = DIRECTION('',(1.,0.));
#6143 = ( GEOMETRIC_REPRESENTATION_CONTEXT(2) 
PARAMETRIC_REPRESENTATION_CONTEXT() REPRESENTATION_CONTEXT('2D SPACE',''
  ) );
#6144 = ORIENTED_EDGE('',*,*,#6145,.T.);
#6145 = EDGE_CURVE('',#6118,#6146,#6148,.T.);
#6146 = VERTEX_POINT('',#6147);
#6147 = CARTESIAN_POINT('',(-15.41229349178,6.471792747982,1.8));
#6148 = SURFACE_CURVE('',#6149,(#6153,#6160),.PCURVE_S1.);
#6149 = LINE('',#6150,#6151);
#6150 = CARTESIAN_POINT('',(-15.21411047216,6.404518677937,1.8));
#6151 = VECTOR('',#6152,1.);
#6152 = DIRECTION('',(-0.946930129495,0.321439465303,0.));
#6153 = PCURVE('',#126,#6154);
#6154 = DEFINITIONAL_REPRESENTATION('',(#6155),#6159);
#6155 = LINE('',#6156,#6157);
#6156 = CARTESIAN_POINT('',(10.935889527836,6.404518678246));
#6157 = VECTOR('',#6158,1.);
#6158 = DIRECTION('',(-0.946930129495,0.321439465303));
#6159 = ( GEOMETRIC_REPRESENTATION_CONTEXT(2) 
PARAMETRIC_REPRESENTATION_CONTEXT() REPRESENTATION_CONTEXT('2D SPACE',''
  ) );
#6160 = PCURVE('',#6161,#6166);
#6161 = PLANE('',#6162);
#6162 = AXIS2_PLACEMENT_3D('',#6163,#6164,#6165);
#6163 = CARTESIAN_POINT('',(-15.21411047216,6.404518677937,0.));
#6164 = DIRECTION('',(-0.321439465303,-0.946930129495,-0.));
#6165 = DIRECTION('',(-0.946930129495,0.321439465303,0.));
#6166 = DEFINITIONAL_REPRESENTATION('',(#6167),#6171);
#6167 = LINE('',#6168,#6169);
#6168 = CARTESIAN_POINT('',(0.,-1.8));
#6169 = VECTOR('',#6170,1.);
#6170 = DIRECTION('',(1.,0.));
#6171 = ( GEOMETRIC_REPRESENTATION_CONTEXT(2) 
PARAMETRIC_REPRESENTATION_CONTEXT() REPRESENTATION_CONTEXT('2D SPACE',''
  ) );
#6172 = ORIENTED_EDGE('',*,*,#6173,.T.);
#6173 = EDGE_CURVE('',#6146,#6174,#6176,.T.);
#6174 = VERTEX_POINT('',#6175);
#6175 = CARTESIAN_POINT('',(-15.6,6.564359353945,1.8));
#6176 = SURFACE_CURVE('',#6177,(#6181,#6188),.PCURVE_S1.);
#6177 = LINE('',#6178,#6179);
#6178 = CARTESIAN_POINT('',(-15.41229349178,6.471792747982,1.8));
#6179 = VECTOR('',#6180,1.);
#6180 = DIRECTION('',(-0.896872741533,0.442288690219,0.));
#6181 = PCURVE('',#126,#6182);
#6182 = DEFINITIONAL_REPRESENTATION('',(#6183),#6187);
#6183 = LINE('',#6184,#6185);
#6184 = CARTESIAN_POINT('',(10.737706508216,6.471792748291));
#6185 = VECTOR('',#6186,1.);
#6186 = DIRECTION('',(-0.896872741533,0.442288690219));
#6187 = ( GEOMETRIC_REPRESENTATION_CONTEXT(2) 
PARAMETRIC_REPRESENTATION_CONTEXT() REPRESENTATION_CONTEXT('2D SPACE',''
  ) );
#6188 = PCURVE('',#6189,#6194);
#6189 = PLANE('',#6190);
#6190 = AXIS2_PLACEMENT_3D('',#6191,#6192,#6193);
#6191 = CARTESIAN_POINT('',(-15.41229349178,6.471792747982,0.));
#6192 = DIRECTION('',(-0.442288690219,-0.896872741533,-0.));
#6193 = DIRECTION('',(-0.896872741533,0.442288690219,0.));
#6194 = DEFINITIONAL_REPRESENTATION('',(#6195),#6199);
#6195 = LINE('',#6196,#6197);
#6196 = CARTESIAN_POINT('',(0.,-1.8));
#6197 = VECTOR('',#6198,1.);
#6198 = DIRECTION('',(1.,0.));
#6199 = ( GEOMETRIC_REPRESENTATION_CONTEXT(2) 
PARAMETRIC_REPRESENTATION_CONTEXT() REPRESENTATION_CONTEXT('2D SPACE',''
  ) );
#6200 = ORIENTED_EDGE('',*,*,#6201,.T.);
#6201 = EDGE_CURVE('',#6174,#6202,#6204,.T.);
#6202 = VERTEX_POINT('',#6203);
#6203 = CARTESIAN_POINT('',(-15.77401828641,6.680634655534,1.8));
#6204 = SURFACE_CURVE('',#6205,(#6209,#6216),.PCURVE_S1.);
#6205 = LINE('',#6206,#6207);
#6206 = CARTESIAN_POINT('',(-15.6,6.564359353945,1.8));
#6207 = VECTOR('',#6208,1.);
#6208 = DIRECTION('',(-0.831469612303,0.55557023302,0.));
#6209 = PCURVE('',#126,#6210);
#6210 = DEFINITIONAL_REPRESENTATION('',(#6211),#6215);
#6211 = LINE('',#6212,#6213);
#6212 = CARTESIAN_POINT('',(10.55,6.564359354254));
#6213 = VECTOR('',#6214,1.);
#6214 = DIRECTION('',(-0.831469612303,0.55557023302));
#6215 = ( GEOMETRIC_REPRESENTATION_CONTEXT(2) 
PARAMETRIC_REPRESENTATION_CONTEXT() REPRESENTATION_CONTEXT('2D SPACE',''
  ) );
#6216 = PCURVE('',#6217,#6222);
#6217 = PLANE('',#6218);
#6218 = AXIS2_PLACEMENT_3D('',#6219,#6220,#6221);
#6219 = CARTESIAN_POINT('',(-15.6,6.564359353945,0.));
#6220 = DIRECTION('',(-0.55557023302,-0.831469612303,-0.));
#6221 = DIRECTION('',(-0.831469612303,0.55557023302,0.));
#6222 = DEFINITIONAL_REPRESENTATION('',(#6223),#6227);
#6223 = LINE('',#6224,#6225);
#6224 = CARTESIAN_POINT('',(0.,-1.8));
#6225 = VECTOR('',#6226,1.);
#6226 = DIRECTION('',(1.,0.));
#6227 = ( GEOMETRIC_REPRESENTATION_CONTEXT(2) 
PARAMETRIC_REPRESENTATION_CONTEXT() REPRESENTATION_CONTEXT('2D SPACE',''
  ) );
#6228 = ORIENTED_EDGE('',*,*,#6229,.T.);
#6229 = EDGE_CURVE('',#6202,#6230,#6232,.T.);
#6230 = VERTEX_POINT('',#6231);
#6231 = CARTESIAN_POINT('',(-15.93137084989,6.818629150102,1.8));
#6232 = SURFACE_CURVE('',#6233,(#6237,#6244),.PCURVE_S1.);
#6233 = LINE('',#6234,#6235);
#6234 = CARTESIAN_POINT('',(-15.77401828641,6.680634655534,1.8));
#6235 = VECTOR('',#6236,1.);
#6236 = DIRECTION('',(-0.751839807479,0.6593458151,0.));
#6237 = PCURVE('',#126,#6238);
#6238 = DEFINITIONAL_REPRESENTATION('',(#6239),#6243);
#6239 = LINE('',#6240,#6241);
#6240 = CARTESIAN_POINT('',(10.375981713586,6.680634655843));
#6241 = VECTOR('',#6242,1.);
#6242 = DIRECTION('',(-0.751839807479,0.6593458151));
#6243 = ( GEOMETRIC_REPRESENTATION_CONTEXT(2) 
PARAMETRIC_REPRESENTATION_CONTEXT() REPRESENTATION_CONTEXT('2D SPACE',''
  ) );
#6244 = PCURVE('',#6245,#6250);
#6245 = PLANE('',#6246);
#6246 = AXIS2_PLACEMENT_3D('',#6247,#6248,#6249);
#6247 = CARTESIAN_POINT('',(-15.77401828641,6.680634655534,0.));
#6248 = DIRECTION('',(-0.6593458151,-0.751839807479,-0.));
#6249 = DIRECTION('',(-0.751839807479,0.6593458151,0.));
#6250 = DEFINITIONAL_REPRESENTATION('',(#6251),#6255);
#6251 = LINE('',#6252,#6253);
#6252 = CARTESIAN_POINT('',(0.,-1.8));
#6253 = VECTOR('',#6254,1.);
#6254 = DIRECTION('',(1.,0.));
#6255 = ( GEOMETRIC_REPRESENTATION_CONTEXT(2) 
PARAMETRIC_REPRESENTATION_CONTEXT() REPRESENTATION_CONTEXT('2D SPACE',''
  ) );
#6256 = ORIENTED_EDGE('',*,*,#6257,.T.);
#6257 = EDGE_CURVE('',#6230,#6258,#6260,.T.);
#6258 = VERTEX_POINT('',#6259);
#6259 = CARTESIAN_POINT('',(-16.06936534446,6.975981713586,1.8));
#6260 = SURFACE_CURVE('',#6261,(#6265,#6272),.PCURVE_S1.);
#6261 = LINE('',#6262,#6263);
#6262 = CARTESIAN_POINT('',(-15.93137084989,6.818629150102,1.8));
#6263 = VECTOR('',#6264,1.);
#6264 = DIRECTION('',(-0.6593458151,0.751839807479,0.));
#6265 = PCURVE('',#126,#6266);
#6266 = DEFINITIONAL_REPRESENTATION('',(#6267),#6271);
#6267 = LINE('',#6268,#6269);
#6268 = CARTESIAN_POINT('',(10.218629150102,6.81862915041));
#6269 = VECTOR('',#6270,1.);
#6270 = DIRECTION('',(-0.6593458151,0.751839807479));
#6271 = ( GEOMETRIC_REPRESENTATION_CONTEXT(2) 
PARAMETRIC_REPRESENTATION_CONTEXT() REPRESENTATION_CONTEXT('2D SPACE',''
  ) );
#6272 = PCURVE('',#6273,#6278);
#6273 = PLANE('',#6274);
#6274 = AXIS2_PLACEMENT_3D('',#6275,#6276,#6277);
#6275 = CARTESIAN_POINT('',(-15.93137084989,6.818629150102,0.));
#6276 = DIRECTION('',(-0.751839807479,-0.6593458151,-0.));
#6277 = DIRECTION('',(-0.6593458151,0.751839807479,0.));
#6278 = DEFINITIONAL_REPRESENTATION('',(#6279),#6283);
#6279 = LINE('',#6280,#6281);
#6280 = CARTESIAN_POINT('',(0.,-1.8));
#6281 = VECTOR('',#6282,1.);
#6282 = DIRECTION('',(1.,0.));
#6283 = ( GEOMETRIC_REPRESENTATION_CONTEXT(2) 
PARAMETRIC_REPRESENTATION_CONTEXT() REPRESENTATION_CONTEXT('2D SPACE',''
  ) );
#6284 = ORIENTED_EDGE('',*,*,#6285,.T.);
#6285 = EDGE_CURVE('',#6258,#6286,#6288,.T.);
#6286 = VERTEX_POINT('',#6287);
#6287 = CARTESIAN_POINT('',(-16.18564064605,7.15,1.8));
#6288 = SURFACE_CURVE('',#6289,(#6293,#6300),.PCURVE_S1.);
#6289 = LINE('',#6290,#6291);
#6290 = CARTESIAN_POINT('',(-16.06936534446,6.975981713586,1.8));
#6291 = VECTOR('',#6292,1.);
#6292 = DIRECTION('',(-0.55557023302,0.831469612303,0.));
#6293 = PCURVE('',#126,#6294);
#6294 = DEFINITIONAL_REPRESENTATION('',(#6295),#6299);
#6295 = LINE('',#6296,#6297);
#6296 = CARTESIAN_POINT('',(10.080634655534,6.975981713895));
#6297 = VECTOR('',#6298,1.);
#6298 = DIRECTION('',(-0.55557023302,0.831469612303));
#6299 = ( GEOMETRIC_REPRESENTATION_CONTEXT(2) 
PARAMETRIC_REPRESENTATION_CONTEXT() REPRESENTATION_CONTEXT('2D SPACE',''
  ) );
#6300 = PCURVE('',#6301,#6306);
#6301 = PLANE('',#6302);
#6302 = AXIS2_PLACEMENT_3D('',#6303,#6304,#6305);
#6303 = CARTESIAN_POINT('',(-16.06936534446,6.975981713586,0.));
#6304 = DIRECTION('',(-0.831469612303,-0.55557023302,-0.));
#6305 = DIRECTION('',(-0.55557023302,0.831469612303,0.));
#6306 = DEFINITIONAL_REPRESENTATION('',(#6307),#6311);
#6307 = LINE('',#6308,#6309);
#6308 = CARTESIAN_POINT('',(0.,-1.8));
#6309 = VECTOR('',#6310,1.);
#6310 = DIRECTION('',(1.,0.));
#6311 = ( GEOMETRIC_REPRESENTATION_CONTEXT(2) 
PARAMETRIC_REPRESENTATION_CONTEXT() REPRESENTATION_CONTEXT('2D SPACE',''
  ) );
#6312 = ORIENTED_EDGE('',*,*,#6313,.T.);
#6313 = EDGE_CURVE('',#6286,#6314,#6316,.T.);
#6314 = VERTEX_POINT('',#6315);
#6315 = CARTESIAN_POINT('',(-16.27820725201,7.337706508216,1.8));
#6316 = SURFACE_CURVE('',#6317,(#6321,#6328),.PCURVE_S1.);
#6317 = LINE('',#6318,#6319);
#6318 = CARTESIAN_POINT('',(-16.18564064605,7.15,1.8));
#6319 = VECTOR('',#6320,1.);
#6320 = DIRECTION('',(-0.442288690219,0.896872741533,0.));
#6321 = PCURVE('',#126,#6322);
#6322 = DEFINITIONAL_REPRESENTATION('',(#6323),#6327);
#6323 = LINE('',#6324,#6325);
#6324 = CARTESIAN_POINT('',(9.964359353945,7.150000000309));
#6325 = VECTOR('',#6326,1.);
#6326 = DIRECTION('',(-0.442288690219,0.896872741533));
#6327 = ( GEOMETRIC_REPRESENTATION_CONTEXT(2) 
PARAMETRIC_REPRESENTATION_CONTEXT() REPRESENTATION_CONTEXT('2D SPACE',''
  ) );
#6328 = PCURVE('',#6329,#6334);
#6329 = PLANE('',#6330);
#6330 = AXIS2_PLACEMENT_3D('',#6331,#6332,#6333);
#6331 = CARTESIAN_POINT('',(-16.18564064605,7.15,0.));
#6332 = DIRECTION('',(-0.896872741533,-0.442288690219,-0.));
#6333 = DIRECTION('',(-0.442288690219,0.896872741533,0.));
#6334 = DEFINITIONAL_REPRESENTATION('',(#6335),#6339);
#6335 = LINE('',#6336,#6337);
#6336 = CARTESIAN_POINT('',(0.,-1.8));
#6337 = VECTOR('',#6338,1.);
#6338 = DIRECTION('',(1.,0.));
#6339 = ( GEOMETRIC_REPRESENTATION_CONTEXT(2) 
PARAMETRIC_REPRESENTATION_CONTEXT() REPRESENTATION_CONTEXT('2D SPACE',''
  ) );
#6340 = ORIENTED_EDGE('',*,*,#6341,.T.);
#6341 = EDGE_CURVE('',#6314,#6342,#6344,.T.);
#6342 = VERTEX_POINT('',#6343);
#6343 = CARTESIAN_POINT('',(-16.34548132206,7.535889527836,1.8));
#6344 = SURFACE_CURVE('',#6345,(#6349,#6356),.PCURVE_S1.);
#6345 = LINE('',#6346,#6347);
#6346 = CARTESIAN_POINT('',(-16.27820725201,7.337706508216,1.8));
#6347 = VECTOR('',#6348,1.);
#6348 = DIRECTION('',(-0.321439465303,0.946930129495,0.));
#6349 = PCURVE('',#126,#6350);
#6350 = DEFINITIONAL_REPRESENTATION('',(#6351),#6355);
#6351 = LINE('',#6352,#6353);
#6352 = CARTESIAN_POINT('',(9.871792747982,7.337706508525));
#6353 = VECTOR('',#6354,1.);
#6354 = DIRECTION('',(-0.321439465303,0.946930129495));
#6355 = ( GEOMETRIC_REPRESENTATION_CONTEXT(2) 
PARAMETRIC_REPRESENTATION_CONTEXT() REPRESENTATION_CONTEXT('2D SPACE',''
  ) );
#6356 = PCURVE('',#6357,#6362);
#6357 = PLANE('',#6358);
#6358 = AXIS2_PLACEMENT_3D('',#6359,#6360,#6361);
#6359 = CARTESIAN_POINT('',(-16.27820725201,7.337706508216,0.));
#6360 = DIRECTION('',(-0.946930129495,-0.321439465303,-0.));
#6361 = DIRECTION('',(-0.321439465303,0.946930129495,0.));
#6362 = DEFINITIONAL_REPRESENTATION('',(#6363),#6367);
#6363 = LINE('',#6364,#6365);
#6364 = CARTESIAN_POINT('',(0.,-1.8));
#6365 = VECTOR('',#6366,1.);
#6366 = DIRECTION('',(1.,0.));
#6367 = ( GEOMETRIC_REPRESENTATION_CONTEXT(2) 
PARAMETRIC_REPRESENTATION_CONTEXT() REPRESENTATION_CONTEXT('2D SPACE',''
  ) );
#6368 = ORIENTED_EDGE('',*,*,#6369,.T.);
#6369 = EDGE_CURVE('',#6342,#6370,#6372,.T.);
#6370 = VERTEX_POINT('',#6371);
#6371 = CARTESIAN_POINT('',(-16.38631177819,7.741158092448,1.8));
#6372 = SURFACE_CURVE('',#6373,(#6377,#6384),.PCURVE_S1.);
#6373 = LINE('',#6374,#6375);
#6374 = CARTESIAN_POINT('',(-16.34548132206,7.535889527836,1.8));
#6375 = VECTOR('',#6376,1.);
#6376 = DIRECTION('',(-0.195090322016,0.980785280403,0.));
#6377 = PCURVE('',#126,#6378);
#6378 = DEFINITIONAL_REPRESENTATION('',(#6379),#6383);
#6379 = LINE('',#6380,#6381);
#6380 = CARTESIAN_POINT('',(9.804518677937,7.535889528145));
#6381 = VECTOR('',#6382,1.);
#6382 = DIRECTION('',(-0.195090322016,0.980785280403));
#6383 = ( GEOMETRIC_REPRESENTATION_CONTEXT(2) 
PARAMETRIC_REPRESENTATION_CONTEXT() REPRESENTATION_CONTEXT('2D SPACE',''
  ) );
#6384 = PCURVE('',#6385,#6390);
#6385 = PLANE('',#6386);
#6386 = AXIS2_PLACEMENT_3D('',#6387,#6388,#6389);
#6387 = CARTESIAN_POINT('',(-16.34548132206,7.535889527836,0.));
#6388 = DIRECTION('',(-0.980785280403,-0.195090322016,-0.));
#6389 = DIRECTION('',(-0.195090322016,0.980785280403,0.));
#6390 = DEFINITIONAL_REPRESENTATION('',(#6391),#6395);
#6391 = LINE('',#6392,#6393);
#6392 = CARTESIAN_POINT('',(0.,-1.8));
#6393 = VECTOR('',#6394,1.);
#6394 = DIRECTION('',(1.,0.));
#6395 = ( GEOMETRIC_REPRESENTATION_CONTEXT(2) 
PARAMETRIC_REPRESENTATION_CONTEXT() REPRESENTATION_CONTEXT('2D SPACE',''
  ) );
#6396 = ORIENTED_EDGE('',*,*,#6397,.T.);
#6397 = EDGE_CURVE('',#6370,#6398,#6400,.T.);
#6398 = VERTEX_POINT('',#6399);
#6399 = CARTESIAN_POINT('',(-16.4,7.95,1.8));
#6400 = SURFACE_CURVE('',#6401,(#6405,#6412),.PCURVE_S1.);
#6401 = LINE('',#6402,#6403);
#6402 = CARTESIAN_POINT('',(-16.38631177819,7.741158092448,1.8));
#6403 = VECTOR('',#6404,1.);
#6404 = DIRECTION('',(-6.540312923014E-02,0.997858923239,0.));
#6405 = PCURVE('',#126,#6406);
#6406 = DEFINITIONAL_REPRESENTATION('',(#6407),#6411);
#6407 = LINE('',#6408,#6409);
#6408 = CARTESIAN_POINT('',(9.763688221802,7.741158092757));
#6409 = VECTOR('',#6410,1.);
#6410 = DIRECTION('',(-6.540312923014E-02,0.997858923239));
#6411 = ( GEOMETRIC_REPRESENTATION_CONTEXT(2) 
PARAMETRIC_REPRESENTATION_CONTEXT() REPRESENTATION_CONTEXT('2D SPACE',''
  ) );
#6412 = PCURVE('',#6413,#6418);
#6413 = PLANE('',#6414);
#6414 = AXIS2_PLACEMENT_3D('',#6415,#6416,#6417);
#6415 = CARTESIAN_POINT('',(-16.38631177819,7.741158092448,0.));
#6416 = DIRECTION('',(-0.997858923239,-6.540312923014E-02,-0.));
#6417 = DIRECTION('',(-6.540312923014E-02,0.997858923239,0.));
#6418 = DEFINITIONAL_REPRESENTATION('',(#6419),#6423);
#6419 = LINE('',#6420,#6421);
#6420 = CARTESIAN_POINT('',(0.,-1.8));
#6421 = VECTOR('',#6422,1.);
#6422 = DIRECTION('',(1.,0.));
#6423 = ( GEOMETRIC_REPRESENTATION_CONTEXT(2) 
PARAMETRIC_REPRESENTATION_CONTEXT() REPRESENTATION_CONTEXT('2D SPACE',''
  ) );
#6424 = ORIENTED_EDGE('',*,*,#6425,.T.);
#6425 = EDGE_CURVE('',#6398,#6426,#6428,.T.);
#6426 = VERTEX_POINT('',#6427);
#6427 = CARTESIAN_POINT('',(-16.38631177819,8.158841907552,1.8));
#6428 = SURFACE_CURVE('',#6429,(#6433,#6440),.PCURVE_S1.);
#6429 = LINE('',#6430,#6431);
#6430 = CARTESIAN_POINT('',(-16.4,7.95,1.8));
#6431 = VECTOR('',#6432,1.);
#6432 = DIRECTION('',(6.540312923014E-02,0.997858923239,0.));
#6433 = PCURVE('',#126,#6434);
#6434 = DEFINITIONAL_REPRESENTATION('',(#6435),#6439);
#6435 = LINE('',#6436,#6437);
#6436 = CARTESIAN_POINT('',(9.75,7.950000000309));
#6437 = VECTOR('',#6438,1.);
#6438 = DIRECTION('',(6.540312923014E-02,0.997858923239));
#6439 = ( GEOMETRIC_REPRESENTATION_CONTEXT(2) 
PARAMETRIC_REPRESENTATION_CONTEXT() REPRESENTATION_CONTEXT('2D SPACE',''
  ) );
#6440 = PCURVE('',#6441,#6446);
#6441 = PLANE('',#6442);
#6442 = AXIS2_PLACEMENT_3D('',#6443,#6444,#6445);
#6443 = CARTESIAN_POINT('',(-16.4,7.95,0.));
#6444 = DIRECTION('',(-0.997858923239,6.540312923014E-02,0.));
#6445 = DIRECTION('',(6.540312923014E-02,0.997858923239,0.));
#6446 = DEFINITIONAL_REPRESENTATION('',(#6447),#6451);
#6447 = LINE('',#6448,#6449);
#6448 = CARTESIAN_POINT('',(0.,-1.8));
#6449 = VECTOR('',#6450,1.);
#6450 = DIRECTION('',(1.,0.));
#6451 = ( GEOMETRIC_REPRESENTATION_CONTEXT(2) 
PARAMETRIC_REPRESENTATION_CONTEXT() REPRESENTATION_CONTEXT('2D SPACE',''
  ) );
#6452 = ORIENTED_EDGE('',*,*,#6453,.T.);
#6453 = EDGE_CURVE('',#6426,#6454,#6456,.T.);
#6454 = VERTEX_POINT('',#6455);
#6455 = CARTESIAN_POINT('',(-16.34548132206,8.364110472164,1.8));
#6456 = SURFACE_CURVE('',#6457,(#6461,#6468),.PCURVE_S1.);
#6457 = LINE('',#6458,#6459);
#6458 = CARTESIAN_POINT('',(-16.38631177819,8.158841907552,1.8));
#6459 = VECTOR('',#6460,1.);
#6460 = DIRECTION('',(0.195090322016,0.980785280403,0.));
#6461 = PCURVE('',#126,#6462);
#6462 = DEFINITIONAL_REPRESENTATION('',(#6463),#6467);
#6463 = LINE('',#6464,#6465);
#6464 = CARTESIAN_POINT('',(9.763688221802,8.158841907861));
#6465 = VECTOR('',#6466,1.);
#6466 = DIRECTION('',(0.195090322016,0.980785280403));
#6467 = ( GEOMETRIC_REPRESENTATION_CONTEXT(2) 
PARAMETRIC_REPRESENTATION_CONTEXT() REPRESENTATION_CONTEXT('2D SPACE',''
  ) );
#6468 = PCURVE('',#6469,#6474);
#6469 = PLANE('',#6470);
#6470 = AXIS2_PLACEMENT_3D('',#6471,#6472,#6473);
#6471 = CARTESIAN_POINT('',(-16.38631177819,8.158841907552,0.));
#6472 = DIRECTION('',(-0.980785280403,0.195090322016,0.));
#6473 = DIRECTION('',(0.195090322016,0.980785280403,0.));
#6474 = DEFINITIONAL_REPRESENTATION('',(#6475),#6479);
#6475 = LINE('',#6476,#6477);
#6476 = CARTESIAN_POINT('',(0.,-1.8));
#6477 = VECTOR('',#6478,1.);
#6478 = DIRECTION('',(1.,0.));
#6479 = ( GEOMETRIC_REPRESENTATION_CONTEXT(2) 
PARAMETRIC_REPRESENTATION_CONTEXT() REPRESENTATION_CONTEXT('2D SPACE',''
  ) );
#6480 = ORIENTED_EDGE('',*,*,#6481,.T.);
#6481 = EDGE_CURVE('',#6454,#6482,#6484,.T.);
#6482 = VERTEX_POINT('',#6483);
#6483 = CARTESIAN_POINT('',(-16.27820725201,8.562293491784,1.8));
#6484 = SURFACE_CURVE('',#6485,(#6489,#6496),.PCURVE_S1.);
#6485 = LINE('',#6486,#6487);
#6486 = CARTESIAN_POINT('',(-16.34548132206,8.364110472164,1.8));
#6487 = VECTOR('',#6488,1.);
#6488 = DIRECTION('',(0.321439465303,0.946930129495,0.));
#6489 = PCURVE('',#126,#6490);
#6490 = DEFINITIONAL_REPRESENTATION('',(#6491),#6495);
#6491 = LINE('',#6492,#6493);
#6492 = CARTESIAN_POINT('',(9.804518677937,8.364110472473));
#6493 = VECTOR('',#6494,1.);
#6494 = DIRECTION('',(0.321439465303,0.946930129495));
#6495 = ( GEOMETRIC_REPRESENTATION_CONTEXT(2) 
PARAMETRIC_REPRESENTATION_CONTEXT() REPRESENTATION_CONTEXT('2D SPACE',''
  ) );
#6496 = PCURVE('',#6497,#6502);
#6497 = PLANE('',#6498);
#6498 = AXIS2_PLACEMENT_3D('',#6499,#6500,#6501);
#6499 = CARTESIAN_POINT('',(-16.34548132206,8.364110472164,0.));
#6500 = DIRECTION('',(-0.946930129495,0.321439465303,0.));
#6501 = DIRECTION('',(0.321439465303,0.946930129495,0.));
#6502 = DEFINITIONAL_REPRESENTATION('',(#6503),#6507);
#6503 = LINE('',#6504,#6505);
#6504 = CARTESIAN_POINT('',(0.,-1.8));
#6505 = VECTOR('',#6506,1.);
#6506 = DIRECTION('',(1.,0.));
#6507 = ( GEOMETRIC_REPRESENTATION_CONTEXT(2) 
PARAMETRIC_REPRESENTATION_CONTEXT() REPRESENTATION_CONTEXT('2D SPACE',''
  ) );
#6508 = ORIENTED_EDGE('',*,*,#6509,.T.);
#6509 = EDGE_CURVE('',#6482,#6510,#6512,.T.);
#6510 = VERTEX_POINT('',#6511);
#6511 = CARTESIAN_POINT('',(-16.18564064605,8.75,1.8));
#6512 = SURFACE_CURVE('',#6513,(#6517,#6524),.PCURVE_S1.);
#6513 = LINE('',#6514,#6515);
#6514 = CARTESIAN_POINT('',(-16.27820725201,8.562293491784,1.8));
#6515 = VECTOR('',#6516,1.);
#6516 = DIRECTION('',(0.442288690219,0.896872741533,0.));
#6517 = PCURVE('',#126,#6518);
#6518 = DEFINITIONAL_REPRESENTATION('',(#6519),#6523);
#6519 = LINE('',#6520,#6521);
#6520 = CARTESIAN_POINT('',(9.871792747982,8.562293492093));
#6521 = VECTOR('',#6522,1.);
#6522 = DIRECTION('',(0.442288690219,0.896872741533));
#6523 = ( GEOMETRIC_REPRESENTATION_CONTEXT(2) 
PARAMETRIC_REPRESENTATION_CONTEXT() REPRESENTATION_CONTEXT('2D SPACE',''
  ) );
#6524 = PCURVE('',#6525,#6530);
#6525 = PLANE('',#6526);
#6526 = AXIS2_PLACEMENT_3D('',#6527,#6528,#6529);
#6527 = CARTESIAN_POINT('',(-16.27820725201,8.562293491784,0.));
#6528 = DIRECTION('',(-0.896872741533,0.442288690219,0.));
#6529 = DIRECTION('',(0.442288690219,0.896872741533,0.));
#6530 = DEFINITIONAL_REPRESENTATION('',(#6531),#6535);
#6531 = LINE('',#6532,#6533);
#6532 = CARTESIAN_POINT('',(0.,-1.8));
#6533 = VECTOR('',#6534,1.);
#6534 = DIRECTION('',(1.,0.));
#6535 = ( GEOMETRIC_REPRESENTATION_CONTEXT(2) 
PARAMETRIC_REPRESENTATION_CONTEXT() REPRESENTATION_CONTEXT('2D SPACE',''
  ) );
#6536 = ORIENTED_EDGE('',*,*,#6537,.T.);
#6537 = EDGE_CURVE('',#6510,#6538,#6540,.T.);
#6538 = VERTEX_POINT('',#6539);
#6539 = CARTESIAN_POINT('',(-16.06936534446,8.924018286414,1.8));
#6540 = SURFACE_CURVE('',#6541,(#6545,#6552),.PCURVE_S1.);
#6541 = LINE('',#6542,#6543);
#6542 = CARTESIAN_POINT('',(-16.18564064605,8.75,1.8));
#6543 = VECTOR('',#6544,1.);
#6544 = DIRECTION('',(0.55557023302,0.831469612303,0.));
#6545 = PCURVE('',#126,#6546);
#6546 = DEFINITIONAL_REPRESENTATION('',(#6547),#6551);
#6547 = LINE('',#6548,#6549);
#6548 = CARTESIAN_POINT('',(9.964359353945,8.750000000309));
#6549 = VECTOR('',#6550,1.);
#6550 = DIRECTION('',(0.55557023302,0.831469612303));
#6551 = ( GEOMETRIC_REPRESENTATION_CONTEXT(2) 
PARAMETRIC_REPRESENTATION_CONTEXT() REPRESENTATION_CONTEXT('2D SPACE',''
  ) );
#6552 = PCURVE('',#6553,#6558);
#6553 = PLANE('',#6554);
#6554 = AXIS2_PLACEMENT_3D('',#6555,#6556,#6557);
#6555 = CARTESIAN_POINT('',(-16.18564064605,8.75,0.));
#6556 = DIRECTION('',(-0.831469612303,0.55557023302,0.));
#6557 = DIRECTION('',(0.55557023302,0.831469612303,0.));
#6558 = DEFINITIONAL_REPRESENTATION('',(#6559),#6563);
#6559 = LINE('',#6560,#6561);
#6560 = CARTESIAN_POINT('',(0.,-1.8));
#6561 = VECTOR('',#6562,1.);
#6562 = DIRECTION('',(1.,0.));
#6563 = ( GEOMETRIC_REPRESENTATION_CONTEXT(2) 
PARAMETRIC_REPRESENTATION_CONTEXT() REPRESENTATION_CONTEXT('2D SPACE',''
  ) );
#6564 = ORIENTED_EDGE('',*,*,#6565,.T.);
#6565 = EDGE_CURVE('',#6538,#6566,#6568,.T.);
#6566 = VERTEX_POINT('',#6567);
#6567 = CARTESIAN_POINT('',(-15.93137084989,9.081370849898,1.8));
#6568 = SURFACE_CURVE('',#6569,(#6573,#6580),.PCURVE_S1.);
#6569 = LINE('',#6570,#6571);
#6570 = CARTESIAN_POINT('',(-16.06936534446,8.924018286414,1.8));
#6571 = VECTOR('',#6572,1.);
#6572 = DIRECTION('',(0.6593458151,0.751839807479,0.));
#6573 = PCURVE('',#126,#6574);
#6574 = DEFINITIONAL_REPRESENTATION('',(#6575),#6579);
#6575 = LINE('',#6576,#6577);
#6576 = CARTESIAN_POINT('',(10.080634655534,8.924018286723));
#6577 = VECTOR('',#6578,1.);
#6578 = DIRECTION('',(0.6593458151,0.751839807479));
#6579 = ( GEOMETRIC_REPRESENTATION_CONTEXT(2) 
PARAMETRIC_REPRESENTATION_CONTEXT() REPRESENTATION_CONTEXT('2D SPACE',''
  ) );
#6580 = PCURVE('',#6581,#6586);
#6581 = PLANE('',#6582);
#6582 = AXIS2_PLACEMENT_3D('',#6583,#6584,#6585);
#6583 = CARTESIAN_POINT('',(-16.06936534446,8.924018286414,0.));
#6584 = DIRECTION('',(-0.751839807479,0.6593458151,0.));
#6585 = DIRECTION('',(0.6593458151,0.751839807479,0.));
#6586 = DEFINITIONAL_REPRESENTATION('',(#6587),#6591);
#6587 = LINE('',#6588,#6589);
#6588 = CARTESIAN_POINT('',(0.,-1.8));
#6589 = VECTOR('',#6590,1.);
#6590 = DIRECTION('',(1.,0.));
#6591 = ( GEOMETRIC_REPRESENTATION_CONTEXT(2) 
PARAMETRIC_REPRESENTATION_CONTEXT() REPRESENTATION_CONTEXT('2D SPACE',''
  ) );
#6592 = ORIENTED_EDGE('',*,*,#6593,.T.);
#6593 = EDGE_CURVE('',#6566,#6594,#6596,.T.);
#6594 = VERTEX_POINT('',#6595);
#6595 = CARTESIAN_POINT('',(-15.77401828641,9.219365344466,1.8));
#6596 = SURFACE_CURVE('',#6597,(#6601,#6608),.PCURVE_S1.);
#6597 = LINE('',#6598,#6599);
#6598 = CARTESIAN_POINT('',(-15.93137084989,9.081370849898,1.8));
#6599 = VECTOR('',#6600,1.);
#6600 = DIRECTION('',(0.751839807479,0.6593458151,0.));
#6601 = PCURVE('',#126,#6602);
#6602 = DEFINITIONAL_REPRESENTATION('',(#6603),#6607);
#6603 = LINE('',#6604,#6605);
#6604 = CARTESIAN_POINT('',(10.218629150102,9.081370850207));
#6605 = VECTOR('',#6606,1.);
#6606 = DIRECTION('',(0.751839807479,0.6593458151));
#6607 = ( GEOMETRIC_REPRESENTATION_CONTEXT(2) 
PARAMETRIC_REPRESENTATION_CONTEXT() REPRESENTATION_CONTEXT('2D SPACE',''
  ) );
#6608 = PCURVE('',#6609,#6614);
#6609 = PLANE('',#6610);
#6610 = AXIS2_PLACEMENT_3D('',#6611,#6612,#6613);
#6611 = CARTESIAN_POINT('',(-15.93137084989,9.081370849898,0.));
#6612 = DIRECTION('',(-0.6593458151,0.751839807479,0.));
#6613 = DIRECTION('',(0.751839807479,0.6593458151,0.));
#6614 = DEFINITIONAL_REPRESENTATION('',(#6615),#6619);
#6615 = LINE('',#6616,#6617);
#6616 = CARTESIAN_POINT('',(0.,-1.8));
#6617 = VECTOR('',#6618,1.);
#6618 = DIRECTION('',(1.,0.));
#6619 = ( GEOMETRIC_REPRESENTATION_CONTEXT(2) 
PARAMETRIC_REPRESENTATION_CONTEXT() REPRESENTATION_CONTEXT('2D SPACE',''
  ) );
#6620 = ORIENTED_EDGE('',*,*,#6621,.T.);
#6621 = EDGE_CURVE('',#6594,#6622,#6624,.T.);
#6622 = VERTEX_POINT('',#6623);
#6623 = CARTESIAN_POINT('',(-15.6,9.335640646055,1.8));
#6624 = SURFACE_CURVE('',#6625,(#6629,#6636),.PCURVE_S1.);
#6625 = LINE('',#6626,#6627);
#6626 = CARTESIAN_POINT('',(-15.77401828641,9.219365344466,1.8));
#6627 = VECTOR('',#6628,1.);
#6628 = DIRECTION('',(0.831469612303,0.55557023302,0.));
#6629 = PCURVE('',#126,#6630);
#6630 = DEFINITIONAL_REPRESENTATION('',(#6631),#6635);
#6631 = LINE('',#6632,#6633);
#6632 = CARTESIAN_POINT('',(10.375981713586,9.219365344775));
#6633 = VECTOR('',#6634,1.);
#6634 = DIRECTION('',(0.831469612303,0.55557023302));
#6635 = ( GEOMETRIC_REPRESENTATION_CONTEXT(2) 
PARAMETRIC_REPRESENTATION_CONTEXT() REPRESENTATION_CONTEXT('2D SPACE',''
  ) );
#6636 = PCURVE('',#6637,#6642);
#6637 = PLANE('',#6638);
#6638 = AXIS2_PLACEMENT_3D('',#6639,#6640,#6641);
#6639 = CARTESIAN_POINT('',(-15.77401828641,9.219365344466,0.));
#6640 = DIRECTION('',(-0.55557023302,0.831469612303,0.));
#6641 = DIRECTION('',(0.831469612303,0.55557023302,0.));
#6642 = DEFINITIONAL_REPRESENTATION('',(#6643),#6647);
#6643 = LINE('',#6644,#6645);
#6644 = CARTESIAN_POINT('',(0.,-1.8));
#6645 = VECTOR('',#6646,1.);
#6646 = DIRECTION('',(1.,0.));
#6647 = ( GEOMETRIC_REPRESENTATION_CONTEXT(2) 
PARAMETRIC_REPRESENTATION_CONTEXT() REPRESENTATION_CONTEXT('2D SPACE',''
  ) );
#6648 = ORIENTED_EDGE('',*,*,#6649,.T.);
#6649 = EDGE_CURVE('',#6622,#6650,#6652,.T.);
#6650 = VERTEX_POINT('',#6651);
#6651 = CARTESIAN_POINT('',(-15.41229349178,9.428207252018,1.8));
#6652 = SURFACE_CURVE('',#6653,(#6657,#6664),.PCURVE_S1.);
#6653 = LINE('',#6654,#6655);
#6654 = CARTESIAN_POINT('',(-15.6,9.335640646055,1.8));
#6655 = VECTOR('',#6656,1.);
#6656 = DIRECTION('',(0.896872741533,0.442288690219,0.));
#6657 = PCURVE('',#126,#6658);
#6658 = DEFINITIONAL_REPRESENTATION('',(#6659),#6663);
#6659 = LINE('',#6660,#6661);
#6660 = CARTESIAN_POINT('',(10.55,9.335640646364));
#6661 = VECTOR('',#6662,1.);
#6662 = DIRECTION('',(0.896872741533,0.442288690219));
#6663 = ( GEOMETRIC_REPRESENTATION_CONTEXT(2) 
PARAMETRIC_REPRESENTATION_CONTEXT() REPRESENTATION_CONTEXT('2D SPACE',''
  ) );
#6664 = PCURVE('',#6665,#6670);
#6665 = PLANE('',#6666);
#6666 = AXIS2_PLACEMENT_3D('',#6667,#6668,#6669);
#6667 = CARTESIAN_POINT('',(-15.6,9.335640646055,0.));
#6668 = DIRECTION('',(-0.442288690219,0.896872741533,0.));
#6669 = DIRECTION('',(0.896872741533,0.442288690219,0.));
#6670 = DEFINITIONAL_REPRESENTATION('',(#6671),#6675);
#6671 = LINE('',#6672,#6673);
#6672 = CARTESIAN_POINT('',(0.,-1.8));
#6673 = VECTOR('',#6674,1.);
#6674 = DIRECTION('',(1.,0.));
#6675 = ( GEOMETRIC_REPRESENTATION_CONTEXT(2) 
PARAMETRIC_REPRESENTATION_CONTEXT() REPRESENTATION_CONTEXT('2D SPACE',''
  ) );
#6676 = ORIENTED_EDGE('',*,*,#6677,.T.);
#6677 = EDGE_CURVE('',#6650,#6678,#6680,.T.);
#6678 = VERTEX_POINT('',#6679);
#6679 = CARTESIAN_POINT('',(-15.21411047216,9.495481322063,1.8));
#6680 = SURFACE_CURVE('',#6681,(#6685,#6692),.PCURVE_S1.);
#6681 = LINE('',#6682,#6683);
#6682 = CARTESIAN_POINT('',(-15.41229349178,9.428207252018,1.8));
#6683 = VECTOR('',#6684,1.);
#6684 = DIRECTION('',(0.946930129495,0.321439465303,0.));
#6685 = PCURVE('',#126,#6686);
#6686 = DEFINITIONAL_REPRESENTATION('',(#6687),#6691);
#6687 = LINE('',#6688,#6689);
#6688 = CARTESIAN_POINT('',(10.737706508216,9.428207252327));
#6689 = VECTOR('',#6690,1.);
#6690 = DIRECTION('',(0.946930129495,0.321439465303));
#6691 = ( GEOMETRIC_REPRESENTATION_CONTEXT(2) 
PARAMETRIC_REPRESENTATION_CONTEXT() REPRESENTATION_CONTEXT('2D SPACE',''
  ) );
#6692 = PCURVE('',#6693,#6698);
#6693 = PLANE('',#6694);
#6694 = AXIS2_PLACEMENT_3D('',#6695,#6696,#6697);
#6695 = CARTESIAN_POINT('',(-15.41229349178,9.428207252018,0.));
#6696 = DIRECTION('',(-0.321439465303,0.946930129495,0.));
#6697 = DIRECTION('',(0.946930129495,0.321439465303,0.));
#6698 = DEFINITIONAL_REPRESENTATION('',(#6699),#6703);
#6699 = LINE('',#6700,#6701);
#6700 = CARTESIAN_POINT('',(0.,-1.8));
#6701 = VECTOR('',#6702,1.);
#6702 = DIRECTION('',(1.,0.));
#6703 = ( GEOMETRIC_REPRESENTATION_CONTEXT(2) 
PARAMETRIC_REPRESENTATION_CONTEXT() REPRESENTATION_CONTEXT('2D SPACE',''
  ) );
#6704 = ORIENTED_EDGE('',*,*,#6705,.T.);
#6705 = EDGE_CURVE('',#6678,#6706,#6708,.T.);
#6706 = VERTEX_POINT('',#6707);
#6707 = CARTESIAN_POINT('',(-15.00884190755,9.536311778198,1.8));
#6708 = SURFACE_CURVE('',#6709,(#6713,#6720),.PCURVE_S1.);
#6709 = LINE('',#6710,#6711);
#6710 = CARTESIAN_POINT('',(-15.21411047216,9.495481322063,1.8));
#6711 = VECTOR('',#6712,1.);
#6712 = DIRECTION('',(0.980785280403,0.195090322016,0.));
#6713 = PCURVE('',#126,#6714);
#6714 = DEFINITIONAL_REPRESENTATION('',(#6715),#6719);
#6715 = LINE('',#6716,#6717);
#6716 = CARTESIAN_POINT('',(10.935889527836,9.495481322371));
#6717 = VECTOR('',#6718,1.);
#6718 = DIRECTION('',(0.980785280403,0.195090322016));
#6719 = ( GEOMETRIC_REPRESENTATION_CONTEXT(2) 
PARAMETRIC_REPRESENTATION_CONTEXT() REPRESENTATION_CONTEXT('2D SPACE',''
  ) );
#6720 = PCURVE('',#6721,#6726);
#6721 = PLANE('',#6722);
#6722 = AXIS2_PLACEMENT_3D('',#6723,#6724,#6725);
#6723 = CARTESIAN_POINT('',(-15.21411047216,9.495481322063,0.));
#6724 = DIRECTION('',(-0.195090322016,0.980785280403,0.));
#6725 = DIRECTION('',(0.980785280403,0.195090322016,0.));
#6726 = DEFINITIONAL_REPRESENTATION('',(#6727),#6731);
#6727 = LINE('',#6728,#6729);
#6728 = CARTESIAN_POINT('',(0.,-1.8));
#6729 = VECTOR('',#6730,1.);
#6730 = DIRECTION('',(1.,0.));
#6731 = ( GEOMETRIC_REPRESENTATION_CONTEXT(2) 
PARAMETRIC_REPRESENTATION_CONTEXT() REPRESENTATION_CONTEXT('2D SPACE',''
  ) );
#6732 = ORIENTED_EDGE('',*,*,#6733,.T.);
#6733 = EDGE_CURVE('',#6706,#6734,#6736,.T.);
#6734 = VERTEX_POINT('',#6735);
#6735 = CARTESIAN_POINT('',(-14.8,9.55,1.8));
#6736 = SURFACE_CURVE('',#6737,(#6741,#6748),.PCURVE_S1.);
#6737 = LINE('',#6738,#6739);
#6738 = CARTESIAN_POINT('',(-15.00884190755,9.536311778198,1.8));
#6739 = VECTOR('',#6740,1.);
#6740 = DIRECTION('',(0.997858923239,6.540312923014E-02,0.));
#6741 = PCURVE('',#126,#6742);
#6742 = DEFINITIONAL_REPRESENTATION('',(#6743),#6747);
#6743 = LINE('',#6744,#6745);
#6744 = CARTESIAN_POINT('',(11.141158092448,9.536311778507));
#6745 = VECTOR('',#6746,1.);
#6746 = DIRECTION('',(0.997858923239,6.540312923014E-02));
#6747 = ( GEOMETRIC_REPRESENTATION_CONTEXT(2) 
PARAMETRIC_REPRESENTATION_CONTEXT() REPRESENTATION_CONTEXT('2D SPACE',''
  ) );
#6748 = PCURVE('',#6749,#6754);
#6749 = PLANE('',#6750);
#6750 = AXIS2_PLACEMENT_3D('',#6751,#6752,#6753);
#6751 = CARTESIAN_POINT('',(-15.00884190755,9.536311778198,0.));
#6752 = DIRECTION('',(-6.540312923014E-02,0.997858923239,0.));
#6753 = DIRECTION('',(0.997858923239,6.540312923014E-02,0.));
#6754 = DEFINITIONAL_REPRESENTATION('',(#6755),#6759);
#6755 = LINE('',#6756,#6757);
#6756 = CARTESIAN_POINT('',(0.,-1.8));
#6757 = VECTOR('',#6758,1.);
#6758 = DIRECTION('',(1.,0.));
#6759 = ( GEOMETRIC_REPRESENTATION_CONTEXT(2) 
PARAMETRIC_REPRESENTATION_CONTEXT() REPRESENTATION_CONTEXT('2D SPACE',''
  ) );
#6760 = ORIENTED_EDGE('',*,*,#6761,.T.);
#6761 = EDGE_CURVE('',#6734,#6762,#6764,.T.);
#6762 = VERTEX_POINT('',#6763);
#6763 = CARTESIAN_POINT('',(-14.59115809244,9.536311778198,1.8));
#6764 = SURFACE_CURVE('',#6765,(#6769,#6776),.PCURVE_S1.);
#6765 = LINE('',#6766,#6767);
#6766 = CARTESIAN_POINT('',(-14.8,9.55,1.8));
#6767 = VECTOR('',#6768,1.);
#6768 = DIRECTION('',(0.997858923239,-6.540312923014E-02,0.));
#6769 = PCURVE('',#126,#6770);
#6770 = DEFINITIONAL_REPRESENTATION('',(#6771),#6775);
#6771 = LINE('',#6772,#6773);
#6772 = CARTESIAN_POINT('',(11.35,9.550000000309));
#6773 = VECTOR('',#6774,1.);
#6774 = DIRECTION('',(0.997858923239,-6.540312923014E-02));
#6775 = ( GEOMETRIC_REPRESENTATION_CONTEXT(2) 
PARAMETRIC_REPRESENTATION_CONTEXT() REPRESENTATION_CONTEXT('2D SPACE',''
  ) );
#6776 = PCURVE('',#6777,#6782);
#6777 = PLANE('',#6778);
#6778 = AXIS2_PLACEMENT_3D('',#6779,#6780,#6781);
#6779 = CARTESIAN_POINT('',(-14.8,9.55,0.));
#6780 = DIRECTION('',(6.540312923014E-02,0.997858923239,0.));
#6781 = DIRECTION('',(0.997858923239,-6.540312923014E-02,0.));
#6782 = DEFINITIONAL_REPRESENTATION('',(#6783),#6787);
#6783 = LINE('',#6784,#6785);
#6784 = CARTESIAN_POINT('',(0.,-1.8));
#6785 = VECTOR('',#6786,1.);
#6786 = DIRECTION('',(1.,0.));
#6787 = ( GEOMETRIC_REPRESENTATION_CONTEXT(2) 
PARAMETRIC_REPRESENTATION_CONTEXT() REPRESENTATION_CONTEXT('2D SPACE',''
  ) );
#6788 = ORIENTED_EDGE('',*,*,#6789,.T.);
#6789 = EDGE_CURVE('',#6762,#6790,#6792,.T.);
#6790 = VERTEX_POINT('',#6791);
#6791 = CARTESIAN_POINT('',(-14.38588952783,9.495481322063,1.8));
#6792 = SURFACE_CURVE('',#6793,(#6797,#6804),.PCURVE_S1.);
#6793 = LINE('',#6794,#6795);
#6794 = CARTESIAN_POINT('',(-14.59115809244,9.536311778198,1.8));
#6795 = VECTOR('',#6796,1.);
#6796 = DIRECTION('',(0.980785280403,-0.195090322016,0.));
#6797 = PCURVE('',#126,#6798);
#6798 = DEFINITIONAL_REPRESENTATION('',(#6799),#6803);
#6799 = LINE('',#6800,#6801);
#6800 = CARTESIAN_POINT('',(11.558841907552,9.536311778507));
#6801 = VECTOR('',#6802,1.);
#6802 = DIRECTION('',(0.980785280403,-0.195090322016));
#6803 = ( GEOMETRIC_REPRESENTATION_CONTEXT(2) 
PARAMETRIC_REPRESENTATION_CONTEXT() REPRESENTATION_CONTEXT('2D SPACE',''
  ) );
#6804 = PCURVE('',#6805,#6810);
#6805 = PLANE('',#6806);
#6806 = AXIS2_PLACEMENT_3D('',#6807,#6808,#6809);
#6807 = CARTESIAN_POINT('',(-14.59115809244,9.536311778198,0.));
#6808 = DIRECTION('',(0.195090322016,0.980785280403,0.));
#6809 = DIRECTION('',(0.980785280403,-0.195090322016,0.));
#6810 = DEFINITIONAL_REPRESENTATION('',(#6811),#6815);
#6811 = LINE('',#6812,#6813);
#6812 = CARTESIAN_POINT('',(0.,-1.8));
#6813 = VECTOR('',#6814,1.);
#6814 = DIRECTION('',(1.,0.));
#6815 = ( GEOMETRIC_REPRESENTATION_CONTEXT(2) 
PARAMETRIC_REPRESENTATION_CONTEXT() REPRESENTATION_CONTEXT('2D SPACE',''
  ) );
#6816 = ORIENTED_EDGE('',*,*,#6817,.T.);
#6817 = EDGE_CURVE('',#6790,#6818,#6820,.T.);
#6818 = VERTEX_POINT('',#6819);
#6819 = CARTESIAN_POINT('',(-14.18770650821,9.428207252018,1.8));
#6820 = SURFACE_CURVE('',#6821,(#6825,#6832),.PCURVE_S1.);
#6821 = LINE('',#6822,#6823);
#6822 = CARTESIAN_POINT('',(-14.38588952783,9.495481322063,1.8));
#6823 = VECTOR('',#6824,1.);
#6824 = DIRECTION('',(0.946930129495,-0.321439465303,0.));
#6825 = PCURVE('',#126,#6826);
#6826 = DEFINITIONAL_REPRESENTATION('',(#6827),#6831);
#6827 = LINE('',#6828,#6829);
#6828 = CARTESIAN_POINT('',(11.764110472164,9.495481322371));
#6829 = VECTOR('',#6830,1.);
#6830 = DIRECTION('',(0.946930129495,-0.321439465303));
#6831 = ( GEOMETRIC_REPRESENTATION_CONTEXT(2) 
PARAMETRIC_REPRESENTATION_CONTEXT() REPRESENTATION_CONTEXT('2D SPACE',''
  ) );
#6832 = PCURVE('',#6833,#6838);
#6833 = PLANE('',#6834);
#6834 = AXIS2_PLACEMENT_3D('',#6835,#6836,#6837);
#6835 = CARTESIAN_POINT('',(-14.38588952783,9.495481322063,0.));
#6836 = DIRECTION('',(0.321439465303,0.946930129495,0.));
#6837 = DIRECTION('',(0.946930129495,-0.321439465303,0.));
#6838 = DEFINITIONAL_REPRESENTATION('',(#6839),#6843);
#6839 = LINE('',#6840,#6841);
#6840 = CARTESIAN_POINT('',(0.,-1.8));
#6841 = VECTOR('',#6842,1.);
#6842 = DIRECTION('',(1.,0.));
#6843 = ( GEOMETRIC_REPRESENTATION_CONTEXT(2) 
PARAMETRIC_REPRESENTATION_CONTEXT() REPRESENTATION_CONTEXT('2D SPACE',''
  ) );
#6844 = ORIENTED_EDGE('',*,*,#6845,.T.);
#6845 = EDGE_CURVE('',#6818,#6846,#6848,.T.);
#6846 = VERTEX_POINT('',#6847);
#6847 = CARTESIAN_POINT('',(-14.,9.335640646055,1.8));
#6848 = SURFACE_CURVE('',#6849,(#6853,#6860),.PCURVE_S1.);
#6849 = LINE('',#6850,#6851);
#6850 = CARTESIAN_POINT('',(-14.18770650821,9.428207252018,1.8));
#6851 = VECTOR('',#6852,1.);
#6852 = DIRECTION('',(0.896872741533,-0.442288690219,0.));
#6853 = PCURVE('',#126,#6854);
#6854 = DEFINITIONAL_REPRESENTATION('',(#6855),#6859);
#6855 = LINE('',#6856,#6857);
#6856 = CARTESIAN_POINT('',(11.962293491784,9.428207252327));
#6857 = VECTOR('',#6858,1.);
#6858 = DIRECTION('',(0.896872741533,-0.442288690219));
#6859 = ( GEOMETRIC_REPRESENTATION_CONTEXT(2) 
PARAMETRIC_REPRESENTATION_CONTEXT() REPRESENTATION_CONTEXT('2D SPACE',''
  ) );
#6860 = PCURVE('',#6861,#6866);
#6861 = PLANE('',#6862);
#6862 = AXIS2_PLACEMENT_3D('',#6863,#6864,#6865);
#6863 = CARTESIAN_POINT('',(-14.18770650821,9.428207252018,0.));
#6864 = DIRECTION('',(0.442288690219,0.896872741533,0.));
#6865 = DIRECTION('',(0.896872741533,-0.442288690219,0.));
#6866 = DEFINITIONAL_REPRESENTATION('',(#6867),#6871);
#6867 = LINE('',#6868,#6869);
#6868 = CARTESIAN_POINT('',(0.,-1.8));
#6869 = VECTOR('',#6870,1.);
#6870 = DIRECTION('',(1.,0.));
#6871 = ( GEOMETRIC_REPRESENTATION_CONTEXT(2) 
PARAMETRIC_REPRESENTATION_CONTEXT() REPRESENTATION_CONTEXT('2D SPACE',''
  ) );
#6872 = ORIENTED_EDGE('',*,*,#6873,.T.);
#6873 = EDGE_CURVE('',#6846,#6874,#6876,.T.);
#6874 = VERTEX_POINT('',#6875);
#6875 = CARTESIAN_POINT('',(-13.86119058577,9.24289116073,1.8));
#6876 = SURFACE_CURVE('',#6877,(#6881,#6888),.PCURVE_S1.);
#6877 = LINE('',#6878,#6879);
#6878 = CARTESIAN_POINT('',(-14.,9.335640646055,1.8));
#6879 = VECTOR('',#6880,1.);
#6880 = DIRECTION('',(0.831469612303,-0.55557023302,0.));
#6881 = PCURVE('',#126,#6882);
#6882 = DEFINITIONAL_REPRESENTATION('',(#6883),#6887);
#6883 = LINE('',#6884,#6885);
#6884 = CARTESIAN_POINT('',(12.15,9.335640646364));
#6885 = VECTOR('',#6886,1.);
#6886 = DIRECTION('',(0.831469612303,-0.55557023302));
#6887 = ( GEOMETRIC_REPRESENTATION_CONTEXT(2) 
PARAMETRIC_REPRESENTATION_CONTEXT() REPRESENTATION_CONTEXT('2D SPACE',''
  ) );
#6888 = PCURVE('',#6889,#6894);
#6889 = PLANE('',#6890);
#6890 = AXIS2_PLACEMENT_3D('',#6891,#6892,#6893);
#6891 = CARTESIAN_POINT('',(-14.,9.335640646055,0.));
#6892 = DIRECTION('',(0.55557023302,0.831469612303,0.));
#6893 = DIRECTION('',(0.831469612303,-0.55557023302,0.));
#6894 = DEFINITIONAL_REPRESENTATION('',(#6895),#6899);
#6895 = LINE('',#6896,#6897);
#6896 = CARTESIAN_POINT('',(0.,-1.8));
#6897 = VECTOR('',#6898,1.);
#6898 = DIRECTION('',(1.,0.));
#6899 = ( GEOMETRIC_REPRESENTATION_CONTEXT(2) 
PARAMETRIC_REPRESENTATION_CONTEXT() REPRESENTATION_CONTEXT('2D SPACE',''
  ) );
#6900 = ORIENTED_EDGE('',*,*,#6901,.T.);
#6901 = EDGE_CURVE('',#6874,#5999,#6902,.T.);
#6902 = SURFACE_CURVE('',#6903,(#6908,#6919),.PCURVE_S1.);
#6903 = CIRCLE('',#6904,2.025);
#6904 = AXIS2_PLACEMENT_3D('',#6905,#6906,#6907);
#6905 = CARTESIAN_POINT('',(-12.75,7.55,1.8));
#6906 = DIRECTION('',(0.,-0.,-1.));
#6907 = DIRECTION('',(1.,0.,-0.));
#6908 = PCURVE('',#126,#6909);
#6909 = DEFINITIONAL_REPRESENTATION('',(#6910),#6918);
#6910 = ( BOUNDED_CURVE() B_SPLINE_CURVE(2,(#6911,#6912,#6913,#6914,
#6915,#6916,#6917),.UNSPECIFIED.,.T.,.F.) B_SPLINE_CURVE_WITH_KNOTS((1,2
    ,2,2,2,1),(-2.094395102393,0.,2.094395102393,4.188790204786,
6.28318530718,8.377580409573),.UNSPECIFIED.) CURVE() 
GEOMETRIC_REPRESENTATION_ITEM() RATIONAL_B_SPLINE_CURVE((1.,0.5,1.,0.5,
1.,0.5,1.)) REPRESENTATION_ITEM('') );
#6911 = CARTESIAN_POINT('',(15.425,7.550000000309));
#6912 = CARTESIAN_POINT('',(15.425,4.042597114982));
#6913 = CARTESIAN_POINT('',(12.3875,5.796298557645));
#6914 = CARTESIAN_POINT('',(9.35,7.550000000309));
#6915 = CARTESIAN_POINT('',(12.3875,9.303701442972));
#6916 = CARTESIAN_POINT('',(15.425,11.057402885636));
#6917 = CARTESIAN_POINT('',(15.425,7.550000000309));
#6918 = ( GEOMETRIC_REPRESENTATION_CONTEXT(2) 
PARAMETRIC_REPRESENTATION_CONTEXT() REPRESENTATION_CONTEXT('2D SPACE',''
  ) );
#6919 = PCURVE('',#6021,#6920);
#6920 = DEFINITIONAL_REPRESENTATION('',(#6921),#6925);
#6921 = LINE('',#6922,#6923);
#6922 = CARTESIAN_POINT('',(-6.28318530718,-1.9));
#6923 = VECTOR('',#6924,1.);
#6924 = DIRECTION('',(1.,-0.));
#6925 = ( GEOMETRIC_REPRESENTATION_CONTEXT(2) 
PARAMETRIC_REPRESENTATION_CONTEXT() REPRESENTATION_CONTEXT('2D SPACE',''
  ) );
#6926 = ADVANCED_FACE('',(#6927,#7139,#7169,#7200,#7230),#72,.T.);
#6927 = FACE_BOUND('',#6928,.T.);
#6928 = EDGE_LOOP('',(#6929,#6930,#6931,#6954,#6978,#7001,#7025,#7048,
    #7071,#7094,#7117,#7138));
#6929 = ORIENTED_EDGE('',*,*,#56,.F.);
#6930 = ORIENTED_EDGE('',*,*,#142,.T.);
#6931 = ORIENTED_EDGE('',*,*,#6932,.T.);
#6932 = EDGE_CURVE('',#143,#6933,#6935,.T.);
#6933 = VERTEX_POINT('',#6934);
#6934 = CARTESIAN_POINT('',(-13.3,-12.5,5.8));
#6935 = SURFACE_CURVE('',#6936,(#6940,#6947),.PCURVE_S1.);
#6936 = LINE('',#6937,#6938);
#6937 = CARTESIAN_POINT('',(-26.15,-12.5,5.8));
#6938 = VECTOR('',#6939,1.);
#6939 = DIRECTION('',(1.,0.,0.));
#6940 = PCURVE('',#72,#6941);
#6941 = DEFINITIONAL_REPRESENTATION('',(#6942),#6946);
#6942 = LINE('',#6943,#6944);
#6943 = CARTESIAN_POINT('',(7.105427357601E-15,-12.49999999969));
#6944 = VECTOR('',#6945,1.);
#6945 = DIRECTION('',(1.,0.));
#6946 = ( GEOMETRIC_REPRESENTATION_CONTEXT(2) 
PARAMETRIC_REPRESENTATION_CONTEXT() REPRESENTATION_CONTEXT('2D SPACE',''
  ) );
#6947 = PCURVE('',#182,#6948);
#6948 = DEFINITIONAL_REPRESENTATION('',(#6949),#6953);
#6949 = LINE('',#6950,#6951);
#6950 = CARTESIAN_POINT('',(12.85,-4.));
#6951 = VECTOR('',#6952,1.);
#6952 = DIRECTION('',(1.,0.));
#6953 = ( GEOMETRIC_REPRESENTATION_CONTEXT(2) 
PARAMETRIC_REPRESENTATION_CONTEXT() REPRESENTATION_CONTEXT('2D SPACE',''
  ) );
#6954 = ORIENTED_EDGE('',*,*,#6955,.T.);
#6955 = EDGE_CURVE('',#6933,#6956,#6958,.T.);
#6956 = VERTEX_POINT('',#6957);
#6957 = CARTESIAN_POINT('',(-10.3,-9.5,5.8));
#6958 = SURFACE_CURVE('',#6959,(#6964,#6971),.PCURVE_S1.);
#6959 = CIRCLE('',#6960,3.);
#6960 = AXIS2_PLACEMENT_3D('',#6961,#6962,#6963);
#6961 = CARTESIAN_POINT('',(-13.3,-9.5,5.8));
#6962 = DIRECTION('',(0.,0.,1.));
#6963 = DIRECTION('',(1.,0.,0.));
#6964 = PCURVE('',#72,#6965);
#6965 = DEFINITIONAL_REPRESENTATION('',(#6966),#6970);
#6966 = CIRCLE('',#6967,3.);
#6967 = AXIS2_PLACEMENT_2D('',#6968,#6969);
#6968 = CARTESIAN_POINT('',(12.85,-9.499999999691));
#6969 = DIRECTION('',(1.,0.));
#6970 = ( GEOMETRIC_REPRESENTATION_CONTEXT(2) 
PARAMETRIC_REPRESENTATION_CONTEXT() REPRESENTATION_CONTEXT('2D SPACE',''
  ) );
#6971 = PCURVE('',#339,#6972);
#6972 = DEFINITIONAL_REPRESENTATION('',(#6973),#6977);
#6973 = LINE('',#6974,#6975);
#6974 = CARTESIAN_POINT('',(-0.,-4.));
#6975 = VECTOR('',#6976,1.);
#6976 = DIRECTION('',(-1.,0.));
#6977 = ( GEOMETRIC_REPRESENTATION_CONTEXT(2) 
PARAMETRIC_REPRESENTATION_CONTEXT() REPRESENTATION_CONTEXT('2D SPACE',''
  ) );
#6978 = ORIENTED_EDGE('',*,*,#6979,.T.);
#6979 = EDGE_CURVE('',#6956,#6980,#6982,.T.);
#6980 = VERTEX_POINT('',#6981);
#6981 = CARTESIAN_POINT('',(-10.3,9.499999998822,5.8));
#6982 = SURFACE_CURVE('',#6983,(#6987,#6994),.PCURVE_S1.);
#6983 = LINE('',#6984,#6985);
#6984 = CARTESIAN_POINT('',(-10.3,0.,5.8));
#6985 = VECTOR('',#6986,1.);
#6986 = DIRECTION('',(0.,1.,0.));
#6987 = PCURVE('',#72,#6988);
#6988 = DEFINITIONAL_REPRESENTATION('',(#6989),#6993);
#6989 = LINE('',#6990,#6991);
#6990 = CARTESIAN_POINT('',(15.85,3.087414322334E-10));
#6991 = VECTOR('',#6992,1.);
#6992 = DIRECTION('',(0.,1.));
#6993 = ( GEOMETRIC_REPRESENTATION_CONTEXT(2) 
PARAMETRIC_REPRESENTATION_CONTEXT() REPRESENTATION_CONTEXT('2D SPACE',''
  ) );
#6994 = PCURVE('',#367,#6995);
#6995 = DEFINITIONAL_REPRESENTATION('',(#6996),#7000);
#6996 = LINE('',#6997,#6998);
#6997 = CARTESIAN_POINT('',(9.5,-4.));
#6998 = VECTOR('',#6999,1.);
#6999 = DIRECTION('',(1.,0.));
#7000 = ( GEOMETRIC_REPRESENTATION_CONTEXT(2) 
PARAMETRIC_REPRESENTATION_CONTEXT() REPRESENTATION_CONTEXT('2D SPACE',''
  ) );
#7001 = ORIENTED_EDGE('',*,*,#7002,.T.);
#7002 = EDGE_CURVE('',#6980,#7003,#7005,.T.);
#7003 = VERTEX_POINT('',#7004);
#7004 = CARTESIAN_POINT('',(-13.3,12.499999999411,5.8));
#7005 = SURFACE_CURVE('',#7006,(#7011,#7018),.PCURVE_S1.);
#7006 = CIRCLE('',#7007,3.);
#7007 = AXIS2_PLACEMENT_3D('',#7008,#7009,#7010);
#7008 = CARTESIAN_POINT('',(-13.3,9.499999998822,5.8));
#7009 = DIRECTION('',(0.,0.,1.));
#7010 = DIRECTION('',(1.,0.,0.));
#7011 = PCURVE('',#72,#7012);
#7012 = DEFINITIONAL_REPRESENTATION('',(#7013),#7017);
#7013 = CIRCLE('',#7014,3.);
#7014 = AXIS2_PLACEMENT_2D('',#7015,#7016);
#7015 = CARTESIAN_POINT('',(12.85,9.499999999131));
#7016 = DIRECTION('',(1.,0.));
#7017 = ( GEOMETRIC_REPRESENTATION_CONTEXT(2) 
PARAMETRIC_REPRESENTATION_CONTEXT() REPRESENTATION_CONTEXT('2D SPACE',''
  ) );
#7018 = PCURVE('',#396,#7019);
#7019 = DEFINITIONAL_REPRESENTATION('',(#7020),#7024);
#7020 = LINE('',#7021,#7022);
#7021 = CARTESIAN_POINT('',(-0.,-4.));
#7022 = VECTOR('',#7023,1.);
#7023 = DIRECTION('',(-1.,0.));
#7024 = ( GEOMETRIC_REPRESENTATION_CONTEXT(2) 
PARAMETRIC_REPRESENTATION_CONTEXT() REPRESENTATION_CONTEXT('2D SPACE',''
  ) );
#7025 = ORIENTED_EDGE('',*,*,#7026,.F.);
#7026 = EDGE_CURVE('',#7027,#7003,#7029,.T.);
#7027 = VERTEX_POINT('',#7028);
#7028 = CARTESIAN_POINT('',(-18.15,12.5,5.8));
#7029 = SURFACE_CURVE('',#7030,(#7034,#7041),.PCURVE_S1.);
#7030 = LINE('',#7031,#7032);
#7031 = CARTESIAN_POINT('',(-26.15,12.5,5.8));
#7032 = VECTOR('',#7033,1.);
#7033 = DIRECTION('',(1.,0.,0.));
#7034 = PCURVE('',#72,#7035);
#7035 = DEFINITIONAL_REPRESENTATION('',(#7036),#7040);
#7036 = LINE('',#7037,#7038);
#7037 = CARTESIAN_POINT('',(7.105427357601E-15,12.500000000309));
#7038 = VECTOR('',#7039,1.);
#7039 = DIRECTION('',(1.,0.));
#7040 = ( GEOMETRIC_REPRESENTATION_CONTEXT(2) 
PARAMETRIC_REPRESENTATION_CONTEXT() REPRESENTATION_CONTEXT('2D SPACE',''
  ) );
#7041 = PCURVE('',#424,#7042);
#7042 = DEFINITIONAL_REPRESENTATION('',(#7043),#7047);
#7043 = LINE('',#7044,#7045);
#7044 = CARTESIAN_POINT('',(12.85,-4.));
#7045 = VECTOR('',#7046,1.);
#7046 = DIRECTION('',(1.,0.));
#7047 = ( GEOMETRIC_REPRESENTATION_CONTEXT(2) 
PARAMETRIC_REPRESENTATION_CONTEXT() REPRESENTATION_CONTEXT('2D SPACE',''
  ) );
#7048 = ORIENTED_EDGE('',*,*,#7049,.T.);
#7049 = EDGE_CURVE('',#7027,#7050,#7052,.T.);
#7050 = VERTEX_POINT('',#7051);
#7051 = CARTESIAN_POINT('',(-18.15,21.5,5.8));
#7052 = SURFACE_CURVE('',#7053,(#7057,#7064),.PCURVE_S1.);
#7053 = LINE('',#7054,#7055);
#7054 = CARTESIAN_POINT('',(-18.15,10.5,5.8));
#7055 = VECTOR('',#7056,1.);
#7056 = DIRECTION('',(-0.,1.,0.));
#7057 = PCURVE('',#72,#7058);
#7058 = DEFINITIONAL_REPRESENTATION('',(#7059),#7063);
#7059 = LINE('',#7060,#7061);
#7060 = CARTESIAN_POINT('',(8.,10.500000000309));
#7061 = VECTOR('',#7062,1.);
#7062 = DIRECTION('',(0.,1.));
#7063 = ( GEOMETRIC_REPRESENTATION_CONTEXT(2) 
PARAMETRIC_REPRESENTATION_CONTEXT() REPRESENTATION_CONTEXT('2D SPACE',''
  ) );
#7064 = PCURVE('',#452,#7065);
#7065 = DEFINITIONAL_REPRESENTATION('',(#7066),#7070);
#7066 = LINE('',#7067,#7068);
#7067 = CARTESIAN_POINT('',(4.,0.));
#7068 = VECTOR('',#7069,1.);
#7069 = DIRECTION('',(0.,-1.));
#7070 = ( GEOMETRIC_REPRESENTATION_CONTEXT(2) 
PARAMETRIC_REPRESENTATION_CONTEXT() REPRESENTATION_CONTEXT('2D SPACE',''
  ) );
#7071 = ORIENTED_EDGE('',*,*,#7072,.F.);
#7072 = EDGE_CURVE('',#7073,#7050,#7075,.T.);
#7073 = VERTEX_POINT('',#7074);
#7074 = CARTESIAN_POINT('',(-34.15,21.5,5.8));
#7075 = SURFACE_CURVE('',#7076,(#7080,#7087),.PCURVE_S1.);
#7076 = LINE('',#7077,#7078);
#7077 = CARTESIAN_POINT('',(-34.15,21.5,5.8));
#7078 = VECTOR('',#7079,1.);
#7079 = DIRECTION('',(1.,0.,-0.));
#7080 = PCURVE('',#72,#7081);
#7081 = DEFINITIONAL_REPRESENTATION('',(#7082),#7086);
#7082 = LINE('',#7083,#7084);
#7083 = CARTESIAN_POINT('',(-8.,21.500000000309));
#7084 = VECTOR('',#7085,1.);
#7085 = DIRECTION('',(1.,0.));
#7086 = ( GEOMETRIC_REPRESENTATION_CONTEXT(2) 
PARAMETRIC_REPRESENTATION_CONTEXT() REPRESENTATION_CONTEXT('2D SPACE',''
  ) );
#7087 = PCURVE('',#480,#7088);
#7088 = DEFINITIONAL_REPRESENTATION('',(#7089),#7093);
#7089 = LINE('',#7090,#7091);
#7090 = CARTESIAN_POINT('',(4.,0.));
#7091 = VECTOR('',#7092,1.);
#7092 = DIRECTION('',(0.,1.));
#7093 = ( GEOMETRIC_REPRESENTATION_CONTEXT(2) 
PARAMETRIC_REPRESENTATION_CONTEXT() REPRESENTATION_CONTEXT('2D SPACE',''
  ) );
#7094 = ORIENTED_EDGE('',*,*,#7095,.F.);
#7095 = EDGE_CURVE('',#7096,#7073,#7098,.T.);
#7096 = VERTEX_POINT('',#7097);
#7097 = CARTESIAN_POINT('',(-34.15,12.5,5.8));
#7098 = SURFACE_CURVE('',#7099,(#7103,#7110),.PCURVE_S1.);
#7099 = LINE('',#7100,#7101);
#7100 = CARTESIAN_POINT('',(-34.15,10.5,5.8));
#7101 = VECTOR('',#7102,1.);
#7102 = DIRECTION('',(-0.,1.,0.));
#7103 = PCURVE('',#72,#7104);
#7104 = DEFINITIONAL_REPRESENTATION('',(#7105),#7109);
#7105 = LINE('',#7106,#7107);
#7106 = CARTESIAN_POINT('',(-8.,10.500000000309));
#7107 = VECTOR('',#7108,1.);
#7108 = DIRECTION('',(0.,1.));
#7109 = ( GEOMETRIC_REPRESENTATION_CONTEXT(2) 
PARAMETRIC_REPRESENTATION_CONTEXT() REPRESENTATION_CONTEXT('2D SPACE',''
  ) );
#7110 = PCURVE('',#508,#7111);
#7111 = DEFINITIONAL_REPRESENTATION('',(#7112),#7116);
#7112 = LINE('',#7113,#7114);
#7113 = CARTESIAN_POINT('',(4.,0.));
#7114 = VECTOR('',#7115,1.);
#7115 = DIRECTION('',(0.,-1.));
#7116 = ( GEOMETRIC_REPRESENTATION_CONTEXT(2) 
PARAMETRIC_REPRESENTATION_CONTEXT() REPRESENTATION_CONTEXT('2D SPACE',''
  ) );
#7117 = ORIENTED_EDGE('',*,*,#7118,.F.);
#7118 = EDGE_CURVE('',#222,#7096,#7119,.T.);
#7119 = SURFACE_CURVE('',#7120,(#7124,#7131),.PCURVE_S1.);
#7120 = LINE('',#7121,#7122);
#7121 = CARTESIAN_POINT('',(-26.15,12.5,5.8));
#7122 = VECTOR('',#7123,1.);
#7123 = DIRECTION('',(1.,0.,0.));
#7124 = PCURVE('',#72,#7125);
#7125 = DEFINITIONAL_REPRESENTATION('',(#7126),#7130);
#7126 = LINE('',#7127,#7128);
#7127 = CARTESIAN_POINT('',(7.105427357601E-15,12.500000000309));
#7128 = VECTOR('',#7129,1.);
#7129 = DIRECTION('',(1.,0.));
#7130 = ( GEOMETRIC_REPRESENTATION_CONTEXT(2) 
PARAMETRIC_REPRESENTATION_CONTEXT() REPRESENTATION_CONTEXT('2D SPACE',''
  ) );
#7131 = PCURVE('',#237,#7132);
#7132 = DEFINITIONAL_REPRESENTATION('',(#7133),#7137);
#7133 = LINE('',#7134,#7135);
#7134 = CARTESIAN_POINT('',(12.85,-4.));
#7135 = VECTOR('',#7136,1.);
#7136 = DIRECTION('',(1.,0.));
#7137 = ( GEOMETRIC_REPRESENTATION_CONTEXT(2) 
PARAMETRIC_REPRESENTATION_CONTEXT() REPRESENTATION_CONTEXT('2D SPACE',''
  ) );
#7138 = ORIENTED_EDGE('',*,*,#249,.T.);
#7139 = FACE_BOUND('',#7140,.T.);
#7140 = EDGE_LOOP('',(#7141));
#7141 = ORIENTED_EDGE('',*,*,#7142,.T.);
#7142 = EDGE_CURVE('',#7143,#7143,#7145,.T.);
#7143 = VERTEX_POINT('',#7144);
#7144 = CARTESIAN_POINT('',(-35.35,-8.5,5.8));
#7145 = SURFACE_CURVE('',#7146,(#7151,#7162),.PCURVE_S1.);
#7146 = CIRCLE('',#7147,2.65);
#7147 = AXIS2_PLACEMENT_3D('',#7148,#7149,#7150);
#7148 = CARTESIAN_POINT('',(-38.,-8.5,5.8));
#7149 = DIRECTION('',(0.,-0.,-1.));
#7150 = DIRECTION('',(1.,0.,-0.));
#7151 = PCURVE('',#72,#7152);
#7152 = DEFINITIONAL_REPRESENTATION('',(#7153),#7161);
#7153 = ( BOUNDED_CURVE() B_SPLINE_CURVE(2,(#7154,#7155,#7156,#7157,
#7158,#7159,#7160),.UNSPECIFIED.,.T.,.F.) B_SPLINE_CURVE_WITH_KNOTS((1,2
    ,2,2,2,1),(-2.094395102393,0.,2.094395102393,4.188790204786,
6.28318530718,8.377580409573),.UNSPECIFIED.) CURVE() 
GEOMETRIC_REPRESENTATION_ITEM() RATIONAL_B_SPLINE_CURVE((1.,0.5,1.,0.5,
1.,0.5,1.)) REPRESENTATION_ITEM('') );
#7154 = CARTESIAN_POINT('',(-9.2,-8.499999999691));
#7155 = CARTESIAN_POINT('',(-9.2,-13.08993463974));
#7156 = CARTESIAN_POINT('',(-13.175,-10.79496731972));
#7157 = CARTESIAN_POINT('',(-17.15,-8.499999999691));
#7158 = CARTESIAN_POINT('',(-13.175,-6.205032679662));
#7159 = CARTESIAN_POINT('',(-9.2,-3.910065359634));
#7160 = CARTESIAN_POINT('',(-9.2,-8.499999999691));
#7161 = ( GEOMETRIC_REPRESENTATION_CONTEXT(2) 
PARAMETRIC_REPRESENTATION_CONTEXT() REPRESENTATION_CONTEXT('2D SPACE',''
  ) );
#7162 = PCURVE('',#565,#7163);
#7163 = DEFINITIONAL_REPRESENTATION('',(#7164),#7168);
#7164 = LINE('',#7165,#7166);
#7165 = CARTESIAN_POINT('',(-6.28318530718,-5.9));
#7166 = VECTOR('',#7167,1.);
#7167 = DIRECTION('',(1.,-0.));
#7168 = ( GEOMETRIC_REPRESENTATION_CONTEXT(2) 
PARAMETRIC_REPRESENTATION_CONTEXT() REPRESENTATION_CONTEXT('2D SPACE',''
  ) );
#7169 = FACE_BOUND('',#7170,.T.);
#7170 = EDGE_LOOP('',(#7171));
#7171 = ORIENTED_EDGE('',*,*,#7172,.F.);
#7172 = EDGE_CURVE('',#7173,#7173,#7175,.T.);
#7173 = VERTEX_POINT('',#7174);
#7174 = CARTESIAN_POINT('',(-18.45,-0.1,5.8));
#7175 = SURFACE_CURVE('',#7176,(#7181,#7188),.PCURVE_S1.);
#7176 = CIRCLE('',#7177,4.);
#7177 = AXIS2_PLACEMENT_3D('',#7178,#7179,#7180);
#7178 = CARTESIAN_POINT('',(-22.45,-0.1,5.8));
#7179 = DIRECTION('',(0.,0.,1.));
#7180 = DIRECTION('',(1.,0.,-0.));
#7181 = PCURVE('',#72,#7182);
#7182 = DEFINITIONAL_REPRESENTATION('',(#7183),#7187);
#7183 = CIRCLE('',#7184,4.);
#7184 = AXIS2_PLACEMENT_2D('',#7185,#7186);
#7185 = CARTESIAN_POINT('',(3.7,-9.999999969126E-02));
#7186 = DIRECTION('',(1.,0.));
#7187 = ( GEOMETRIC_REPRESENTATION_CONTEXT(2) 
PARAMETRIC_REPRESENTATION_CONTEXT() REPRESENTATION_CONTEXT('2D SPACE',''
  ) );
#7188 = PCURVE('',#7189,#7194);
#7189 = SPHERICAL_SURFACE('',#7190,4.);
#7190 = AXIS2_PLACEMENT_3D('',#7191,#7192,#7193);
#7191 = CARTESIAN_POINT('',(-22.45,-0.1,5.8));
#7192 = DIRECTION('',(0.,0.,1.));
#7193 = DIRECTION('',(1.,0.,-0.));
#7194 = DEFINITIONAL_REPRESENTATION('',(#7195),#7199);
#7195 = LINE('',#7196,#7197);
#7196 = CARTESIAN_POINT('',(0.,0.));
#7197 = VECTOR('',#7198,1.);
#7198 = DIRECTION('',(1.,0.));
#7199 = ( GEOMETRIC_REPRESENTATION_CONTEXT(2) 
PARAMETRIC_REPRESENTATION_CONTEXT() REPRESENTATION_CONTEXT('2D SPACE',''
  ) );
#7200 = FACE_BOUND('',#7201,.T.);
#7201 = EDGE_LOOP('',(#7202));
#7202 = ORIENTED_EDGE('',*,*,#7203,.T.);
#7203 = EDGE_CURVE('',#7204,#7204,#7206,.T.);
#7204 = VERTEX_POINT('',#7205);
#7205 = CARTESIAN_POINT('',(-35.35,8.5,5.8));
#7206 = SURFACE_CURVE('',#7207,(#7212,#7223),.PCURVE_S1.);
#7207 = CIRCLE('',#7208,2.65);
#7208 = AXIS2_PLACEMENT_3D('',#7209,#7210,#7211);
#7209 = CARTESIAN_POINT('',(-38.,8.5,5.8));
#7210 = DIRECTION('',(0.,-0.,-1.));
#7211 = DIRECTION('',(1.,0.,-0.));
#7212 = PCURVE('',#72,#7213);
#7213 = DEFINITIONAL_REPRESENTATION('',(#7214),#7222);
#7214 = ( BOUNDED_CURVE() B_SPLINE_CURVE(2,(#7215,#7216,#7217,#7218,
#7219,#7220,#7221),.UNSPECIFIED.,.T.,.F.) B_SPLINE_CURVE_WITH_KNOTS((1,2
    ,2,2,2,1),(-2.094395102393,0.,2.094395102393,4.188790204786,
6.28318530718,8.377580409573),.UNSPECIFIED.) CURVE() 
GEOMETRIC_REPRESENTATION_ITEM() RATIONAL_B_SPLINE_CURVE((1.,0.5,1.,0.5,
1.,0.5,1.)) REPRESENTATION_ITEM('') );
#7215 = CARTESIAN_POINT('',(-9.2,8.500000000309));
#7216 = CARTESIAN_POINT('',(-9.2,3.910065360251));
#7217 = CARTESIAN_POINT('',(-13.175,6.20503268028));
#7218 = CARTESIAN_POINT('',(-17.15,8.500000000309));
#7219 = CARTESIAN_POINT('',(-13.175,10.794967320338));
#7220 = CARTESIAN_POINT('',(-9.2,13.089934640366));
#7221 = CARTESIAN_POINT('',(-9.2,8.500000000309));
#7222 = ( GEOMETRIC_REPRESENTATION_CONTEXT(2) 
PARAMETRIC_REPRESENTATION_CONTEXT() REPRESENTATION_CONTEXT('2D SPACE',''
  ) );
#7223 = PCURVE('',#4638,#7224);
#7224 = DEFINITIONAL_REPRESENTATION('',(#7225),#7229);
#7225 = LINE('',#7226,#7227);
#7226 = CARTESIAN_POINT('',(-6.28318530718,-5.9));
#7227 = VECTOR('',#7228,1.);
#7228 = DIRECTION('',(1.,-0.));
#7229 = ( GEOMETRIC_REPRESENTATION_CONTEXT(2) 
PARAMETRIC_REPRESENTATION_CONTEXT() REPRESENTATION_CONTEXT('2D SPACE',''
  ) );
#7230 = FACE_BOUND('',#7231,.T.);
#7231 = EDGE_LOOP('',(#7232));
#7232 = ORIENTED_EDGE('',*,*,#7233,.T.);
#7233 = EDGE_CURVE('',#7234,#7234,#7236,.T.);
#7234 = VERTEX_POINT('',#7235);
#7235 = CARTESIAN_POINT('',(-10.725,7.55,5.8));
#7236 = SURFACE_CURVE('',#7237,(#7242,#7253),.PCURVE_S1.);
#7237 = CIRCLE('',#7238,2.025);
#7238 = AXIS2_PLACEMENT_3D('',#7239,#7240,#7241);
#7239 = CARTESIAN_POINT('',(-12.75,7.55,5.8));
#7240 = DIRECTION('',(0.,-0.,-1.));
#7241 = DIRECTION('',(1.,0.,-0.));
#7242 = PCURVE('',#72,#7243);
#7243 = DEFINITIONAL_REPRESENTATION('',(#7244),#7252);
#7244 = ( BOUNDED_CURVE() B_SPLINE_CURVE(2,(#7245,#7246,#7247,#7248,
#7249,#7250,#7251),.UNSPECIFIED.,.T.,.F.) B_SPLINE_CURVE_WITH_KNOTS((1,2
    ,2,2,2,1),(-2.094395102393,0.,2.094395102393,4.188790204786,
6.28318530718,8.377580409573),.UNSPECIFIED.) CURVE() 
GEOMETRIC_REPRESENTATION_ITEM() RATIONAL_B_SPLINE_CURVE((1.,0.5,1.,0.5,
1.,0.5,1.)) REPRESENTATION_ITEM('') );
#7245 = CARTESIAN_POINT('',(15.425,7.550000000309));
#7246 = CARTESIAN_POINT('',(15.425,4.042597114982));
#7247 = CARTESIAN_POINT('',(12.3875,5.796298557645));
#7248 = CARTESIAN_POINT('',(9.35,7.550000000309));
#7249 = CARTESIAN_POINT('',(12.3875,9.303701442972));
#7250 = CARTESIAN_POINT('',(15.425,11.057402885636));
#7251 = CARTESIAN_POINT('',(15.425,7.550000000309));
#7252 = ( GEOMETRIC_REPRESENTATION_CONTEXT(2) 
PARAMETRIC_REPRESENTATION_CONTEXT() REPRESENTATION_CONTEXT('2D SPACE',''
  ) );
#7253 = PCURVE('',#6021,#7254);
#7254 = DEFINITIONAL_REPRESENTATION('',(#7255),#7259);
#7255 = LINE('',#7256,#7257);
#7256 = CARTESIAN_POINT('',(-6.28318530718,-5.9));
#7257 = VECTOR('',#7258,1.);
#7258 = DIRECTION('',(1.,-0.));
#7259 = ( GEOMETRIC_REPRESENTATION_CONTEXT(2) 
PARAMETRIC_REPRESENTATION_CONTEXT() REPRESENTATION_CONTEXT('2D SPACE',''
  ) );
#7260 = ADVANCED_FACE('',(#7261),#182,.F.);
#7261 = FACE_BOUND('',#7262,.F.);
#7262 = EDGE_LOOP('',(#7263,#7264,#7265,#7286));
#7263 = ORIENTED_EDGE('',*,*,#166,.T.);
#7264 = ORIENTED_EDGE('',*,*,#6932,.T.);
#7265 = ORIENTED_EDGE('',*,*,#7266,.F.);
#7266 = EDGE_CURVE('',#300,#6933,#7267,.T.);
#7267 = SURFACE_CURVE('',#7268,(#7272,#7279),.PCURVE_S1.);
#7268 = LINE('',#7269,#7270);
#7269 = CARTESIAN_POINT('',(-13.3,-12.5,1.8));
#7270 = VECTOR('',#7271,1.);
#7271 = DIRECTION('',(0.,0.,1.));
#7272 = PCURVE('',#182,#7273);
#7273 = DEFINITIONAL_REPRESENTATION('',(#7274),#7278);
#7274 = LINE('',#7275,#7276);
#7275 = CARTESIAN_POINT('',(25.7,0.));
#7276 = VECTOR('',#7277,1.);
#7277 = DIRECTION('',(0.,-1.));
#7278 = ( GEOMETRIC_REPRESENTATION_CONTEXT(2) 
PARAMETRIC_REPRESENTATION_CONTEXT() REPRESENTATION_CONTEXT('2D SPACE',''
  ) );
#7279 = PCURVE('',#339,#7280);
#7280 = DEFINITIONAL_REPRESENTATION('',(#7281),#7285);
#7281 = LINE('',#7282,#7283);
#7282 = CARTESIAN_POINT('',(-4.712388980385,0.));
#7283 = VECTOR('',#7284,1.);
#7284 = DIRECTION('',(-0.,-1.));
#7285 = ( GEOMETRIC_REPRESENTATION_CONTEXT(2) 
PARAMETRIC_REPRESENTATION_CONTEXT() REPRESENTATION_CONTEXT('2D SPACE',''
  ) );
#7286 = ORIENTED_EDGE('',*,*,#299,.F.);
#7287 = ADVANCED_FACE('',(#7288),#237,.T.);
#7288 = FACE_BOUND('',#7289,.T.);
#7289 = EDGE_LOOP('',(#7290,#7291,#7292,#7293));
#7290 = ORIENTED_EDGE('',*,*,#520,.F.);
#7291 = ORIENTED_EDGE('',*,*,#219,.T.);
#7292 = ORIENTED_EDGE('',*,*,#7118,.T.);
#7293 = ORIENTED_EDGE('',*,*,#7294,.T.);
#7294 = EDGE_CURVE('',#7096,#493,#7295,.T.);
#7295 = SURFACE_CURVE('',#7296,(#7300,#7306),.PCURVE_S1.);
#7296 = LINE('',#7297,#7298);
#7297 = CARTESIAN_POINT('',(-34.15,12.5,1.8));
#7298 = VECTOR('',#7299,1.);
#7299 = DIRECTION('',(-0.,0.,-1.));
#7300 = PCURVE('',#237,#7301);
#7301 = DEFINITIONAL_REPRESENTATION('',(#7302),#7305);
#7302 = B_SPLINE_CURVE_WITH_KNOTS('',1,(#7303,#7304),.UNSPECIFIED.,.F.,
  .F.,(2,2),(-4.,-2.22044604925E-16),.PIECEWISE_BEZIER_KNOTS.);
#7303 = CARTESIAN_POINT('',(4.85,-4.));
#7304 = CARTESIAN_POINT('',(4.85,0.));
#7305 = ( GEOMETRIC_REPRESENTATION_CONTEXT(2) 
PARAMETRIC_REPRESENTATION_CONTEXT() REPRESENTATION_CONTEXT('2D SPACE',''
  ) );
#7306 = PCURVE('',#508,#7307);
#7307 = DEFINITIONAL_REPRESENTATION('',(#7308),#7311);
#7308 = B_SPLINE_CURVE_WITH_KNOTS('',1,(#7309,#7310),.UNSPECIFIED.,.F.,
  .F.,(2,2),(-4.,-2.22044604925E-16),.PIECEWISE_BEZIER_KNOTS.);
#7309 = CARTESIAN_POINT('',(4.,-2.));
#7310 = CARTESIAN_POINT('',(2.22044604925E-16,-2.));
#7311 = ( GEOMETRIC_REPRESENTATION_CONTEXT(2) 
PARAMETRIC_REPRESENTATION_CONTEXT() REPRESENTATION_CONTEXT('2D SPACE',''
  ) );
#7312 = ADVANCED_FACE('',(#7313),#339,.T.);
#7313 = FACE_BOUND('',#7314,.F.);
#7314 = EDGE_LOOP('',(#7315,#7316,#7317,#7338));
#7315 = ORIENTED_EDGE('',*,*,#7266,.T.);
#7316 = ORIENTED_EDGE('',*,*,#6955,.T.);
#7317 = ORIENTED_EDGE('',*,*,#7318,.F.);
#7318 = EDGE_CURVE('',#323,#6956,#7319,.T.);
#7319 = SURFACE_CURVE('',#7320,(#7324,#7331),.PCURVE_S1.);
#7320 = LINE('',#7321,#7322);
#7321 = CARTESIAN_POINT('',(-10.3,-9.5,1.8));
#7322 = VECTOR('',#7323,1.);
#7323 = DIRECTION('',(0.,0.,1.));
#7324 = PCURVE('',#339,#7325);
#7325 = DEFINITIONAL_REPRESENTATION('',(#7326),#7330);
#7326 = LINE('',#7327,#7328);
#7327 = CARTESIAN_POINT('',(-6.28318530718,0.));
#7328 = VECTOR('',#7329,1.);
#7329 = DIRECTION('',(-0.,-1.));
#7330 = ( GEOMETRIC_REPRESENTATION_CONTEXT(2) 
PARAMETRIC_REPRESENTATION_CONTEXT() REPRESENTATION_CONTEXT('2D SPACE',''
  ) );
#7331 = PCURVE('',#367,#7332);
#7332 = DEFINITIONAL_REPRESENTATION('',(#7333),#7337);
#7333 = LINE('',#7334,#7335);
#7334 = CARTESIAN_POINT('',(0.,0.));
#7335 = VECTOR('',#7336,1.);
#7336 = DIRECTION('',(0.,-1.));
#7337 = ( GEOMETRIC_REPRESENTATION_CONTEXT(2) 
PARAMETRIC_REPRESENTATION_CONTEXT() REPRESENTATION_CONTEXT('2D SPACE',''
  ) );
#7338 = ORIENTED_EDGE('',*,*,#322,.F.);
#7339 = ADVANCED_FACE('',(#7340),#508,.F.);
#7340 = FACE_BOUND('',#7341,.F.);
#7341 = EDGE_LOOP('',(#7342,#7343,#7344,#7345));
#7342 = ORIENTED_EDGE('',*,*,#7095,.F.);
#7343 = ORIENTED_EDGE('',*,*,#7294,.T.);
#7344 = ORIENTED_EDGE('',*,*,#492,.T.);
#7345 = ORIENTED_EDGE('',*,*,#7346,.T.);
#7346 = EDGE_CURVE('',#465,#7073,#7347,.T.);
#7347 = SURFACE_CURVE('',#7348,(#7352,#7359),.PCURVE_S1.);
#7348 = LINE('',#7349,#7350);
#7349 = CARTESIAN_POINT('',(-34.15,21.5,1.8));
#7350 = VECTOR('',#7351,1.);
#7351 = DIRECTION('',(0.,0.,1.));
#7352 = PCURVE('',#508,#7353);
#7353 = DEFINITIONAL_REPRESENTATION('',(#7354),#7358);
#7354 = LINE('',#7355,#7356);
#7355 = CARTESIAN_POINT('',(0.,-11.));
#7356 = VECTOR('',#7357,1.);
#7357 = DIRECTION('',(1.,0.));
#7358 = ( GEOMETRIC_REPRESENTATION_CONTEXT(2) 
PARAMETRIC_REPRESENTATION_CONTEXT() REPRESENTATION_CONTEXT('2D SPACE',''
  ) );
#7359 = PCURVE('',#480,#7360);
#7360 = DEFINITIONAL_REPRESENTATION('',(#7361),#7365);
#7361 = LINE('',#7362,#7363);
#7362 = CARTESIAN_POINT('',(0.,0.));
#7363 = VECTOR('',#7364,1.);
#7364 = DIRECTION('',(1.,0.));
#7365 = ( GEOMETRIC_REPRESENTATION_CONTEXT(2) 
PARAMETRIC_REPRESENTATION_CONTEXT() REPRESENTATION_CONTEXT('2D SPACE',''
  ) );
#7366 = ADVANCED_FACE('',(#7367),#367,.F.);
#7367 = FACE_BOUND('',#7368,.F.);
#7368 = EDGE_LOOP('',(#7369,#7370,#7371,#7392));
#7369 = ORIENTED_EDGE('',*,*,#7318,.T.);
#7370 = ORIENTED_EDGE('',*,*,#6979,.T.);
#7371 = ORIENTED_EDGE('',*,*,#7372,.F.);
#7372 = EDGE_CURVE('',#352,#6980,#7373,.T.);
#7373 = SURFACE_CURVE('',#7374,(#7378,#7385),.PCURVE_S1.);
#7374 = LINE('',#7375,#7376);
#7375 = CARTESIAN_POINT('',(-10.3,9.499999998822,1.8));
#7376 = VECTOR('',#7377,1.);
#7377 = DIRECTION('',(0.,0.,1.));
#7378 = PCURVE('',#367,#7379);
#7379 = DEFINITIONAL_REPRESENTATION('',(#7380),#7384);
#7380 = LINE('',#7381,#7382);
#7381 = CARTESIAN_POINT('',(18.999999998822,0.));
#7382 = VECTOR('',#7383,1.);
#7383 = DIRECTION('',(0.,-1.));
#7384 = ( GEOMETRIC_REPRESENTATION_CONTEXT(2) 
PARAMETRIC_REPRESENTATION_CONTEXT() REPRESENTATION_CONTEXT('2D SPACE',''
  ) );
#7385 = PCURVE('',#396,#7386);
#7386 = DEFINITIONAL_REPRESENTATION('',(#7387),#7391);
#7387 = LINE('',#7388,#7389);
#7388 = CARTESIAN_POINT('',(-0.,0.));
#7389 = VECTOR('',#7390,1.);
#7390 = DIRECTION('',(-0.,-1.));
#7391 = ( GEOMETRIC_REPRESENTATION_CONTEXT(2) 
PARAMETRIC_REPRESENTATION_CONTEXT() REPRESENTATION_CONTEXT('2D SPACE',''
  ) );
#7392 = ORIENTED_EDGE('',*,*,#351,.F.);
#7393 = ADVANCED_FACE('',(#7394),#480,.T.);
#7394 = FACE_BOUND('',#7395,.T.);
#7395 = EDGE_LOOP('',(#7396,#7397,#7398,#7399));
#7396 = ORIENTED_EDGE('',*,*,#464,.F.);
#7397 = ORIENTED_EDGE('',*,*,#7346,.T.);
#7398 = ORIENTED_EDGE('',*,*,#7072,.T.);
#7399 = ORIENTED_EDGE('',*,*,#7400,.F.);
#7400 = EDGE_CURVE('',#437,#7050,#7401,.T.);
#7401 = SURFACE_CURVE('',#7402,(#7406,#7413),.PCURVE_S1.);
#7402 = LINE('',#7403,#7404);
#7403 = CARTESIAN_POINT('',(-18.15,21.5,1.8));
#7404 = VECTOR('',#7405,1.);
#7405 = DIRECTION('',(0.,0.,1.));
#7406 = PCURVE('',#480,#7407);
#7407 = DEFINITIONAL_REPRESENTATION('',(#7408),#7412);
#7408 = LINE('',#7409,#7410);
#7409 = CARTESIAN_POINT('',(0.,16.));
#7410 = VECTOR('',#7411,1.);
#7411 = DIRECTION('',(1.,0.));
#7412 = ( GEOMETRIC_REPRESENTATION_CONTEXT(2) 
PARAMETRIC_REPRESENTATION_CONTEXT() REPRESENTATION_CONTEXT('2D SPACE',''
  ) );
#7413 = PCURVE('',#452,#7414);
#7414 = DEFINITIONAL_REPRESENTATION('',(#7415),#7419);
#7415 = LINE('',#7416,#7417);
#7416 = CARTESIAN_POINT('',(0.,-11.));
#7417 = VECTOR('',#7418,1.);
#7418 = DIRECTION('',(1.,0.));
#7419 = ( GEOMETRIC_REPRESENTATION_CONTEXT(2) 
PARAMETRIC_REPRESENTATION_CONTEXT() REPRESENTATION_CONTEXT('2D SPACE',''
  ) );
#7420 = ADVANCED_FACE('',(#7421),#396,.T.);
#7421 = FACE_BOUND('',#7422,.F.);
#7422 = EDGE_LOOP('',(#7423,#7424,#7425,#7446));
#7423 = ORIENTED_EDGE('',*,*,#7372,.T.);
#7424 = ORIENTED_EDGE('',*,*,#7002,.T.);
#7425 = ORIENTED_EDGE('',*,*,#7426,.F.);
#7426 = EDGE_CURVE('',#380,#7003,#7427,.T.);
#7427 = SURFACE_CURVE('',#7428,(#7432,#7439),.PCURVE_S1.);
#7428 = LINE('',#7429,#7430);
#7429 = CARTESIAN_POINT('',(-13.3,12.499999999411,1.8));
#7430 = VECTOR('',#7431,1.);
#7431 = DIRECTION('',(0.,0.,1.));
#7432 = PCURVE('',#396,#7433);
#7433 = DEFINITIONAL_REPRESENTATION('',(#7434),#7438);
#7434 = LINE('',#7435,#7436);
#7435 = CARTESIAN_POINT('',(-1.570796326795,0.));
#7436 = VECTOR('',#7437,1.);
#7437 = DIRECTION('',(-0.,-1.));
#7438 = ( GEOMETRIC_REPRESENTATION_CONTEXT(2) 
PARAMETRIC_REPRESENTATION_CONTEXT() REPRESENTATION_CONTEXT('2D SPACE',''
  ) );
#7439 = PCURVE('',#424,#7440);
#7440 = DEFINITIONAL_REPRESENTATION('',(#7441),#7445);
#7441 = LINE('',#7442,#7443);
#7442 = CARTESIAN_POINT('',(25.7,0.));
#7443 = VECTOR('',#7444,1.);
#7444 = DIRECTION('',(0.,-1.));
#7445 = ( GEOMETRIC_REPRESENTATION_CONTEXT(2) 
PARAMETRIC_REPRESENTATION_CONTEXT() REPRESENTATION_CONTEXT('2D SPACE',''
  ) );
#7446 = ORIENTED_EDGE('',*,*,#379,.F.);
#7447 = ADVANCED_FACE('',(#7448),#452,.T.);
#7448 = FACE_BOUND('',#7449,.T.);
#7449 = EDGE_LOOP('',(#7450,#7451,#7470,#7471));
#7450 = ORIENTED_EDGE('',*,*,#7049,.F.);
#7451 = ORIENTED_EDGE('',*,*,#7452,.T.);
#7452 = EDGE_CURVE('',#7027,#409,#7453,.T.);
#7453 = SURFACE_CURVE('',#7454,(#7458,#7464),.PCURVE_S1.);
#7454 = LINE('',#7455,#7456);
#7455 = CARTESIAN_POINT('',(-18.15,12.5,1.8));
#7456 = VECTOR('',#7457,1.);
#7457 = DIRECTION('',(-0.,0.,-1.));
#7458 = PCURVE('',#452,#7459);
#7459 = DEFINITIONAL_REPRESENTATION('',(#7460),#7463);
#7460 = B_SPLINE_CURVE_WITH_KNOTS('',1,(#7461,#7462),.UNSPECIFIED.,.F.,
  .F.,(2,2),(-4.,-2.22044604925E-16),.PIECEWISE_BEZIER_KNOTS.);
#7461 = CARTESIAN_POINT('',(4.,-2.));
#7462 = CARTESIAN_POINT('',(2.22044604925E-16,-2.));
#7463 = ( GEOMETRIC_REPRESENTATION_CONTEXT(2) 
PARAMETRIC_REPRESENTATION_CONTEXT() REPRESENTATION_CONTEXT('2D SPACE',''
  ) );
#7464 = PCURVE('',#424,#7465);
#7465 = DEFINITIONAL_REPRESENTATION('',(#7466),#7469);
#7466 = B_SPLINE_CURVE_WITH_KNOTS('',1,(#7467,#7468),.UNSPECIFIED.,.F.,
  .F.,(2,2),(-4.,-2.22044604925E-16),.PIECEWISE_BEZIER_KNOTS.);
#7467 = CARTESIAN_POINT('',(20.85,-4.));
#7468 = CARTESIAN_POINT('',(20.85,0.));
#7469 = ( GEOMETRIC_REPRESENTATION_CONTEXT(2) 
PARAMETRIC_REPRESENTATION_CONTEXT() REPRESENTATION_CONTEXT('2D SPACE',''
  ) );
#7470 = ORIENTED_EDGE('',*,*,#436,.T.);
#7471 = ORIENTED_EDGE('',*,*,#7400,.T.);
#7472 = ADVANCED_FACE('',(#7473),#424,.T.);
#7473 = FACE_BOUND('',#7474,.T.);
#7474 = EDGE_LOOP('',(#7475,#7476,#7477,#7478));
#7475 = ORIENTED_EDGE('',*,*,#408,.F.);
#7476 = ORIENTED_EDGE('',*,*,#7452,.F.);
#7477 = ORIENTED_EDGE('',*,*,#7026,.T.);
#7478 = ORIENTED_EDGE('',*,*,#7426,.F.);
#7479 = ADVANCED_FACE('',(#7480),#565,.F.);
#7480 = FACE_BOUND('',#7481,.T.);
#7481 = EDGE_LOOP('',(#7482,#7483,#7504,#7505));
#7482 = ORIENTED_EDGE('',*,*,#544,.T.);
#7483 = ORIENTED_EDGE('',*,*,#7484,.T.);
#7484 = EDGE_CURVE('',#545,#7143,#7485,.T.);
#7485 = SEAM_CURVE('',#7486,(#7490,#7497),.PCURVE_S1.);
#7486 = LINE('',#7487,#7488);
#7487 = CARTESIAN_POINT('',(-35.35,-8.5,-0.1));
#7488 = VECTOR('',#7489,1.);
#7489 = DIRECTION('',(0.,0.,1.));
#7490 = PCURVE('',#565,#7491);
#7491 = DEFINITIONAL_REPRESENTATION('',(#7492),#7496);
#7492 = LINE('',#7493,#7494);
#7493 = CARTESIAN_POINT('',(-6.28318530718,0.));
#7494 = VECTOR('',#7495,1.);
#7495 = DIRECTION('',(-0.,-1.));
#7496 = ( GEOMETRIC_REPRESENTATION_CONTEXT(2) 
PARAMETRIC_REPRESENTATION_CONTEXT() REPRESENTATION_CONTEXT('2D SPACE',''
  ) );
#7497 = PCURVE('',#565,#7498);
#7498 = DEFINITIONAL_REPRESENTATION('',(#7499),#7503);
#7499 = LINE('',#7500,#7501);
#7500 = CARTESIAN_POINT('',(-0.,0.));
#7501 = VECTOR('',#7502,1.);
#7502 = DIRECTION('',(-0.,-1.));
#7503 = ( GEOMETRIC_REPRESENTATION_CONTEXT(2) 
PARAMETRIC_REPRESENTATION_CONTEXT() REPRESENTATION_CONTEXT('2D SPACE',''
  ) );
#7504 = ORIENTED_EDGE('',*,*,#7142,.F.);
#7505 = ORIENTED_EDGE('',*,*,#7484,.F.);
#7506 = ADVANCED_FACE('',(#7507),#597,.T.);
#7507 = FACE_BOUND('',#7508,.T.);
#7508 = EDGE_LOOP('',(#7509,#7532,#7533,#7556));
#7509 = ORIENTED_EDGE('',*,*,#7510,.T.);
#7510 = EDGE_CURVE('',#7511,#580,#7513,.T.);
#7511 = VERTEX_POINT('',#7512);
#7512 = CARTESIAN_POINT('',(-26.7136882218,-6.258841907552,0.));
#7513 = SURFACE_CURVE('',#7514,(#7518,#7525),.PCURVE_S1.);
#7514 = LINE('',#7515,#7516);
#7515 = CARTESIAN_POINT('',(-26.7136882218,-6.258841907552,0.));
#7516 = VECTOR('',#7517,1.);
#7517 = DIRECTION('',(-0.,-0.,1.));
#7518 = PCURVE('',#597,#7519);
#7519 = DEFINITIONAL_REPRESENTATION('',(#7520),#7524);
#7520 = LINE('',#7521,#7522);
#7521 = CARTESIAN_POINT('',(0.,0.));
#7522 = VECTOR('',#7523,1.);
#7523 = DIRECTION('',(0.,-1.));
#7524 = ( GEOMETRIC_REPRESENTATION_CONTEXT(2) 
PARAMETRIC_REPRESENTATION_CONTEXT() REPRESENTATION_CONTEXT('2D SPACE',''
  ) );
#7525 = PCURVE('',#1911,#7526);
#7526 = DEFINITIONAL_REPRESENTATION('',(#7527),#7531);
#7527 = LINE('',#7528,#7529);
#7528 = CARTESIAN_POINT('',(0.209290013536,0.));
#7529 = VECTOR('',#7530,1.);
#7530 = DIRECTION('',(0.,-1.));
#7531 = ( GEOMETRIC_REPRESENTATION_CONTEXT(2) 
PARAMETRIC_REPRESENTATION_CONTEXT() REPRESENTATION_CONTEXT('2D SPACE',''
  ) );
#7532 = ORIENTED_EDGE('',*,*,#579,.T.);
#7533 = ORIENTED_EDGE('',*,*,#7534,.F.);
#7534 = EDGE_CURVE('',#7535,#582,#7537,.T.);
#7535 = VERTEX_POINT('',#7536);
#7536 = CARTESIAN_POINT('',(-26.75451867793,-6.464110472164,0.));
#7537 = SURFACE_CURVE('',#7538,(#7542,#7549),.PCURVE_S1.);
#7538 = LINE('',#7539,#7540);
#7539 = CARTESIAN_POINT('',(-26.75451867793,-6.464110472164,0.));
#7540 = VECTOR('',#7541,1.);
#7541 = DIRECTION('',(-0.,-0.,1.));
#7542 = PCURVE('',#597,#7543);
#7543 = DEFINITIONAL_REPRESENTATION('',(#7544),#7548);
#7544 = LINE('',#7545,#7546);
#7545 = CARTESIAN_POINT('',(0.209290013536,0.));
#7546 = VECTOR('',#7547,1.);
#7547 = DIRECTION('',(0.,-1.));
#7548 = ( GEOMETRIC_REPRESENTATION_CONTEXT(2) 
PARAMETRIC_REPRESENTATION_CONTEXT() REPRESENTATION_CONTEXT('2D SPACE',''
  ) );
#7549 = PCURVE('',#625,#7550);
#7550 = DEFINITIONAL_REPRESENTATION('',(#7551),#7555);
#7551 = LINE('',#7552,#7553);
#7552 = CARTESIAN_POINT('',(0.,0.));
#7553 = VECTOR('',#7554,1.);
#7554 = DIRECTION('',(0.,-1.));
#7555 = ( GEOMETRIC_REPRESENTATION_CONTEXT(2) 
PARAMETRIC_REPRESENTATION_CONTEXT() REPRESENTATION_CONTEXT('2D SPACE',''
  ) );
#7556 = ORIENTED_EDGE('',*,*,#7557,.F.);
#7557 = EDGE_CURVE('',#7511,#7535,#7558,.T.);
#7558 = SURFACE_CURVE('',#7559,(#7563,#7570),.PCURVE_S1.);
#7559 = LINE('',#7560,#7561);
#7560 = CARTESIAN_POINT('',(-26.7136882218,-6.258841907552,0.));
#7561 = VECTOR('',#7562,1.);
#7562 = DIRECTION('',(-0.195090322016,-0.980785280403,0.));
#7563 = PCURVE('',#597,#7564);
#7564 = DEFINITIONAL_REPRESENTATION('',(#7565),#7569);
#7565 = LINE('',#7566,#7567);
#7566 = CARTESIAN_POINT('',(0.,0.));
#7567 = VECTOR('',#7568,1.);
#7568 = DIRECTION('',(1.,0.));
#7569 = ( GEOMETRIC_REPRESENTATION_CONTEXT(2) 
PARAMETRIC_REPRESENTATION_CONTEXT() REPRESENTATION_CONTEXT('2D SPACE',''
  ) );
#7570 = PCURVE('',#7571,#7576);
#7571 = PLANE('',#7572);
#7572 = AXIS2_PLACEMENT_3D('',#7573,#7574,#7575);
#7573 = CARTESIAN_POINT('',(-28.3,-6.05,0.));
#7574 = DIRECTION('',(0.,-0.,-1.));
#7575 = DIRECTION('',(-1.,0.,0.));
#7576 = DEFINITIONAL_REPRESENTATION('',(#7577),#7581);
#7577 = LINE('',#7578,#7579);
#7578 = CARTESIAN_POINT('',(-1.586311778198,-0.208841907552));
#7579 = VECTOR('',#7580,1.);
#7580 = DIRECTION('',(0.195090322016,-0.980785280403));
#7581 = ( GEOMETRIC_REPRESENTATION_CONTEXT(2) 
PARAMETRIC_REPRESENTATION_CONTEXT() REPRESENTATION_CONTEXT('2D SPACE',''
  ) );
#7582 = ADVANCED_FACE('',(#7583),#1911,.T.);
#7583 = FACE_BOUND('',#7584,.T.);
#7584 = EDGE_LOOP('',(#7585,#7608,#7609,#7610));
#7585 = ORIENTED_EDGE('',*,*,#7586,.T.);
#7586 = EDGE_CURVE('',#7587,#1870,#7589,.T.);
#7587 = VERTEX_POINT('',#7588);
#7588 = CARTESIAN_POINT('',(-26.7,-6.05,0.));
#7589 = SURFACE_CURVE('',#7590,(#7594,#7601),.PCURVE_S1.);
#7590 = LINE('',#7591,#7592);
#7591 = CARTESIAN_POINT('',(-26.7,-6.05,0.));
#7592 = VECTOR('',#7593,1.);
#7593 = DIRECTION('',(-0.,-0.,1.));
#7594 = PCURVE('',#1911,#7595);
#7595 = DEFINITIONAL_REPRESENTATION('',(#7596),#7600);
#7596 = LINE('',#7597,#7598);
#7597 = CARTESIAN_POINT('',(0.,0.));
#7598 = VECTOR('',#7599,1.);
#7599 = DIRECTION('',(0.,-1.));
#7600 = ( GEOMETRIC_REPRESENTATION_CONTEXT(2) 
PARAMETRIC_REPRESENTATION_CONTEXT() REPRESENTATION_CONTEXT('2D SPACE',''
  ) );
#7601 = PCURVE('',#1885,#7602);
#7602 = DEFINITIONAL_REPRESENTATION('',(#7603),#7607);
#7603 = LINE('',#7604,#7605);
#7604 = CARTESIAN_POINT('',(0.209290013536,0.));
#7605 = VECTOR('',#7606,1.);
#7606 = DIRECTION('',(0.,-1.));
#7607 = ( GEOMETRIC_REPRESENTATION_CONTEXT(2) 
PARAMETRIC_REPRESENTATION_CONTEXT() REPRESENTATION_CONTEXT('2D SPACE',''
  ) );
#7608 = ORIENTED_EDGE('',*,*,#1897,.T.);
#7609 = ORIENTED_EDGE('',*,*,#7510,.F.);
#7610 = ORIENTED_EDGE('',*,*,#7611,.F.);
#7611 = EDGE_CURVE('',#7587,#7511,#7612,.T.);
#7612 = SURFACE_CURVE('',#7613,(#7617,#7624),.PCURVE_S1.);
#7613 = LINE('',#7614,#7615);
#7614 = CARTESIAN_POINT('',(-26.7,-6.05,0.));
#7615 = VECTOR('',#7616,1.);
#7616 = DIRECTION('',(-6.540312923014E-02,-0.997858923239,0.));
#7617 = PCURVE('',#1911,#7618);
#7618 = DEFINITIONAL_REPRESENTATION('',(#7619),#7623);
#7619 = LINE('',#7620,#7621);
#7620 = CARTESIAN_POINT('',(0.,0.));
#7621 = VECTOR('',#7622,1.);
#7622 = DIRECTION('',(1.,0.));
#7623 = ( GEOMETRIC_REPRESENTATION_CONTEXT(2) 
PARAMETRIC_REPRESENTATION_CONTEXT() REPRESENTATION_CONTEXT('2D SPACE',''
  ) );
#7624 = PCURVE('',#7571,#7625);
#7625 = DEFINITIONAL_REPRESENTATION('',(#7626),#7630);
#7626 = LINE('',#7627,#7628);
#7627 = CARTESIAN_POINT('',(-1.6,-4.440892098501E-15));
#7628 = VECTOR('',#7629,1.);
#7629 = DIRECTION('',(6.540312923014E-02,-0.997858923239));
#7630 = ( GEOMETRIC_REPRESENTATION_CONTEXT(2) 
PARAMETRIC_REPRESENTATION_CONTEXT() REPRESENTATION_CONTEXT('2D SPACE',''
  ) );
#7631 = ADVANCED_FACE('',(#7632),#625,.T.);
#7632 = FACE_BOUND('',#7633,.T.);
#7633 = EDGE_LOOP('',(#7634,#7635,#7636,#7659));
#7634 = ORIENTED_EDGE('',*,*,#7534,.T.);
#7635 = ORIENTED_EDGE('',*,*,#609,.T.);
#7636 = ORIENTED_EDGE('',*,*,#7637,.F.);
#7637 = EDGE_CURVE('',#7638,#610,#7640,.T.);
#7638 = VERTEX_POINT('',#7639);
#7639 = CARTESIAN_POINT('',(-26.82179274798,-6.662293491784,0.));
#7640 = SURFACE_CURVE('',#7641,(#7645,#7652),.PCURVE_S1.);
#7641 = LINE('',#7642,#7643);
#7642 = CARTESIAN_POINT('',(-26.82179274798,-6.662293491784,0.));
#7643 = VECTOR('',#7644,1.);
#7644 = DIRECTION('',(-0.,-0.,1.));
#7645 = PCURVE('',#625,#7646);
#7646 = DEFINITIONAL_REPRESENTATION('',(#7647),#7651);
#7647 = LINE('',#7648,#7649);
#7648 = CARTESIAN_POINT('',(0.209290013536,0.));
#7649 = VECTOR('',#7650,1.);
#7650 = DIRECTION('',(0.,-1.));
#7651 = ( GEOMETRIC_REPRESENTATION_CONTEXT(2) 
PARAMETRIC_REPRESENTATION_CONTEXT() REPRESENTATION_CONTEXT('2D SPACE',''
  ) );
#7652 = PCURVE('',#653,#7653);
#7653 = DEFINITIONAL_REPRESENTATION('',(#7654),#7658);
#7654 = LINE('',#7655,#7656);
#7655 = CARTESIAN_POINT('',(0.,0.));
#7656 = VECTOR('',#7657,1.);
#7657 = DIRECTION('',(0.,-1.));
#7658 = ( GEOMETRIC_REPRESENTATION_CONTEXT(2) 
PARAMETRIC_REPRESENTATION_CONTEXT() REPRESENTATION_CONTEXT('2D SPACE',''
  ) );
#7659 = ORIENTED_EDGE('',*,*,#7660,.F.);
#7660 = EDGE_CURVE('',#7535,#7638,#7661,.T.);
#7661 = SURFACE_CURVE('',#7662,(#7666,#7673),.PCURVE_S1.);
#7662 = LINE('',#7663,#7664);
#7663 = CARTESIAN_POINT('',(-26.75451867793,-6.464110472164,0.));
#7664 = VECTOR('',#7665,1.);
#7665 = DIRECTION('',(-0.321439465303,-0.946930129495,0.));
#7666 = PCURVE('',#625,#7667);
#7667 = DEFINITIONAL_REPRESENTATION('',(#7668),#7672);
#7668 = LINE('',#7669,#7670);
#7669 = CARTESIAN_POINT('',(0.,0.));
#7670 = VECTOR('',#7671,1.);
#7671 = DIRECTION('',(1.,0.));
#7672 = ( GEOMETRIC_REPRESENTATION_CONTEXT(2) 
PARAMETRIC_REPRESENTATION_CONTEXT() REPRESENTATION_CONTEXT('2D SPACE',''
  ) );
#7673 = PCURVE('',#7571,#7674);
#7674 = DEFINITIONAL_REPRESENTATION('',(#7675),#7679);
#7675 = LINE('',#7676,#7677);
#7676 = CARTESIAN_POINT('',(-1.545481322062,-0.414110472164));
#7677 = VECTOR('',#7678,1.);
#7678 = DIRECTION('',(0.321439465303,-0.946930129495));
#7679 = ( GEOMETRIC_REPRESENTATION_CONTEXT(2) 
PARAMETRIC_REPRESENTATION_CONTEXT() REPRESENTATION_CONTEXT('2D SPACE',''
  ) );
#7680 = ADVANCED_FACE('',(#7681),#1885,.T.);
#7681 = FACE_BOUND('',#7682,.T.);
#7682 = EDGE_LOOP('',(#7683,#7706,#7707,#7708));
#7683 = ORIENTED_EDGE('',*,*,#7684,.T.);
#7684 = EDGE_CURVE('',#7685,#1842,#7687,.T.);
#7685 = VERTEX_POINT('',#7686);
#7686 = CARTESIAN_POINT('',(-26.7136882218,-5.841158092448,0.));
#7687 = SURFACE_CURVE('',#7688,(#7692,#7699),.PCURVE_S1.);
#7688 = LINE('',#7689,#7690);
#7689 = CARTESIAN_POINT('',(-26.7136882218,-5.841158092448,0.));
#7690 = VECTOR('',#7691,1.);
#7691 = DIRECTION('',(-0.,-0.,1.));
#7692 = PCURVE('',#1885,#7693);
#7693 = DEFINITIONAL_REPRESENTATION('',(#7694),#7698);
#7694 = LINE('',#7695,#7696);
#7695 = CARTESIAN_POINT('',(0.,0.));
#7696 = VECTOR('',#7697,1.);
#7697 = DIRECTION('',(0.,-1.));
#7698 = ( GEOMETRIC_REPRESENTATION_CONTEXT(2) 
PARAMETRIC_REPRESENTATION_CONTEXT() REPRESENTATION_CONTEXT('2D SPACE',''
  ) );
#7699 = PCURVE('',#1857,#7700);
#7700 = DEFINITIONAL_REPRESENTATION('',(#7701),#7705);
#7701 = LINE('',#7702,#7703);
#7702 = CARTESIAN_POINT('',(0.209290013536,0.));
#7703 = VECTOR('',#7704,1.);
#7704 = DIRECTION('',(0.,-1.));
#7705 = ( GEOMETRIC_REPRESENTATION_CONTEXT(2) 
PARAMETRIC_REPRESENTATION_CONTEXT() REPRESENTATION_CONTEXT('2D SPACE',''
  ) );
#7706 = ORIENTED_EDGE('',*,*,#1869,.T.);
#7707 = ORIENTED_EDGE('',*,*,#7586,.F.);
#7708 = ORIENTED_EDGE('',*,*,#7709,.F.);
#7709 = EDGE_CURVE('',#7685,#7587,#7710,.T.);
#7710 = SURFACE_CURVE('',#7711,(#7715,#7722),.PCURVE_S1.);
#7711 = LINE('',#7712,#7713);
#7712 = CARTESIAN_POINT('',(-26.7136882218,-5.841158092448,0.));
#7713 = VECTOR('',#7714,1.);
#7714 = DIRECTION('',(6.540312923014E-02,-0.997858923239,0.));
#7715 = PCURVE('',#1885,#7716);
#7716 = DEFINITIONAL_REPRESENTATION('',(#7717),#7721);
#7717 = LINE('',#7718,#7719);
#7718 = CARTESIAN_POINT('',(0.,0.));
#7719 = VECTOR('',#7720,1.);
#7720 = DIRECTION('',(1.,0.));
#7721 = ( GEOMETRIC_REPRESENTATION_CONTEXT(2) 
PARAMETRIC_REPRESENTATION_CONTEXT() REPRESENTATION_CONTEXT('2D SPACE',''
  ) );
#7722 = PCURVE('',#7571,#7723);
#7723 = DEFINITIONAL_REPRESENTATION('',(#7724),#7728);
#7724 = LINE('',#7725,#7726);
#7725 = CARTESIAN_POINT('',(-1.586311778198,0.208841907552));
#7726 = VECTOR('',#7727,1.);
#7727 = DIRECTION('',(-6.540312923014E-02,-0.997858923239));
#7728 = ( GEOMETRIC_REPRESENTATION_CONTEXT(2) 
PARAMETRIC_REPRESENTATION_CONTEXT() REPRESENTATION_CONTEXT('2D SPACE',''
  ) );
#7729 = ADVANCED_FACE('',(#7730),#653,.T.);
#7730 = FACE_BOUND('',#7731,.T.);
#7731 = EDGE_LOOP('',(#7732,#7733,#7734,#7757));
#7732 = ORIENTED_EDGE('',*,*,#7637,.T.);
#7733 = ORIENTED_EDGE('',*,*,#637,.T.);
#7734 = ORIENTED_EDGE('',*,*,#7735,.F.);
#7735 = EDGE_CURVE('',#7736,#638,#7738,.T.);
#7736 = VERTEX_POINT('',#7737);
#7737 = CARTESIAN_POINT('',(-26.91435935394,-6.85,0.));
#7738 = SURFACE_CURVE('',#7739,(#7743,#7750),.PCURVE_S1.);
#7739 = LINE('',#7740,#7741);
#7740 = CARTESIAN_POINT('',(-26.91435935394,-6.85,0.));
#7741 = VECTOR('',#7742,1.);
#7742 = DIRECTION('',(-0.,-0.,1.));
#7743 = PCURVE('',#653,#7744);
#7744 = DEFINITIONAL_REPRESENTATION('',(#7745),#7749);
#7745 = LINE('',#7746,#7747);
#7746 = CARTESIAN_POINT('',(0.209290013536,0.));
#7747 = VECTOR('',#7748,1.);
#7748 = DIRECTION('',(0.,-1.));
#7749 = ( GEOMETRIC_REPRESENTATION_CONTEXT(2) 
PARAMETRIC_REPRESENTATION_CONTEXT() REPRESENTATION_CONTEXT('2D SPACE',''
  ) );
#7750 = PCURVE('',#681,#7751);
#7751 = DEFINITIONAL_REPRESENTATION('',(#7752),#7756);
#7752 = LINE('',#7753,#7754);
#7753 = CARTESIAN_POINT('',(0.,0.));
#7754 = VECTOR('',#7755,1.);
#7755 = DIRECTION('',(0.,-1.));
#7756 = ( GEOMETRIC_REPRESENTATION_CONTEXT(2) 
PARAMETRIC_REPRESENTATION_CONTEXT() REPRESENTATION_CONTEXT('2D SPACE',''
  ) );
#7757 = ORIENTED_EDGE('',*,*,#7758,.F.);
#7758 = EDGE_CURVE('',#7638,#7736,#7759,.T.);
#7759 = SURFACE_CURVE('',#7760,(#7764,#7771),.PCURVE_S1.);
#7760 = LINE('',#7761,#7762);
#7761 = CARTESIAN_POINT('',(-26.82179274798,-6.662293491784,0.));
#7762 = VECTOR('',#7763,1.);
#7763 = DIRECTION('',(-0.442288690219,-0.896872741533,0.));
#7764 = PCURVE('',#653,#7765);
#7765 = DEFINITIONAL_REPRESENTATION('',(#7766),#7770);
#7766 = LINE('',#7767,#7768);
#7767 = CARTESIAN_POINT('',(0.,0.));
#7768 = VECTOR('',#7769,1.);
#7769 = DIRECTION('',(1.,0.));
#7770 = ( GEOMETRIC_REPRESENTATION_CONTEXT(2) 
PARAMETRIC_REPRESENTATION_CONTEXT() REPRESENTATION_CONTEXT('2D SPACE',''
  ) );
#7771 = PCURVE('',#7571,#7772);
#7772 = DEFINITIONAL_REPRESENTATION('',(#7773),#7777);
#7773 = LINE('',#7774,#7775);
#7774 = CARTESIAN_POINT('',(-1.478207252018,-0.612293491784));
#7775 = VECTOR('',#7776,1.);
#7776 = DIRECTION('',(0.442288690219,-0.896872741533));
#7777 = ( GEOMETRIC_REPRESENTATION_CONTEXT(2) 
PARAMETRIC_REPRESENTATION_CONTEXT() REPRESENTATION_CONTEXT('2D SPACE',''
  ) );
#7778 = ADVANCED_FACE('',(#7779),#1857,.T.);
#7779 = FACE_BOUND('',#7780,.T.);
#7780 = EDGE_LOOP('',(#7781,#7804,#7805,#7806));
#7781 = ORIENTED_EDGE('',*,*,#7782,.T.);
#7782 = EDGE_CURVE('',#7783,#1814,#7785,.T.);
#7783 = VERTEX_POINT('',#7784);
#7784 = CARTESIAN_POINT('',(-26.75451867793,-5.635889527836,0.));
#7785 = SURFACE_CURVE('',#7786,(#7790,#7797),.PCURVE_S1.);
#7786 = LINE('',#7787,#7788);
#7787 = CARTESIAN_POINT('',(-26.75451867793,-5.635889527836,0.));
#7788 = VECTOR('',#7789,1.);
#7789 = DIRECTION('',(-0.,-0.,1.));
#7790 = PCURVE('',#1857,#7791);
#7791 = DEFINITIONAL_REPRESENTATION('',(#7792),#7796);
#7792 = LINE('',#7793,#7794);
#7793 = CARTESIAN_POINT('',(0.,0.));
#7794 = VECTOR('',#7795,1.);
#7795 = DIRECTION('',(0.,-1.));
#7796 = ( GEOMETRIC_REPRESENTATION_CONTEXT(2) 
PARAMETRIC_REPRESENTATION_CONTEXT() REPRESENTATION_CONTEXT('2D SPACE',''
  ) );
#7797 = PCURVE('',#1829,#7798);
#7798 = DEFINITIONAL_REPRESENTATION('',(#7799),#7803);
#7799 = LINE('',#7800,#7801);
#7800 = CARTESIAN_POINT('',(0.209290013536,0.));
#7801 = VECTOR('',#7802,1.);
#7802 = DIRECTION('',(0.,-1.));
#7803 = ( GEOMETRIC_REPRESENTATION_CONTEXT(2) 
PARAMETRIC_REPRESENTATION_CONTEXT() REPRESENTATION_CONTEXT('2D SPACE',''
  ) );
#7804 = ORIENTED_EDGE('',*,*,#1841,.T.);
#7805 = ORIENTED_EDGE('',*,*,#7684,.F.);
#7806 = ORIENTED_EDGE('',*,*,#7807,.F.);
#7807 = EDGE_CURVE('',#7783,#7685,#7808,.T.);
#7808 = SURFACE_CURVE('',#7809,(#7813,#7820),.PCURVE_S1.);
#7809 = LINE('',#7810,#7811);
#7810 = CARTESIAN_POINT('',(-26.75451867793,-5.635889527836,0.));
#7811 = VECTOR('',#7812,1.);
#7812 = DIRECTION('',(0.195090322016,-0.980785280403,0.));
#7813 = PCURVE('',#1857,#7814);
#7814 = DEFINITIONAL_REPRESENTATION('',(#7815),#7819);
#7815 = LINE('',#7816,#7817);
#7816 = CARTESIAN_POINT('',(0.,0.));
#7817 = VECTOR('',#7818,1.);
#7818 = DIRECTION('',(1.,0.));
#7819 = ( GEOMETRIC_REPRESENTATION_CONTEXT(2) 
PARAMETRIC_REPRESENTATION_CONTEXT() REPRESENTATION_CONTEXT('2D SPACE',''
  ) );
#7820 = PCURVE('',#7571,#7821);
#7821 = DEFINITIONAL_REPRESENTATION('',(#7822),#7826);
#7822 = LINE('',#7823,#7824);
#7823 = CARTESIAN_POINT('',(-1.545481322062,0.414110472164));
#7824 = VECTOR('',#7825,1.);
#7825 = DIRECTION('',(-0.195090322016,-0.980785280403));
#7826 = ( GEOMETRIC_REPRESENTATION_CONTEXT(2) 
PARAMETRIC_REPRESENTATION_CONTEXT() REPRESENTATION_CONTEXT('2D SPACE',''
  ) );
#7827 = ADVANCED_FACE('',(#7828),#681,.T.);
#7828 = FACE_BOUND('',#7829,.T.);
#7829 = EDGE_LOOP('',(#7830,#7831,#7832,#7855));
#7830 = ORIENTED_EDGE('',*,*,#7735,.T.);
#7831 = ORIENTED_EDGE('',*,*,#665,.T.);
#7832 = ORIENTED_EDGE('',*,*,#7833,.F.);
#7833 = EDGE_CURVE('',#7834,#666,#7836,.T.);
#7834 = VERTEX_POINT('',#7835);
#7835 = CARTESIAN_POINT('',(-27.03063465553,-7.024018286414,0.));
#7836 = SURFACE_CURVE('',#7837,(#7841,#7848),.PCURVE_S1.);
#7837 = LINE('',#7838,#7839);
#7838 = CARTESIAN_POINT('',(-27.03063465553,-7.024018286414,0.));
#7839 = VECTOR('',#7840,1.);
#7840 = DIRECTION('',(-0.,-0.,1.));
#7841 = PCURVE('',#681,#7842);
#7842 = DEFINITIONAL_REPRESENTATION('',(#7843),#7847);
#7843 = LINE('',#7844,#7845);
#7844 = CARTESIAN_POINT('',(0.209290013536,0.));
#7845 = VECTOR('',#7846,1.);
#7846 = DIRECTION('',(0.,-1.));
#7847 = ( GEOMETRIC_REPRESENTATION_CONTEXT(2) 
PARAMETRIC_REPRESENTATION_CONTEXT() REPRESENTATION_CONTEXT('2D SPACE',''
  ) );
#7848 = PCURVE('',#709,#7849);
#7849 = DEFINITIONAL_REPRESENTATION('',(#7850),#7854);
#7850 = LINE('',#7851,#7852);
#7851 = CARTESIAN_POINT('',(0.,0.));
#7852 = VECTOR('',#7853,1.);
#7853 = DIRECTION('',(0.,-1.));
#7854 = ( GEOMETRIC_REPRESENTATION_CONTEXT(2) 
PARAMETRIC_REPRESENTATION_CONTEXT() REPRESENTATION_CONTEXT('2D SPACE',''
  ) );
#7855 = ORIENTED_EDGE('',*,*,#7856,.F.);
#7856 = EDGE_CURVE('',#7736,#7834,#7857,.T.);
#7857 = SURFACE_CURVE('',#7858,(#7862,#7869),.PCURVE_S1.);
#7858 = LINE('',#7859,#7860);
#7859 = CARTESIAN_POINT('',(-26.91435935394,-6.85,0.));
#7860 = VECTOR('',#7861,1.);
#7861 = DIRECTION('',(-0.55557023302,-0.831469612303,0.));
#7862 = PCURVE('',#681,#7863);
#7863 = DEFINITIONAL_REPRESENTATION('',(#7864),#7868);
#7864 = LINE('',#7865,#7866);
#7865 = CARTESIAN_POINT('',(0.,0.));
#7866 = VECTOR('',#7867,1.);
#7867 = DIRECTION('',(1.,0.));
#7868 = ( GEOMETRIC_REPRESENTATION_CONTEXT(2) 
PARAMETRIC_REPRESENTATION_CONTEXT() REPRESENTATION_CONTEXT('2D SPACE',''
  ) );
#7869 = PCURVE('',#7571,#7870);
#7870 = DEFINITIONAL_REPRESENTATION('',(#7871),#7875);
#7871 = LINE('',#7872,#7873);
#7872 = CARTESIAN_POINT('',(-1.385640646055,-0.8));
#7873 = VECTOR('',#7874,1.);
#7874 = DIRECTION('',(0.55557023302,-0.831469612303));
#7875 = ( GEOMETRIC_REPRESENTATION_CONTEXT(2) 
PARAMETRIC_REPRESENTATION_CONTEXT() REPRESENTATION_CONTEXT('2D SPACE',''
  ) );
#7876 = ADVANCED_FACE('',(#7877),#1829,.T.);
#7877 = FACE_BOUND('',#7878,.T.);
#7878 = EDGE_LOOP('',(#7879,#7902,#7903,#7904));
#7879 = ORIENTED_EDGE('',*,*,#7880,.T.);
#7880 = EDGE_CURVE('',#7881,#1786,#7883,.T.);
#7881 = VERTEX_POINT('',#7882);
#7882 = CARTESIAN_POINT('',(-26.82179274798,-5.437706508216,0.));
#7883 = SURFACE_CURVE('',#7884,(#7888,#7895),.PCURVE_S1.);
#7884 = LINE('',#7885,#7886);
#7885 = CARTESIAN_POINT('',(-26.82179274798,-5.437706508216,0.));
#7886 = VECTOR('',#7887,1.);
#7887 = DIRECTION('',(-0.,-0.,1.));
#7888 = PCURVE('',#1829,#7889);
#7889 = DEFINITIONAL_REPRESENTATION('',(#7890),#7894);
#7890 = LINE('',#7891,#7892);
#7891 = CARTESIAN_POINT('',(0.,0.));
#7892 = VECTOR('',#7893,1.);
#7893 = DIRECTION('',(0.,-1.));
#7894 = ( GEOMETRIC_REPRESENTATION_CONTEXT(2) 
PARAMETRIC_REPRESENTATION_CONTEXT() REPRESENTATION_CONTEXT('2D SPACE',''
  ) );
#7895 = PCURVE('',#1801,#7896);
#7896 = DEFINITIONAL_REPRESENTATION('',(#7897),#7901);
#7897 = LINE('',#7898,#7899);
#7898 = CARTESIAN_POINT('',(0.209290013536,0.));
#7899 = VECTOR('',#7900,1.);
#7900 = DIRECTION('',(0.,-1.));
#7901 = ( GEOMETRIC_REPRESENTATION_CONTEXT(2) 
PARAMETRIC_REPRESENTATION_CONTEXT() REPRESENTATION_CONTEXT('2D SPACE',''
  ) );
#7902 = ORIENTED_EDGE('',*,*,#1813,.T.);
#7903 = ORIENTED_EDGE('',*,*,#7782,.F.);
#7904 = ORIENTED_EDGE('',*,*,#7905,.F.);
#7905 = EDGE_CURVE('',#7881,#7783,#7906,.T.);
#7906 = SURFACE_CURVE('',#7907,(#7911,#7918),.PCURVE_S1.);
#7907 = LINE('',#7908,#7909);
#7908 = CARTESIAN_POINT('',(-26.82179274798,-5.437706508216,0.));
#7909 = VECTOR('',#7910,1.);
#7910 = DIRECTION('',(0.321439465303,-0.946930129495,0.));
#7911 = PCURVE('',#1829,#7912);
#7912 = DEFINITIONAL_REPRESENTATION('',(#7913),#7917);
#7913 = LINE('',#7914,#7915);
#7914 = CARTESIAN_POINT('',(0.,0.));
#7915 = VECTOR('',#7916,1.);
#7916 = DIRECTION('',(1.,0.));
#7917 = ( GEOMETRIC_REPRESENTATION_CONTEXT(2) 
PARAMETRIC_REPRESENTATION_CONTEXT() REPRESENTATION_CONTEXT('2D SPACE',''
  ) );
#7918 = PCURVE('',#7571,#7919);
#7919 = DEFINITIONAL_REPRESENTATION('',(#7920),#7924);
#7920 = LINE('',#7921,#7922);
#7921 = CARTESIAN_POINT('',(-1.478207252018,0.612293491784));
#7922 = VECTOR('',#7923,1.);
#7923 = DIRECTION('',(-0.321439465303,-0.946930129495));
#7924 = ( GEOMETRIC_REPRESENTATION_CONTEXT(2) 
PARAMETRIC_REPRESENTATION_CONTEXT() REPRESENTATION_CONTEXT('2D SPACE',''
  ) );
#7925 = ADVANCED_FACE('',(#7926),#709,.T.);
#7926 = FACE_BOUND('',#7927,.T.);
#7927 = EDGE_LOOP('',(#7928,#7929,#7930,#7953));
#7928 = ORIENTED_EDGE('',*,*,#7833,.T.);
#7929 = ORIENTED_EDGE('',*,*,#693,.T.);
#7930 = ORIENTED_EDGE('',*,*,#7931,.F.);
#7931 = EDGE_CURVE('',#7932,#694,#7934,.T.);
#7932 = VERTEX_POINT('',#7933);
#7933 = CARTESIAN_POINT('',(-27.1686291501,-7.181370849898,0.));
#7934 = SURFACE_CURVE('',#7935,(#7939,#7946),.PCURVE_S1.);
#7935 = LINE('',#7936,#7937);
#7936 = CARTESIAN_POINT('',(-27.1686291501,-7.181370849898,0.));
#7937 = VECTOR('',#7938,1.);
#7938 = DIRECTION('',(-0.,-0.,1.));
#7939 = PCURVE('',#709,#7940);
#7940 = DEFINITIONAL_REPRESENTATION('',(#7941),#7945);
#7941 = LINE('',#7942,#7943);
#7942 = CARTESIAN_POINT('',(0.209290013536,0.));
#7943 = VECTOR('',#7944,1.);
#7944 = DIRECTION('',(0.,-1.));
#7945 = ( GEOMETRIC_REPRESENTATION_CONTEXT(2) 
PARAMETRIC_REPRESENTATION_CONTEXT() REPRESENTATION_CONTEXT('2D SPACE',''
  ) );
#7946 = PCURVE('',#737,#7947);
#7947 = DEFINITIONAL_REPRESENTATION('',(#7948),#7952);
#7948 = LINE('',#7949,#7950);
#7949 = CARTESIAN_POINT('',(0.,0.));
#7950 = VECTOR('',#7951,1.);
#7951 = DIRECTION('',(0.,-1.));
#7952 = ( GEOMETRIC_REPRESENTATION_CONTEXT(2) 
PARAMETRIC_REPRESENTATION_CONTEXT() REPRESENTATION_CONTEXT('2D SPACE',''
  ) );
#7953 = ORIENTED_EDGE('',*,*,#7954,.F.);
#7954 = EDGE_CURVE('',#7834,#7932,#7955,.T.);
#7955 = SURFACE_CURVE('',#7956,(#7960,#7967),.PCURVE_S1.);
#7956 = LINE('',#7957,#7958);
#7957 = CARTESIAN_POINT('',(-27.03063465553,-7.024018286414,0.));
#7958 = VECTOR('',#7959,1.);
#7959 = DIRECTION('',(-0.6593458151,-0.751839807479,0.));
#7960 = PCURVE('',#709,#7961);
#7961 = DEFINITIONAL_REPRESENTATION('',(#7962),#7966);
#7962 = LINE('',#7963,#7964);
#7963 = CARTESIAN_POINT('',(0.,0.));
#7964 = VECTOR('',#7965,1.);
#7965 = DIRECTION('',(1.,0.));
#7966 = ( GEOMETRIC_REPRESENTATION_CONTEXT(2) 
PARAMETRIC_REPRESENTATION_CONTEXT() REPRESENTATION_CONTEXT('2D SPACE',''
  ) );
#7967 = PCURVE('',#7571,#7968);
#7968 = DEFINITIONAL_REPRESENTATION('',(#7969),#7973);
#7969 = LINE('',#7970,#7971);
#7970 = CARTESIAN_POINT('',(-1.269365344466,-0.974018286414));
#7971 = VECTOR('',#7972,1.);
#7972 = DIRECTION('',(0.6593458151,-0.751839807479));
#7973 = ( GEOMETRIC_REPRESENTATION_CONTEXT(2) 
PARAMETRIC_REPRESENTATION_CONTEXT() REPRESENTATION_CONTEXT('2D SPACE',''
  ) );
#7974 = ADVANCED_FACE('',(#7975),#1801,.T.);
#7975 = FACE_BOUND('',#7976,.T.);
#7976 = EDGE_LOOP('',(#7977,#8000,#8001,#8002));
#7977 = ORIENTED_EDGE('',*,*,#7978,.T.);
#7978 = EDGE_CURVE('',#7979,#1758,#7981,.T.);
#7979 = VERTEX_POINT('',#7980);
#7980 = CARTESIAN_POINT('',(-26.91435935394,-5.25,0.));
#7981 = SURFACE_CURVE('',#7982,(#7986,#7993),.PCURVE_S1.);
#7982 = LINE('',#7983,#7984);
#7983 = CARTESIAN_POINT('',(-26.91435935394,-5.25,0.));
#7984 = VECTOR('',#7985,1.);
#7985 = DIRECTION('',(-0.,-0.,1.));
#7986 = PCURVE('',#1801,#7987);
#7987 = DEFINITIONAL_REPRESENTATION('',(#7988),#7992);
#7988 = LINE('',#7989,#7990);
#7989 = CARTESIAN_POINT('',(0.,0.));
#7990 = VECTOR('',#7991,1.);
#7991 = DIRECTION('',(0.,-1.));
#7992 = ( GEOMETRIC_REPRESENTATION_CONTEXT(2) 
PARAMETRIC_REPRESENTATION_CONTEXT() REPRESENTATION_CONTEXT('2D SPACE',''
  ) );
#7993 = PCURVE('',#1773,#7994);
#7994 = DEFINITIONAL_REPRESENTATION('',(#7995),#7999);
#7995 = LINE('',#7996,#7997);
#7996 = CARTESIAN_POINT('',(0.209290013536,0.));
#7997 = VECTOR('',#7998,1.);
#7998 = DIRECTION('',(0.,-1.));
#7999 = ( GEOMETRIC_REPRESENTATION_CONTEXT(2) 
PARAMETRIC_REPRESENTATION_CONTEXT() REPRESENTATION_CONTEXT('2D SPACE',''
  ) );
#8000 = ORIENTED_EDGE('',*,*,#1785,.T.);
#8001 = ORIENTED_EDGE('',*,*,#7880,.F.);
#8002 = ORIENTED_EDGE('',*,*,#8003,.F.);
#8003 = EDGE_CURVE('',#7979,#7881,#8004,.T.);
#8004 = SURFACE_CURVE('',#8005,(#8009,#8016),.PCURVE_S1.);
#8005 = LINE('',#8006,#8007);
#8006 = CARTESIAN_POINT('',(-26.91435935394,-5.25,0.));
#8007 = VECTOR('',#8008,1.);
#8008 = DIRECTION('',(0.442288690219,-0.896872741533,0.));
#8009 = PCURVE('',#1801,#8010);
#8010 = DEFINITIONAL_REPRESENTATION('',(#8011),#8015);
#8011 = LINE('',#8012,#8013);
#8012 = CARTESIAN_POINT('',(0.,0.));
#8013 = VECTOR('',#8014,1.);
#8014 = DIRECTION('',(1.,0.));
#8015 = ( GEOMETRIC_REPRESENTATION_CONTEXT(2) 
PARAMETRIC_REPRESENTATION_CONTEXT() REPRESENTATION_CONTEXT('2D SPACE',''
  ) );
#8016 = PCURVE('',#7571,#8017);
#8017 = DEFINITIONAL_REPRESENTATION('',(#8018),#8022);
#8018 = LINE('',#8019,#8020);
#8019 = CARTESIAN_POINT('',(-1.385640646055,0.8));
#8020 = VECTOR('',#8021,1.);
#8021 = DIRECTION('',(-0.442288690219,-0.896872741533));
#8022 = ( GEOMETRIC_REPRESENTATION_CONTEXT(2) 
PARAMETRIC_REPRESENTATION_CONTEXT() REPRESENTATION_CONTEXT('2D SPACE',''
  ) );
#8023 = ADVANCED_FACE('',(#8024),#737,.T.);
#8024 = FACE_BOUND('',#8025,.T.);
#8025 = EDGE_LOOP('',(#8026,#8027,#8028,#8051));
#8026 = ORIENTED_EDGE('',*,*,#7931,.T.);
#8027 = ORIENTED_EDGE('',*,*,#721,.T.);
#8028 = ORIENTED_EDGE('',*,*,#8029,.F.);
#8029 = EDGE_CURVE('',#8030,#722,#8032,.T.);
#8030 = VERTEX_POINT('',#8031);
#8031 = CARTESIAN_POINT('',(-27.32598171358,-7.319365344466,0.));
#8032 = SURFACE_CURVE('',#8033,(#8037,#8044),.PCURVE_S1.);
#8033 = LINE('',#8034,#8035);
#8034 = CARTESIAN_POINT('',(-27.32598171358,-7.319365344466,0.));
#8035 = VECTOR('',#8036,1.);
#8036 = DIRECTION('',(-0.,-0.,1.));
#8037 = PCURVE('',#737,#8038);
#8038 = DEFINITIONAL_REPRESENTATION('',(#8039),#8043);
#8039 = LINE('',#8040,#8041);
#8040 = CARTESIAN_POINT('',(0.209290013536,0.));
#8041 = VECTOR('',#8042,1.);
#8042 = DIRECTION('',(0.,-1.));
#8043 = ( GEOMETRIC_REPRESENTATION_CONTEXT(2) 
PARAMETRIC_REPRESENTATION_CONTEXT() REPRESENTATION_CONTEXT('2D SPACE',''
  ) );
#8044 = PCURVE('',#765,#8045);
#8045 = DEFINITIONAL_REPRESENTATION('',(#8046),#8050);
#8046 = LINE('',#8047,#8048);
#8047 = CARTESIAN_POINT('',(0.,0.));
#8048 = VECTOR('',#8049,1.);
#8049 = DIRECTION('',(0.,-1.));
#8050 = ( GEOMETRIC_REPRESENTATION_CONTEXT(2) 
PARAMETRIC_REPRESENTATION_CONTEXT() REPRESENTATION_CONTEXT('2D SPACE',''
  ) );
#8051 = ORIENTED_EDGE('',*,*,#8052,.F.);
#8052 = EDGE_CURVE('',#7932,#8030,#8053,.T.);
#8053 = SURFACE_CURVE('',#8054,(#8058,#8065),.PCURVE_S1.);
#8054 = LINE('',#8055,#8056);
#8055 = CARTESIAN_POINT('',(-27.1686291501,-7.181370849898,0.));
#8056 = VECTOR('',#8057,1.);
#8057 = DIRECTION('',(-0.751839807479,-0.6593458151,0.));
#8058 = PCURVE('',#737,#8059);
#8059 = DEFINITIONAL_REPRESENTATION('',(#8060),#8064);
#8060 = LINE('',#8061,#8062);
#8061 = CARTESIAN_POINT('',(0.,0.));
#8062 = VECTOR('',#8063,1.);
#8063 = DIRECTION('',(1.,0.));
#8064 = ( GEOMETRIC_REPRESENTATION_CONTEXT(2) 
PARAMETRIC_REPRESENTATION_CONTEXT() REPRESENTATION_CONTEXT('2D SPACE',''
  ) );
#8065 = PCURVE('',#7571,#8066);
#8066 = DEFINITIONAL_REPRESENTATION('',(#8067),#8071);
#8067 = LINE('',#8068,#8069);
#8068 = CARTESIAN_POINT('',(-1.131370849898,-1.131370849898));
#8069 = VECTOR('',#8070,1.);
#8070 = DIRECTION('',(0.751839807479,-0.6593458151));
#8071 = ( GEOMETRIC_REPRESENTATION_CONTEXT(2) 
PARAMETRIC_REPRESENTATION_CONTEXT() REPRESENTATION_CONTEXT('2D SPACE',''
  ) );
#8072 = ADVANCED_FACE('',(#8073),#1773,.T.);
#8073 = FACE_BOUND('',#8074,.T.);
#8074 = EDGE_LOOP('',(#8075,#8098,#8099,#8100));
#8075 = ORIENTED_EDGE('',*,*,#8076,.T.);
#8076 = EDGE_CURVE('',#8077,#1730,#8079,.T.);
#8077 = VERTEX_POINT('',#8078);
#8078 = CARTESIAN_POINT('',(-27.03063465553,-5.075981713586,0.));
#8079 = SURFACE_CURVE('',#8080,(#8084,#8091),.PCURVE_S1.);
#8080 = LINE('',#8081,#8082);
#8081 = CARTESIAN_POINT('',(-27.03063465553,-5.075981713586,0.));
#8082 = VECTOR('',#8083,1.);
#8083 = DIRECTION('',(-0.,-0.,1.));
#8084 = PCURVE('',#1773,#8085);
#8085 = DEFINITIONAL_REPRESENTATION('',(#8086),#8090);
#8086 = LINE('',#8087,#8088);
#8087 = CARTESIAN_POINT('',(0.,0.));
#8088 = VECTOR('',#8089,1.);
#8089 = DIRECTION('',(0.,-1.));
#8090 = ( GEOMETRIC_REPRESENTATION_CONTEXT(2) 
PARAMETRIC_REPRESENTATION_CONTEXT() REPRESENTATION_CONTEXT('2D SPACE',''
  ) );
#8091 = PCURVE('',#1745,#8092);
#8092 = DEFINITIONAL_REPRESENTATION('',(#8093),#8097);
#8093 = LINE('',#8094,#8095);
#8094 = CARTESIAN_POINT('',(0.209290013536,0.));
#8095 = VECTOR('',#8096,1.);
#8096 = DIRECTION('',(0.,-1.));
#8097 = ( GEOMETRIC_REPRESENTATION_CONTEXT(2) 
PARAMETRIC_REPRESENTATION_CONTEXT() REPRESENTATION_CONTEXT('2D SPACE',''
  ) );
#8098 = ORIENTED_EDGE('',*,*,#1757,.T.);
#8099 = ORIENTED_EDGE('',*,*,#7978,.F.);
#8100 = ORIENTED_EDGE('',*,*,#8101,.F.);
#8101 = EDGE_CURVE('',#8077,#7979,#8102,.T.);
#8102 = SURFACE_CURVE('',#8103,(#8107,#8114),.PCURVE_S1.);
#8103 = LINE('',#8104,#8105);
#8104 = CARTESIAN_POINT('',(-27.03063465553,-5.075981713586,0.));
#8105 = VECTOR('',#8106,1.);
#8106 = DIRECTION('',(0.55557023302,-0.831469612303,0.));
#8107 = PCURVE('',#1773,#8108);
#8108 = DEFINITIONAL_REPRESENTATION('',(#8109),#8113);
#8109 = LINE('',#8110,#8111);
#8110 = CARTESIAN_POINT('',(0.,0.));
#8111 = VECTOR('',#8112,1.);
#8112 = DIRECTION('',(1.,0.));
#8113 = ( GEOMETRIC_REPRESENTATION_CONTEXT(2) 
PARAMETRIC_REPRESENTATION_CONTEXT() REPRESENTATION_CONTEXT('2D SPACE',''
  ) );
#8114 = PCURVE('',#7571,#8115);
#8115 = DEFINITIONAL_REPRESENTATION('',(#8116),#8120);
#8116 = LINE('',#8117,#8118);
#8117 = CARTESIAN_POINT('',(-1.269365344466,0.974018286414));
#8118 = VECTOR('',#8119,1.);
#8119 = DIRECTION('',(-0.55557023302,-0.831469612303));
#8120 = ( GEOMETRIC_REPRESENTATION_CONTEXT(2) 
PARAMETRIC_REPRESENTATION_CONTEXT() REPRESENTATION_CONTEXT('2D SPACE',''
  ) );
#8121 = ADVANCED_FACE('',(#8122),#765,.T.);
#8122 = FACE_BOUND('',#8123,.T.);
#8123 = EDGE_LOOP('',(#8124,#8125,#8126,#8149));
#8124 = ORIENTED_EDGE('',*,*,#8029,.T.);
#8125 = ORIENTED_EDGE('',*,*,#749,.T.);
#8126 = ORIENTED_EDGE('',*,*,#8127,.F.);
#8127 = EDGE_CURVE('',#8128,#750,#8130,.T.);
#8128 = VERTEX_POINT('',#8129);
#8129 = CARTESIAN_POINT('',(-27.5,-7.435640646055,0.));
#8130 = SURFACE_CURVE('',#8131,(#8135,#8142),.PCURVE_S1.);
#8131 = LINE('',#8132,#8133);
#8132 = CARTESIAN_POINT('',(-27.5,-7.435640646055,0.));
#8133 = VECTOR('',#8134,1.);
#8134 = DIRECTION('',(-0.,-0.,1.));
#8135 = PCURVE('',#765,#8136);
#8136 = DEFINITIONAL_REPRESENTATION('',(#8137),#8141);
#8137 = LINE('',#8138,#8139);
#8138 = CARTESIAN_POINT('',(0.209290013536,0.));
#8139 = VECTOR('',#8140,1.);
#8140 = DIRECTION('',(0.,-1.));
#8141 = ( GEOMETRIC_REPRESENTATION_CONTEXT(2) 
PARAMETRIC_REPRESENTATION_CONTEXT() REPRESENTATION_CONTEXT('2D SPACE',''
  ) );
#8142 = PCURVE('',#793,#8143);
#8143 = DEFINITIONAL_REPRESENTATION('',(#8144),#8148);
#8144 = LINE('',#8145,#8146);
#8145 = CARTESIAN_POINT('',(0.,0.));
#8146 = VECTOR('',#8147,1.);
#8147 = DIRECTION('',(0.,-1.));
#8148 = ( GEOMETRIC_REPRESENTATION_CONTEXT(2) 
PARAMETRIC_REPRESENTATION_CONTEXT() REPRESENTATION_CONTEXT('2D SPACE',''
  ) );
#8149 = ORIENTED_EDGE('',*,*,#8150,.F.);
#8150 = EDGE_CURVE('',#8030,#8128,#8151,.T.);
#8151 = SURFACE_CURVE('',#8152,(#8156,#8163),.PCURVE_S1.);
#8152 = LINE('',#8153,#8154);
#8153 = CARTESIAN_POINT('',(-27.32598171358,-7.319365344466,0.));
#8154 = VECTOR('',#8155,1.);
#8155 = DIRECTION('',(-0.831469612303,-0.55557023302,0.));
#8156 = PCURVE('',#765,#8157);
#8157 = DEFINITIONAL_REPRESENTATION('',(#8158),#8162);
#8158 = LINE('',#8159,#8160);
#8159 = CARTESIAN_POINT('',(0.,0.));
#8160 = VECTOR('',#8161,1.);
#8161 = DIRECTION('',(1.,0.));
#8162 = ( GEOMETRIC_REPRESENTATION_CONTEXT(2) 
PARAMETRIC_REPRESENTATION_CONTEXT() REPRESENTATION_CONTEXT('2D SPACE',''
  ) );
#8163 = PCURVE('',#7571,#8164);
#8164 = DEFINITIONAL_REPRESENTATION('',(#8165),#8169);
#8165 = LINE('',#8166,#8167);
#8166 = CARTESIAN_POINT('',(-0.974018286414,-1.269365344466));
#8167 = VECTOR('',#8168,1.);
#8168 = DIRECTION('',(0.831469612303,-0.55557023302));
#8169 = ( GEOMETRIC_REPRESENTATION_CONTEXT(2) 
PARAMETRIC_REPRESENTATION_CONTEXT() REPRESENTATION_CONTEXT('2D SPACE',''
  ) );
#8170 = ADVANCED_FACE('',(#8171),#1745,.T.);
#8171 = FACE_BOUND('',#8172,.T.);
#8172 = EDGE_LOOP('',(#8173,#8196,#8197,#8198));
#8173 = ORIENTED_EDGE('',*,*,#8174,.T.);
#8174 = EDGE_CURVE('',#8175,#1702,#8177,.T.);
#8175 = VERTEX_POINT('',#8176);
#8176 = CARTESIAN_POINT('',(-27.1686291501,-4.918629150102,0.));
#8177 = SURFACE_CURVE('',#8178,(#8182,#8189),.PCURVE_S1.);
#8178 = LINE('',#8179,#8180);
#8179 = CARTESIAN_POINT('',(-27.1686291501,-4.918629150102,0.));
#8180 = VECTOR('',#8181,1.);
#8181 = DIRECTION('',(-0.,-0.,1.));
#8182 = PCURVE('',#1745,#8183);
#8183 = DEFINITIONAL_REPRESENTATION('',(#8184),#8188);
#8184 = LINE('',#8185,#8186);
#8185 = CARTESIAN_POINT('',(0.,0.));
#8186 = VECTOR('',#8187,1.);
#8187 = DIRECTION('',(0.,-1.));
#8188 = ( GEOMETRIC_REPRESENTATION_CONTEXT(2) 
PARAMETRIC_REPRESENTATION_CONTEXT() REPRESENTATION_CONTEXT('2D SPACE',''
  ) );
#8189 = PCURVE('',#1717,#8190);
#8190 = DEFINITIONAL_REPRESENTATION('',(#8191),#8195);
#8191 = LINE('',#8192,#8193);
#8192 = CARTESIAN_POINT('',(0.209290013536,0.));
#8193 = VECTOR('',#8194,1.);
#8194 = DIRECTION('',(0.,-1.));
#8195 = ( GEOMETRIC_REPRESENTATION_CONTEXT(2) 
PARAMETRIC_REPRESENTATION_CONTEXT() REPRESENTATION_CONTEXT('2D SPACE',''
  ) );
#8196 = ORIENTED_EDGE('',*,*,#1729,.T.);
#8197 = ORIENTED_EDGE('',*,*,#8076,.F.);
#8198 = ORIENTED_EDGE('',*,*,#8199,.F.);
#8199 = EDGE_CURVE('',#8175,#8077,#8200,.T.);
#8200 = SURFACE_CURVE('',#8201,(#8205,#8212),.PCURVE_S1.);
#8201 = LINE('',#8202,#8203);
#8202 = CARTESIAN_POINT('',(-27.1686291501,-4.918629150102,0.));
#8203 = VECTOR('',#8204,1.);
#8204 = DIRECTION('',(0.6593458151,-0.751839807479,0.));
#8205 = PCURVE('',#1745,#8206);
#8206 = DEFINITIONAL_REPRESENTATION('',(#8207),#8211);
#8207 = LINE('',#8208,#8209);
#8208 = CARTESIAN_POINT('',(0.,0.));
#8209 = VECTOR('',#8210,1.);
#8210 = DIRECTION('',(1.,0.));
#8211 = ( GEOMETRIC_REPRESENTATION_CONTEXT(2) 
PARAMETRIC_REPRESENTATION_CONTEXT() REPRESENTATION_CONTEXT('2D SPACE',''
  ) );
#8212 = PCURVE('',#7571,#8213);
#8213 = DEFINITIONAL_REPRESENTATION('',(#8214),#8218);
#8214 = LINE('',#8215,#8216);
#8215 = CARTESIAN_POINT('',(-1.131370849898,1.131370849898));
#8216 = VECTOR('',#8217,1.);
#8217 = DIRECTION('',(-0.6593458151,-0.751839807479));
#8218 = ( GEOMETRIC_REPRESENTATION_CONTEXT(2) 
PARAMETRIC_REPRESENTATION_CONTEXT() REPRESENTATION_CONTEXT('2D SPACE',''
  ) );
#8219 = ADVANCED_FACE('',(#8220),#793,.T.);
#8220 = FACE_BOUND('',#8221,.T.);
#8221 = EDGE_LOOP('',(#8222,#8223,#8224,#8247));
#8222 = ORIENTED_EDGE('',*,*,#8127,.T.);
#8223 = ORIENTED_EDGE('',*,*,#777,.T.);
#8224 = ORIENTED_EDGE('',*,*,#8225,.F.);
#8225 = EDGE_CURVE('',#8226,#778,#8228,.T.);
#8226 = VERTEX_POINT('',#8227);
#8227 = CARTESIAN_POINT('',(-27.68770650821,-7.528207252018,0.));
#8228 = SURFACE_CURVE('',#8229,(#8233,#8240),.PCURVE_S1.);
#8229 = LINE('',#8230,#8231);
#8230 = CARTESIAN_POINT('',(-27.68770650821,-7.528207252018,0.));
#8231 = VECTOR('',#8232,1.);
#8232 = DIRECTION('',(-0.,-0.,1.));
#8233 = PCURVE('',#793,#8234);
#8234 = DEFINITIONAL_REPRESENTATION('',(#8235),#8239);
#8235 = LINE('',#8236,#8237);
#8236 = CARTESIAN_POINT('',(0.209290013536,0.));
#8237 = VECTOR('',#8238,1.);
#8238 = DIRECTION('',(0.,-1.));
#8239 = ( GEOMETRIC_REPRESENTATION_CONTEXT(2) 
PARAMETRIC_REPRESENTATION_CONTEXT() REPRESENTATION_CONTEXT('2D SPACE',''
  ) );
#8240 = PCURVE('',#821,#8241);
#8241 = DEFINITIONAL_REPRESENTATION('',(#8242),#8246);
#8242 = LINE('',#8243,#8244);
#8243 = CARTESIAN_POINT('',(0.,0.));
#8244 = VECTOR('',#8245,1.);
#8245 = DIRECTION('',(0.,-1.));
#8246 = ( GEOMETRIC_REPRESENTATION_CONTEXT(2) 
PARAMETRIC_REPRESENTATION_CONTEXT() REPRESENTATION_CONTEXT('2D SPACE',''
  ) );
#8247 = ORIENTED_EDGE('',*,*,#8248,.F.);
#8248 = EDGE_CURVE('',#8128,#8226,#8249,.T.);
#8249 = SURFACE_CURVE('',#8250,(#8254,#8261),.PCURVE_S1.);
#8250 = LINE('',#8251,#8252);
#8251 = CARTESIAN_POINT('',(-27.5,-7.435640646055,0.));
#8252 = VECTOR('',#8253,1.);
#8253 = DIRECTION('',(-0.896872741533,-0.442288690219,0.));
#8254 = PCURVE('',#793,#8255);
#8255 = DEFINITIONAL_REPRESENTATION('',(#8256),#8260);
#8256 = LINE('',#8257,#8258);
#8257 = CARTESIAN_POINT('',(0.,0.));
#8258 = VECTOR('',#8259,1.);
#8259 = DIRECTION('',(1.,0.));
#8260 = ( GEOMETRIC_REPRESENTATION_CONTEXT(2) 
PARAMETRIC_REPRESENTATION_CONTEXT() REPRESENTATION_CONTEXT('2D SPACE',''
  ) );
#8261 = PCURVE('',#7571,#8262);
#8262 = DEFINITIONAL_REPRESENTATION('',(#8263),#8267);
#8263 = LINE('',#8264,#8265);
#8264 = CARTESIAN_POINT('',(-0.8,-1.385640646055));
#8265 = VECTOR('',#8266,1.);
#8266 = DIRECTION('',(0.896872741533,-0.442288690219));
#8267 = ( GEOMETRIC_REPRESENTATION_CONTEXT(2) 
PARAMETRIC_REPRESENTATION_CONTEXT() REPRESENTATION_CONTEXT('2D SPACE',''
  ) );
#8268 = ADVANCED_FACE('',(#8269),#1717,.T.);
#8269 = FACE_BOUND('',#8270,.T.);
#8270 = EDGE_LOOP('',(#8271,#8294,#8295,#8296));
#8271 = ORIENTED_EDGE('',*,*,#8272,.T.);
#8272 = EDGE_CURVE('',#8273,#1674,#8275,.T.);
#8273 = VERTEX_POINT('',#8274);
#8274 = CARTESIAN_POINT('',(-27.32598171358,-4.780634655534,0.));
#8275 = SURFACE_CURVE('',#8276,(#8280,#8287),.PCURVE_S1.);
#8276 = LINE('',#8277,#8278);
#8277 = CARTESIAN_POINT('',(-27.32598171358,-4.780634655534,0.));
#8278 = VECTOR('',#8279,1.);
#8279 = DIRECTION('',(-0.,-0.,1.));
#8280 = PCURVE('',#1717,#8281);
#8281 = DEFINITIONAL_REPRESENTATION('',(#8282),#8286);
#8282 = LINE('',#8283,#8284);
#8283 = CARTESIAN_POINT('',(0.,0.));
#8284 = VECTOR('',#8285,1.);
#8285 = DIRECTION('',(0.,-1.));
#8286 = ( GEOMETRIC_REPRESENTATION_CONTEXT(2) 
PARAMETRIC_REPRESENTATION_CONTEXT() REPRESENTATION_CONTEXT('2D SPACE',''
  ) );
#8287 = PCURVE('',#1689,#8288);
#8288 = DEFINITIONAL_REPRESENTATION('',(#8289),#8293);
#8289 = LINE('',#8290,#8291);
#8290 = CARTESIAN_POINT('',(0.209290013536,0.));
#8291 = VECTOR('',#8292,1.);
#8292 = DIRECTION('',(0.,-1.));
#8293 = ( GEOMETRIC_REPRESENTATION_CONTEXT(2) 
PARAMETRIC_REPRESENTATION_CONTEXT() REPRESENTATION_CONTEXT('2D SPACE',''
  ) );
#8294 = ORIENTED_EDGE('',*,*,#1701,.T.);
#8295 = ORIENTED_EDGE('',*,*,#8174,.F.);
#8296 = ORIENTED_EDGE('',*,*,#8297,.F.);
#8297 = EDGE_CURVE('',#8273,#8175,#8298,.T.);
#8298 = SURFACE_CURVE('',#8299,(#8303,#8310),.PCURVE_S1.);
#8299 = LINE('',#8300,#8301);
#8300 = CARTESIAN_POINT('',(-27.32598171358,-4.780634655534,0.));
#8301 = VECTOR('',#8302,1.);
#8302 = DIRECTION('',(0.751839807479,-0.6593458151,0.));
#8303 = PCURVE('',#1717,#8304);
#8304 = DEFINITIONAL_REPRESENTATION('',(#8305),#8309);
#8305 = LINE('',#8306,#8307);
#8306 = CARTESIAN_POINT('',(0.,0.));
#8307 = VECTOR('',#8308,1.);
#8308 = DIRECTION('',(1.,0.));
#8309 = ( GEOMETRIC_REPRESENTATION_CONTEXT(2) 
PARAMETRIC_REPRESENTATION_CONTEXT() REPRESENTATION_CONTEXT('2D SPACE',''
  ) );
#8310 = PCURVE('',#7571,#8311);
#8311 = DEFINITIONAL_REPRESENTATION('',(#8312),#8316);
#8312 = LINE('',#8313,#8314);
#8313 = CARTESIAN_POINT('',(-0.974018286414,1.269365344466));
#8314 = VECTOR('',#8315,1.);
#8315 = DIRECTION('',(-0.751839807479,-0.6593458151));
#8316 = ( GEOMETRIC_REPRESENTATION_CONTEXT(2) 
PARAMETRIC_REPRESENTATION_CONTEXT() REPRESENTATION_CONTEXT('2D SPACE',''
  ) );
#8317 = ADVANCED_FACE('',(#8318),#821,.T.);
#8318 = FACE_BOUND('',#8319,.T.);
#8319 = EDGE_LOOP('',(#8320,#8321,#8322,#8345));
#8320 = ORIENTED_EDGE('',*,*,#8225,.T.);
#8321 = ORIENTED_EDGE('',*,*,#805,.T.);
#8322 = ORIENTED_EDGE('',*,*,#8323,.F.);
#8323 = EDGE_CURVE('',#8324,#806,#8326,.T.);
#8324 = VERTEX_POINT('',#8325);
#8325 = CARTESIAN_POINT('',(-27.88588952783,-7.595481322063,0.));
#8326 = SURFACE_CURVE('',#8327,(#8331,#8338),.PCURVE_S1.);
#8327 = LINE('',#8328,#8329);
#8328 = CARTESIAN_POINT('',(-27.88588952783,-7.595481322063,0.));
#8329 = VECTOR('',#8330,1.);
#8330 = DIRECTION('',(-0.,-0.,1.));
#8331 = PCURVE('',#821,#8332);
#8332 = DEFINITIONAL_REPRESENTATION('',(#8333),#8337);
#8333 = LINE('',#8334,#8335);
#8334 = CARTESIAN_POINT('',(0.209290013536,0.));
#8335 = VECTOR('',#8336,1.);
#8336 = DIRECTION('',(0.,-1.));
#8337 = ( GEOMETRIC_REPRESENTATION_CONTEXT(2) 
PARAMETRIC_REPRESENTATION_CONTEXT() REPRESENTATION_CONTEXT('2D SPACE',''
  ) );
#8338 = PCURVE('',#849,#8339);
#8339 = DEFINITIONAL_REPRESENTATION('',(#8340),#8344);
#8340 = LINE('',#8341,#8342);
#8341 = CARTESIAN_POINT('',(0.,0.));
#8342 = VECTOR('',#8343,1.);
#8343 = DIRECTION('',(0.,-1.));
#8344 = ( GEOMETRIC_REPRESENTATION_CONTEXT(2) 
PARAMETRIC_REPRESENTATION_CONTEXT() REPRESENTATION_CONTEXT('2D SPACE',''
  ) );
#8345 = ORIENTED_EDGE('',*,*,#8346,.F.);
#8346 = EDGE_CURVE('',#8226,#8324,#8347,.T.);
#8347 = SURFACE_CURVE('',#8348,(#8352,#8359),.PCURVE_S1.);
#8348 = LINE('',#8349,#8350);
#8349 = CARTESIAN_POINT('',(-27.68770650821,-7.528207252018,0.));
#8350 = VECTOR('',#8351,1.);
#8351 = DIRECTION('',(-0.946930129495,-0.321439465303,0.));
#8352 = PCURVE('',#821,#8353);
#8353 = DEFINITIONAL_REPRESENTATION('',(#8354),#8358);
#8354 = LINE('',#8355,#8356);
#8355 = CARTESIAN_POINT('',(0.,0.));
#8356 = VECTOR('',#8357,1.);
#8357 = DIRECTION('',(1.,0.));
#8358 = ( GEOMETRIC_REPRESENTATION_CONTEXT(2) 
PARAMETRIC_REPRESENTATION_CONTEXT() REPRESENTATION_CONTEXT('2D SPACE',''
  ) );
#8359 = PCURVE('',#7571,#8360);
#8360 = DEFINITIONAL_REPRESENTATION('',(#8361),#8365);
#8361 = LINE('',#8362,#8363);
#8362 = CARTESIAN_POINT('',(-0.612293491784,-1.478207252018));
#8363 = VECTOR('',#8364,1.);
#8364 = DIRECTION('',(0.946930129495,-0.321439465303));
#8365 = ( GEOMETRIC_REPRESENTATION_CONTEXT(2) 
PARAMETRIC_REPRESENTATION_CONTEXT() REPRESENTATION_CONTEXT('2D SPACE',''
  ) );
#8366 = ADVANCED_FACE('',(#8367),#1689,.T.);
#8367 = FACE_BOUND('',#8368,.T.);
#8368 = EDGE_LOOP('',(#8369,#8392,#8393,#8394));
#8369 = ORIENTED_EDGE('',*,*,#8370,.T.);
#8370 = EDGE_CURVE('',#8371,#1646,#8373,.T.);
#8371 = VERTEX_POINT('',#8372);
#8372 = CARTESIAN_POINT('',(-27.5,-4.664359353945,0.));
#8373 = SURFACE_CURVE('',#8374,(#8378,#8385),.PCURVE_S1.);
#8374 = LINE('',#8375,#8376);
#8375 = CARTESIAN_POINT('',(-27.5,-4.664359353945,0.));
#8376 = VECTOR('',#8377,1.);
#8377 = DIRECTION('',(-0.,-0.,1.));
#8378 = PCURVE('',#1689,#8379);
#8379 = DEFINITIONAL_REPRESENTATION('',(#8380),#8384);
#8380 = LINE('',#8381,#8382);
#8381 = CARTESIAN_POINT('',(0.,0.));
#8382 = VECTOR('',#8383,1.);
#8383 = DIRECTION('',(0.,-1.));
#8384 = ( GEOMETRIC_REPRESENTATION_CONTEXT(2) 
PARAMETRIC_REPRESENTATION_CONTEXT() REPRESENTATION_CONTEXT('2D SPACE',''
  ) );
#8385 = PCURVE('',#1661,#8386);
#8386 = DEFINITIONAL_REPRESENTATION('',(#8387),#8391);
#8387 = LINE('',#8388,#8389);
#8388 = CARTESIAN_POINT('',(0.209290013536,0.));
#8389 = VECTOR('',#8390,1.);
#8390 = DIRECTION('',(0.,-1.));
#8391 = ( GEOMETRIC_REPRESENTATION_CONTEXT(2) 
PARAMETRIC_REPRESENTATION_CONTEXT() REPRESENTATION_CONTEXT('2D SPACE',''
  ) );
#8392 = ORIENTED_EDGE('',*,*,#1673,.T.);
#8393 = ORIENTED_EDGE('',*,*,#8272,.F.);
#8394 = ORIENTED_EDGE('',*,*,#8395,.F.);
#8395 = EDGE_CURVE('',#8371,#8273,#8396,.T.);
#8396 = SURFACE_CURVE('',#8397,(#8401,#8408),.PCURVE_S1.);
#8397 = LINE('',#8398,#8399);
#8398 = CARTESIAN_POINT('',(-27.5,-4.664359353945,0.));
#8399 = VECTOR('',#8400,1.);
#8400 = DIRECTION('',(0.831469612303,-0.55557023302,0.));
#8401 = PCURVE('',#1689,#8402);
#8402 = DEFINITIONAL_REPRESENTATION('',(#8403),#8407);
#8403 = LINE('',#8404,#8405);
#8404 = CARTESIAN_POINT('',(0.,0.));
#8405 = VECTOR('',#8406,1.);
#8406 = DIRECTION('',(1.,0.));
#8407 = ( GEOMETRIC_REPRESENTATION_CONTEXT(2) 
PARAMETRIC_REPRESENTATION_CONTEXT() REPRESENTATION_CONTEXT('2D SPACE',''
  ) );
#8408 = PCURVE('',#7571,#8409);
#8409 = DEFINITIONAL_REPRESENTATION('',(#8410),#8414);
#8410 = LINE('',#8411,#8412);
#8411 = CARTESIAN_POINT('',(-0.8,1.385640646055));
#8412 = VECTOR('',#8413,1.);
#8413 = DIRECTION('',(-0.831469612303,-0.55557023302));
#8414 = ( GEOMETRIC_REPRESENTATION_CONTEXT(2) 
PARAMETRIC_REPRESENTATION_CONTEXT() REPRESENTATION_CONTEXT('2D SPACE',''
  ) );
#8415 = ADVANCED_FACE('',(#8416),#849,.T.);
#8416 = FACE_BOUND('',#8417,.T.);
#8417 = EDGE_LOOP('',(#8418,#8419,#8420,#8443));
#8418 = ORIENTED_EDGE('',*,*,#8323,.T.);
#8419 = ORIENTED_EDGE('',*,*,#833,.T.);
#8420 = ORIENTED_EDGE('',*,*,#8421,.F.);
#8421 = EDGE_CURVE('',#8422,#834,#8424,.T.);
#8422 = VERTEX_POINT('',#8423);
#8423 = CARTESIAN_POINT('',(-28.09115809244,-7.636311778198,0.));
#8424 = SURFACE_CURVE('',#8425,(#8429,#8436),.PCURVE_S1.);
#8425 = LINE('',#8426,#8427);
#8426 = CARTESIAN_POINT('',(-28.09115809244,-7.636311778198,0.));
#8427 = VECTOR('',#8428,1.);
#8428 = DIRECTION('',(-0.,-0.,1.));
#8429 = PCURVE('',#849,#8430);
#8430 = DEFINITIONAL_REPRESENTATION('',(#8431),#8435);
#8431 = LINE('',#8432,#8433);
#8432 = CARTESIAN_POINT('',(0.209290013536,0.));
#8433 = VECTOR('',#8434,1.);
#8434 = DIRECTION('',(0.,-1.));
#8435 = ( GEOMETRIC_REPRESENTATION_CONTEXT(2) 
PARAMETRIC_REPRESENTATION_CONTEXT() REPRESENTATION_CONTEXT('2D SPACE',''
  ) );
#8436 = PCURVE('',#877,#8437);
#8437 = DEFINITIONAL_REPRESENTATION('',(#8438),#8442);
#8438 = LINE('',#8439,#8440);
#8439 = CARTESIAN_POINT('',(0.,0.));
#8440 = VECTOR('',#8441,1.);
#8441 = DIRECTION('',(0.,-1.));
#8442 = ( GEOMETRIC_REPRESENTATION_CONTEXT(2) 
PARAMETRIC_REPRESENTATION_CONTEXT() REPRESENTATION_CONTEXT('2D SPACE',''
  ) );
#8443 = ORIENTED_EDGE('',*,*,#8444,.F.);
#8444 = EDGE_CURVE('',#8324,#8422,#8445,.T.);
#8445 = SURFACE_CURVE('',#8446,(#8450,#8457),.PCURVE_S1.);
#8446 = LINE('',#8447,#8448);
#8447 = CARTESIAN_POINT('',(-27.88588952783,-7.595481322063,0.));
#8448 = VECTOR('',#8449,1.);
#8449 = DIRECTION('',(-0.980785280403,-0.195090322016,0.));
#8450 = PCURVE('',#849,#8451);
#8451 = DEFINITIONAL_REPRESENTATION('',(#8452),#8456);
#8452 = LINE('',#8453,#8454);
#8453 = CARTESIAN_POINT('',(0.,0.));
#8454 = VECTOR('',#8455,1.);
#8455 = DIRECTION('',(1.,0.));
#8456 = ( GEOMETRIC_REPRESENTATION_CONTEXT(2) 
PARAMETRIC_REPRESENTATION_CONTEXT() REPRESENTATION_CONTEXT('2D SPACE',''
  ) );
#8457 = PCURVE('',#7571,#8458);
#8458 = DEFINITIONAL_REPRESENTATION('',(#8459),#8463);
#8459 = LINE('',#8460,#8461);
#8460 = CARTESIAN_POINT('',(-0.414110472164,-1.545481322063));
#8461 = VECTOR('',#8462,1.);
#8462 = DIRECTION('',(0.980785280403,-0.195090322016));
#8463 = ( GEOMETRIC_REPRESENTATION_CONTEXT(2) 
PARAMETRIC_REPRESENTATION_CONTEXT() REPRESENTATION_CONTEXT('2D SPACE',''
  ) );
#8464 = ADVANCED_FACE('',(#8465),#1661,.T.);
#8465 = FACE_BOUND('',#8466,.T.);
#8466 = EDGE_LOOP('',(#8467,#8490,#8491,#8492));
#8467 = ORIENTED_EDGE('',*,*,#8468,.T.);
#8468 = EDGE_CURVE('',#8469,#1618,#8471,.T.);
#8469 = VERTEX_POINT('',#8470);
#8470 = CARTESIAN_POINT('',(-27.68770650821,-4.571792747982,0.));
#8471 = SURFACE_CURVE('',#8472,(#8476,#8483),.PCURVE_S1.);
#8472 = LINE('',#8473,#8474);
#8473 = CARTESIAN_POINT('',(-27.68770650821,-4.571792747982,0.));
#8474 = VECTOR('',#8475,1.);
#8475 = DIRECTION('',(-0.,-0.,1.));
#8476 = PCURVE('',#1661,#8477);
#8477 = DEFINITIONAL_REPRESENTATION('',(#8478),#8482);
#8478 = LINE('',#8479,#8480);
#8479 = CARTESIAN_POINT('',(0.,0.));
#8480 = VECTOR('',#8481,1.);
#8481 = DIRECTION('',(0.,-1.));
#8482 = ( GEOMETRIC_REPRESENTATION_CONTEXT(2) 
PARAMETRIC_REPRESENTATION_CONTEXT() REPRESENTATION_CONTEXT('2D SPACE',''
  ) );
#8483 = PCURVE('',#1633,#8484);
#8484 = DEFINITIONAL_REPRESENTATION('',(#8485),#8489);
#8485 = LINE('',#8486,#8487);
#8486 = CARTESIAN_POINT('',(0.209290013536,0.));
#8487 = VECTOR('',#8488,1.);
#8488 = DIRECTION('',(0.,-1.));
#8489 = ( GEOMETRIC_REPRESENTATION_CONTEXT(2) 
PARAMETRIC_REPRESENTATION_CONTEXT() REPRESENTATION_CONTEXT('2D SPACE',''
  ) );
#8490 = ORIENTED_EDGE('',*,*,#1645,.T.);
#8491 = ORIENTED_EDGE('',*,*,#8370,.F.);
#8492 = ORIENTED_EDGE('',*,*,#8493,.F.);
#8493 = EDGE_CURVE('',#8469,#8371,#8494,.T.);
#8494 = SURFACE_CURVE('',#8495,(#8499,#8506),.PCURVE_S1.);
#8495 = LINE('',#8496,#8497);
#8496 = CARTESIAN_POINT('',(-27.68770650821,-4.571792747982,0.));
#8497 = VECTOR('',#8498,1.);
#8498 = DIRECTION('',(0.896872741533,-0.442288690219,0.));
#8499 = PCURVE('',#1661,#8500);
#8500 = DEFINITIONAL_REPRESENTATION('',(#8501),#8505);
#8501 = LINE('',#8502,#8503);
#8502 = CARTESIAN_POINT('',(0.,0.));
#8503 = VECTOR('',#8504,1.);
#8504 = DIRECTION('',(1.,0.));
#8505 = ( GEOMETRIC_REPRESENTATION_CONTEXT(2) 
PARAMETRIC_REPRESENTATION_CONTEXT() REPRESENTATION_CONTEXT('2D SPACE',''
  ) );
#8506 = PCURVE('',#7571,#8507);
#8507 = DEFINITIONAL_REPRESENTATION('',(#8508),#8512);
#8508 = LINE('',#8509,#8510);
#8509 = CARTESIAN_POINT('',(-0.612293491784,1.478207252018));
#8510 = VECTOR('',#8511,1.);
#8511 = DIRECTION('',(-0.896872741533,-0.442288690219));
#8512 = ( GEOMETRIC_REPRESENTATION_CONTEXT(2) 
PARAMETRIC_REPRESENTATION_CONTEXT() REPRESENTATION_CONTEXT('2D SPACE',''
  ) );
#8513 = ADVANCED_FACE('',(#8514),#877,.T.);
#8514 = FACE_BOUND('',#8515,.T.);
#8515 = EDGE_LOOP('',(#8516,#8517,#8518,#8541));
#8516 = ORIENTED_EDGE('',*,*,#8421,.T.);
#8517 = ORIENTED_EDGE('',*,*,#861,.T.);
#8518 = ORIENTED_EDGE('',*,*,#8519,.F.);
#8519 = EDGE_CURVE('',#8520,#862,#8522,.T.);
#8520 = VERTEX_POINT('',#8521);
#8521 = CARTESIAN_POINT('',(-28.3,-7.65,0.));
#8522 = SURFACE_CURVE('',#8523,(#8527,#8534),.PCURVE_S1.);
#8523 = LINE('',#8524,#8525);
#8524 = CARTESIAN_POINT('',(-28.3,-7.65,0.));
#8525 = VECTOR('',#8526,1.);
#8526 = DIRECTION('',(-0.,-0.,1.));
#8527 = PCURVE('',#877,#8528);
#8528 = DEFINITIONAL_REPRESENTATION('',(#8529),#8533);
#8529 = LINE('',#8530,#8531);
#8530 = CARTESIAN_POINT('',(0.209290013536,0.));
#8531 = VECTOR('',#8532,1.);
#8532 = DIRECTION('',(0.,-1.));
#8533 = ( GEOMETRIC_REPRESENTATION_CONTEXT(2) 
PARAMETRIC_REPRESENTATION_CONTEXT() REPRESENTATION_CONTEXT('2D SPACE',''
  ) );
#8534 = PCURVE('',#905,#8535);
#8535 = DEFINITIONAL_REPRESENTATION('',(#8536),#8540);
#8536 = LINE('',#8537,#8538);
#8537 = CARTESIAN_POINT('',(0.,0.));
#8538 = VECTOR('',#8539,1.);
#8539 = DIRECTION('',(0.,-1.));
#8540 = ( GEOMETRIC_REPRESENTATION_CONTEXT(2) 
PARAMETRIC_REPRESENTATION_CONTEXT() REPRESENTATION_CONTEXT('2D SPACE',''
  ) );
#8541 = ORIENTED_EDGE('',*,*,#8542,.F.);
#8542 = EDGE_CURVE('',#8422,#8520,#8543,.T.);
#8543 = SURFACE_CURVE('',#8544,(#8548,#8555),.PCURVE_S1.);
#8544 = LINE('',#8545,#8546);
#8545 = CARTESIAN_POINT('',(-28.09115809244,-7.636311778198,0.));
#8546 = VECTOR('',#8547,1.);
#8547 = DIRECTION('',(-0.997858923239,-6.540312923015E-02,0.));
#8548 = PCURVE('',#877,#8549);
#8549 = DEFINITIONAL_REPRESENTATION('',(#8550),#8554);
#8550 = LINE('',#8551,#8552);
#8551 = CARTESIAN_POINT('',(0.,0.));
#8552 = VECTOR('',#8553,1.);
#8553 = DIRECTION('',(1.,0.));
#8554 = ( GEOMETRIC_REPRESENTATION_CONTEXT(2) 
PARAMETRIC_REPRESENTATION_CONTEXT() REPRESENTATION_CONTEXT('2D SPACE',''
  ) );
#8555 = PCURVE('',#7571,#8556);
#8556 = DEFINITIONAL_REPRESENTATION('',(#8557),#8561);
#8557 = LINE('',#8558,#8559);
#8558 = CARTESIAN_POINT('',(-0.208841907552,-1.586311778198));
#8559 = VECTOR('',#8560,1.);
#8560 = DIRECTION('',(0.997858923239,-6.540312923015E-02));
#8561 = ( GEOMETRIC_REPRESENTATION_CONTEXT(2) 
PARAMETRIC_REPRESENTATION_CONTEXT() REPRESENTATION_CONTEXT('2D SPACE',''
  ) );
#8562 = ADVANCED_FACE('',(#8563),#1633,.T.);
#8563 = FACE_BOUND('',#8564,.T.);
#8564 = EDGE_LOOP('',(#8565,#8588,#8589,#8590));
#8565 = ORIENTED_EDGE('',*,*,#8566,.T.);
#8566 = EDGE_CURVE('',#8567,#1590,#8569,.T.);
#8567 = VERTEX_POINT('',#8568);
#8568 = CARTESIAN_POINT('',(-27.88588952783,-4.504518677937,0.));
#8569 = SURFACE_CURVE('',#8570,(#8574,#8581),.PCURVE_S1.);
#8570 = LINE('',#8571,#8572);
#8571 = CARTESIAN_POINT('',(-27.88588952783,-4.504518677937,0.));
#8572 = VECTOR('',#8573,1.);
#8573 = DIRECTION('',(-0.,-0.,1.));
#8574 = PCURVE('',#1633,#8575);
#8575 = DEFINITIONAL_REPRESENTATION('',(#8576),#8580);
#8576 = LINE('',#8577,#8578);
#8577 = CARTESIAN_POINT('',(0.,0.));
#8578 = VECTOR('',#8579,1.);
#8579 = DIRECTION('',(0.,-1.));
#8580 = ( GEOMETRIC_REPRESENTATION_CONTEXT(2) 
PARAMETRIC_REPRESENTATION_CONTEXT() REPRESENTATION_CONTEXT('2D SPACE',''
  ) );
#8581 = PCURVE('',#1605,#8582);
#8582 = DEFINITIONAL_REPRESENTATION('',(#8583),#8587);
#8583 = LINE('',#8584,#8585);
#8584 = CARTESIAN_POINT('',(0.209290013536,0.));
#8585 = VECTOR('',#8586,1.);
#8586 = DIRECTION('',(0.,-1.));
#8587 = ( GEOMETRIC_REPRESENTATION_CONTEXT(2) 
PARAMETRIC_REPRESENTATION_CONTEXT() REPRESENTATION_CONTEXT('2D SPACE',''
  ) );
#8588 = ORIENTED_EDGE('',*,*,#1617,.T.);
#8589 = ORIENTED_EDGE('',*,*,#8468,.F.);
#8590 = ORIENTED_EDGE('',*,*,#8591,.F.);
#8591 = EDGE_CURVE('',#8567,#8469,#8592,.T.);
#8592 = SURFACE_CURVE('',#8593,(#8597,#8604),.PCURVE_S1.);
#8593 = LINE('',#8594,#8595);
#8594 = CARTESIAN_POINT('',(-27.88588952783,-4.504518677937,0.));
#8595 = VECTOR('',#8596,1.);
#8596 = DIRECTION('',(0.946930129495,-0.321439465303,0.));
#8597 = PCURVE('',#1633,#8598);
#8598 = DEFINITIONAL_REPRESENTATION('',(#8599),#8603);
#8599 = LINE('',#8600,#8601);
#8600 = CARTESIAN_POINT('',(0.,0.));
#8601 = VECTOR('',#8602,1.);
#8602 = DIRECTION('',(1.,0.));
#8603 = ( GEOMETRIC_REPRESENTATION_CONTEXT(2) 
PARAMETRIC_REPRESENTATION_CONTEXT() REPRESENTATION_CONTEXT('2D SPACE',''
  ) );
#8604 = PCURVE('',#7571,#8605);
#8605 = DEFINITIONAL_REPRESENTATION('',(#8606),#8610);
#8606 = LINE('',#8607,#8608);
#8607 = CARTESIAN_POINT('',(-0.414110472164,1.545481322063));
#8608 = VECTOR('',#8609,1.);
#8609 = DIRECTION('',(-0.946930129495,-0.321439465303));
#8610 = ( GEOMETRIC_REPRESENTATION_CONTEXT(2) 
PARAMETRIC_REPRESENTATION_CONTEXT() REPRESENTATION_CONTEXT('2D SPACE',''
  ) );
#8611 = ADVANCED_FACE('',(#8612),#905,.T.);
#8612 = FACE_BOUND('',#8613,.T.);
#8613 = EDGE_LOOP('',(#8614,#8615,#8616,#8639));
#8614 = ORIENTED_EDGE('',*,*,#8519,.T.);
#8615 = ORIENTED_EDGE('',*,*,#889,.T.);
#8616 = ORIENTED_EDGE('',*,*,#8617,.F.);
#8617 = EDGE_CURVE('',#8618,#890,#8620,.T.);
#8618 = VERTEX_POINT('',#8619);
#8619 = CARTESIAN_POINT('',(-28.50884190755,-7.636311778198,0.));
#8620 = SURFACE_CURVE('',#8621,(#8625,#8632),.PCURVE_S1.);
#8621 = LINE('',#8622,#8623);
#8622 = CARTESIAN_POINT('',(-28.50884190755,-7.636311778198,0.));
#8623 = VECTOR('',#8624,1.);
#8624 = DIRECTION('',(-0.,-0.,1.));
#8625 = PCURVE('',#905,#8626);
#8626 = DEFINITIONAL_REPRESENTATION('',(#8627),#8631);
#8627 = LINE('',#8628,#8629);
#8628 = CARTESIAN_POINT('',(0.209290013536,0.));
#8629 = VECTOR('',#8630,1.);
#8630 = DIRECTION('',(0.,-1.));
#8631 = ( GEOMETRIC_REPRESENTATION_CONTEXT(2) 
PARAMETRIC_REPRESENTATION_CONTEXT() REPRESENTATION_CONTEXT('2D SPACE',''
  ) );
#8632 = PCURVE('',#933,#8633);
#8633 = DEFINITIONAL_REPRESENTATION('',(#8634),#8638);
#8634 = LINE('',#8635,#8636);
#8635 = CARTESIAN_POINT('',(0.,0.));
#8636 = VECTOR('',#8637,1.);
#8637 = DIRECTION('',(0.,-1.));
#8638 = ( GEOMETRIC_REPRESENTATION_CONTEXT(2) 
PARAMETRIC_REPRESENTATION_CONTEXT() REPRESENTATION_CONTEXT('2D SPACE',''
  ) );
#8639 = ORIENTED_EDGE('',*,*,#8640,.F.);
#8640 = EDGE_CURVE('',#8520,#8618,#8641,.T.);
#8641 = SURFACE_CURVE('',#8642,(#8646,#8653),.PCURVE_S1.);
#8642 = LINE('',#8643,#8644);
#8643 = CARTESIAN_POINT('',(-28.3,-7.65,0.));
#8644 = VECTOR('',#8645,1.);
#8645 = DIRECTION('',(-0.997858923239,6.540312923014E-02,0.));
#8646 = PCURVE('',#905,#8647);
#8647 = DEFINITIONAL_REPRESENTATION('',(#8648),#8652);
#8648 = LINE('',#8649,#8650);
#8649 = CARTESIAN_POINT('',(0.,0.));
#8650 = VECTOR('',#8651,1.);
#8651 = DIRECTION('',(1.,0.));
#8652 = ( GEOMETRIC_REPRESENTATION_CONTEXT(2) 
PARAMETRIC_REPRESENTATION_CONTEXT() REPRESENTATION_CONTEXT('2D SPACE',''
  ) );
#8653 = PCURVE('',#7571,#8654);
#8654 = DEFINITIONAL_REPRESENTATION('',(#8655),#8659);
#8655 = LINE('',#8656,#8657);
#8656 = CARTESIAN_POINT('',(1.42108547152E-14,-1.6));
#8657 = VECTOR('',#8658,1.);
#8658 = DIRECTION('',(0.997858923239,6.540312923014E-02));
#8659 = ( GEOMETRIC_REPRESENTATION_CONTEXT(2) 
PARAMETRIC_REPRESENTATION_CONTEXT() REPRESENTATION_CONTEXT('2D SPACE',''
  ) );
#8660 = ADVANCED_FACE('',(#8661),#1605,.T.);
#8661 = FACE_BOUND('',#8662,.T.);
#8662 = EDGE_LOOP('',(#8663,#8686,#8687,#8688));
#8663 = ORIENTED_EDGE('',*,*,#8664,.T.);
#8664 = EDGE_CURVE('',#8665,#1562,#8667,.T.);
#8665 = VERTEX_POINT('',#8666);
#8666 = CARTESIAN_POINT('',(-28.09115809244,-4.463688221802,0.));
#8667 = SURFACE_CURVE('',#8668,(#8672,#8679),.PCURVE_S1.);
#8668 = LINE('',#8669,#8670);
#8669 = CARTESIAN_POINT('',(-28.09115809244,-4.463688221802,0.));
#8670 = VECTOR('',#8671,1.);
#8671 = DIRECTION('',(-0.,-0.,1.));
#8672 = PCURVE('',#1605,#8673);
#8673 = DEFINITIONAL_REPRESENTATION('',(#8674),#8678);
#8674 = LINE('',#8675,#8676);
#8675 = CARTESIAN_POINT('',(0.,0.));
#8676 = VECTOR('',#8677,1.);
#8677 = DIRECTION('',(0.,-1.));
#8678 = ( GEOMETRIC_REPRESENTATION_CONTEXT(2) 
PARAMETRIC_REPRESENTATION_CONTEXT() REPRESENTATION_CONTEXT('2D SPACE',''
  ) );
#8679 = PCURVE('',#1577,#8680);
#8680 = DEFINITIONAL_REPRESENTATION('',(#8681),#8685);
#8681 = LINE('',#8682,#8683);
#8682 = CARTESIAN_POINT('',(0.209290013536,0.));
#8683 = VECTOR('',#8684,1.);
#8684 = DIRECTION('',(0.,-1.));
#8685 = ( GEOMETRIC_REPRESENTATION_CONTEXT(2) 
PARAMETRIC_REPRESENTATION_CONTEXT() REPRESENTATION_CONTEXT('2D SPACE',''
  ) );
#8686 = ORIENTED_EDGE('',*,*,#1589,.T.);
#8687 = ORIENTED_EDGE('',*,*,#8566,.F.);
#8688 = ORIENTED_EDGE('',*,*,#8689,.F.);
#8689 = EDGE_CURVE('',#8665,#8567,#8690,.T.);
#8690 = SURFACE_CURVE('',#8691,(#8695,#8702),.PCURVE_S1.);
#8691 = LINE('',#8692,#8693);
#8692 = CARTESIAN_POINT('',(-28.09115809244,-4.463688221802,0.));
#8693 = VECTOR('',#8694,1.);
#8694 = DIRECTION('',(0.980785280403,-0.195090322016,0.));
#8695 = PCURVE('',#1605,#8696);
#8696 = DEFINITIONAL_REPRESENTATION('',(#8697),#8701);
#8697 = LINE('',#8698,#8699);
#8698 = CARTESIAN_POINT('',(0.,0.));
#8699 = VECTOR('',#8700,1.);
#8700 = DIRECTION('',(1.,0.));
#8701 = ( GEOMETRIC_REPRESENTATION_CONTEXT(2) 
PARAMETRIC_REPRESENTATION_CONTEXT() REPRESENTATION_CONTEXT('2D SPACE',''
  ) );
#8702 = PCURVE('',#7571,#8703);
#8703 = DEFINITIONAL_REPRESENTATION('',(#8704),#8708);
#8704 = LINE('',#8705,#8706);
#8705 = CARTESIAN_POINT('',(-0.208841907552,1.586311778198));
#8706 = VECTOR('',#8707,1.);
#8707 = DIRECTION('',(-0.980785280403,-0.195090322016));
#8708 = ( GEOMETRIC_REPRESENTATION_CONTEXT(2) 
PARAMETRIC_REPRESENTATION_CONTEXT() REPRESENTATION_CONTEXT('2D SPACE',''
  ) );
#8709 = ADVANCED_FACE('',(#8710),#933,.T.);
#8710 = FACE_BOUND('',#8711,.T.);
#8711 = EDGE_LOOP('',(#8712,#8713,#8714,#8737));
#8712 = ORIENTED_EDGE('',*,*,#8617,.T.);
#8713 = ORIENTED_EDGE('',*,*,#917,.T.);
#8714 = ORIENTED_EDGE('',*,*,#8715,.F.);
#8715 = EDGE_CURVE('',#8716,#918,#8718,.T.);
#8716 = VERTEX_POINT('',#8717);
#8717 = CARTESIAN_POINT('',(-28.71411047216,-7.595481322063,0.));
#8718 = SURFACE_CURVE('',#8719,(#8723,#8730),.PCURVE_S1.);
#8719 = LINE('',#8720,#8721);
#8720 = CARTESIAN_POINT('',(-28.71411047216,-7.595481322063,0.));
#8721 = VECTOR('',#8722,1.);
#8722 = DIRECTION('',(-0.,-0.,1.));
#8723 = PCURVE('',#933,#8724);
#8724 = DEFINITIONAL_REPRESENTATION('',(#8725),#8729);
#8725 = LINE('',#8726,#8727);
#8726 = CARTESIAN_POINT('',(0.209290013536,0.));
#8727 = VECTOR('',#8728,1.);
#8728 = DIRECTION('',(0.,-1.));
#8729 = ( GEOMETRIC_REPRESENTATION_CONTEXT(2) 
PARAMETRIC_REPRESENTATION_CONTEXT() REPRESENTATION_CONTEXT('2D SPACE',''
  ) );
#8730 = PCURVE('',#961,#8731);
#8731 = DEFINITIONAL_REPRESENTATION('',(#8732),#8736);
#8732 = LINE('',#8733,#8734);
#8733 = CARTESIAN_POINT('',(0.,0.));
#8734 = VECTOR('',#8735,1.);
#8735 = DIRECTION('',(0.,-1.));
#8736 = ( GEOMETRIC_REPRESENTATION_CONTEXT(2) 
PARAMETRIC_REPRESENTATION_CONTEXT() REPRESENTATION_CONTEXT('2D SPACE',''
  ) );
#8737 = ORIENTED_EDGE('',*,*,#8738,.F.);
#8738 = EDGE_CURVE('',#8618,#8716,#8739,.T.);
#8739 = SURFACE_CURVE('',#8740,(#8744,#8751),.PCURVE_S1.);
#8740 = LINE('',#8741,#8742);
#8741 = CARTESIAN_POINT('',(-28.50884190755,-7.636311778198,0.));
#8742 = VECTOR('',#8743,1.);
#8743 = DIRECTION('',(-0.980785280403,0.195090322016,0.));
#8744 = PCURVE('',#933,#8745);
#8745 = DEFINITIONAL_REPRESENTATION('',(#8746),#8750);
#8746 = LINE('',#8747,#8748);
#8747 = CARTESIAN_POINT('',(0.,0.));
#8748 = VECTOR('',#8749,1.);
#8749 = DIRECTION('',(1.,0.));
#8750 = ( GEOMETRIC_REPRESENTATION_CONTEXT(2) 
PARAMETRIC_REPRESENTATION_CONTEXT() REPRESENTATION_CONTEXT('2D SPACE',''
  ) );
#8751 = PCURVE('',#7571,#8752);
#8752 = DEFINITIONAL_REPRESENTATION('',(#8753),#8757);
#8753 = LINE('',#8754,#8755);
#8754 = CARTESIAN_POINT('',(0.208841907552,-1.586311778198));
#8755 = VECTOR('',#8756,1.);
#8756 = DIRECTION('',(0.980785280403,0.195090322016));
#8757 = ( GEOMETRIC_REPRESENTATION_CONTEXT(2) 
PARAMETRIC_REPRESENTATION_CONTEXT() REPRESENTATION_CONTEXT('2D SPACE',''
  ) );
#8758 = ADVANCED_FACE('',(#8759),#1577,.T.);
#8759 = FACE_BOUND('',#8760,.T.);
#8760 = EDGE_LOOP('',(#8761,#8784,#8785,#8786));
#8761 = ORIENTED_EDGE('',*,*,#8762,.T.);
#8762 = EDGE_CURVE('',#8763,#1534,#8765,.T.);
#8763 = VERTEX_POINT('',#8764);
#8764 = CARTESIAN_POINT('',(-28.3,-4.45,0.));
#8765 = SURFACE_CURVE('',#8766,(#8770,#8777),.PCURVE_S1.);
#8766 = LINE('',#8767,#8768);
#8767 = CARTESIAN_POINT('',(-28.3,-4.45,0.));
#8768 = VECTOR('',#8769,1.);
#8769 = DIRECTION('',(-0.,-0.,1.));
#8770 = PCURVE('',#1577,#8771);
#8771 = DEFINITIONAL_REPRESENTATION('',(#8772),#8776);
#8772 = LINE('',#8773,#8774);
#8773 = CARTESIAN_POINT('',(0.,0.));
#8774 = VECTOR('',#8775,1.);
#8775 = DIRECTION('',(0.,-1.));
#8776 = ( GEOMETRIC_REPRESENTATION_CONTEXT(2) 
PARAMETRIC_REPRESENTATION_CONTEXT() REPRESENTATION_CONTEXT('2D SPACE',''
  ) );
#8777 = PCURVE('',#1549,#8778);
#8778 = DEFINITIONAL_REPRESENTATION('',(#8779),#8783);
#8779 = LINE('',#8780,#8781);
#8780 = CARTESIAN_POINT('',(0.209290013536,0.));
#8781 = VECTOR('',#8782,1.);
#8782 = DIRECTION('',(0.,-1.));
#8783 = ( GEOMETRIC_REPRESENTATION_CONTEXT(2) 
PARAMETRIC_REPRESENTATION_CONTEXT() REPRESENTATION_CONTEXT('2D SPACE',''
  ) );
#8784 = ORIENTED_EDGE('',*,*,#1561,.T.);
#8785 = ORIENTED_EDGE('',*,*,#8664,.F.);
#8786 = ORIENTED_EDGE('',*,*,#8787,.F.);
#8787 = EDGE_CURVE('',#8763,#8665,#8788,.T.);
#8788 = SURFACE_CURVE('',#8789,(#8793,#8800),.PCURVE_S1.);
#8789 = LINE('',#8790,#8791);
#8790 = CARTESIAN_POINT('',(-28.3,-4.45,0.));
#8791 = VECTOR('',#8792,1.);
#8792 = DIRECTION('',(0.997858923239,-6.540312923014E-02,0.));
#8793 = PCURVE('',#1577,#8794);
#8794 = DEFINITIONAL_REPRESENTATION('',(#8795),#8799);
#8795 = LINE('',#8796,#8797);
#8796 = CARTESIAN_POINT('',(0.,0.));
#8797 = VECTOR('',#8798,1.);
#8798 = DIRECTION('',(1.,0.));
#8799 = ( GEOMETRIC_REPRESENTATION_CONTEXT(2) 
PARAMETRIC_REPRESENTATION_CONTEXT() REPRESENTATION_CONTEXT('2D SPACE',''
  ) );
#8800 = PCURVE('',#7571,#8801);
#8801 = DEFINITIONAL_REPRESENTATION('',(#8802),#8806);
#8802 = LINE('',#8803,#8804);
#8803 = CARTESIAN_POINT('',(1.42108547152E-14,1.6));
#8804 = VECTOR('',#8805,1.);
#8805 = DIRECTION('',(-0.997858923239,-6.540312923014E-02));
#8806 = ( GEOMETRIC_REPRESENTATION_CONTEXT(2) 
PARAMETRIC_REPRESENTATION_CONTEXT() REPRESENTATION_CONTEXT('2D SPACE',''
  ) );
#8807 = ADVANCED_FACE('',(#8808),#961,.T.);
#8808 = FACE_BOUND('',#8809,.T.);
#8809 = EDGE_LOOP('',(#8810,#8811,#8812,#8835));
#8810 = ORIENTED_EDGE('',*,*,#8715,.T.);
#8811 = ORIENTED_EDGE('',*,*,#945,.T.);
#8812 = ORIENTED_EDGE('',*,*,#8813,.F.);
#8813 = EDGE_CURVE('',#8814,#946,#8816,.T.);
#8814 = VERTEX_POINT('',#8815);
#8815 = CARTESIAN_POINT('',(-28.91229349178,-7.528207252018,0.));
#8816 = SURFACE_CURVE('',#8817,(#8821,#8828),.PCURVE_S1.);
#8817 = LINE('',#8818,#8819);
#8818 = CARTESIAN_POINT('',(-28.91229349178,-7.528207252018,0.));
#8819 = VECTOR('',#8820,1.);
#8820 = DIRECTION('',(-0.,-0.,1.));
#8821 = PCURVE('',#961,#8822);
#8822 = DEFINITIONAL_REPRESENTATION('',(#8823),#8827);
#8823 = LINE('',#8824,#8825);
#8824 = CARTESIAN_POINT('',(0.209290013536,0.));
#8825 = VECTOR('',#8826,1.);
#8826 = DIRECTION('',(0.,-1.));
#8827 = ( GEOMETRIC_REPRESENTATION_CONTEXT(2) 
PARAMETRIC_REPRESENTATION_CONTEXT() REPRESENTATION_CONTEXT('2D SPACE',''
  ) );
#8828 = PCURVE('',#989,#8829);
#8829 = DEFINITIONAL_REPRESENTATION('',(#8830),#8834);
#8830 = LINE('',#8831,#8832);
#8831 = CARTESIAN_POINT('',(0.,0.));
#8832 = VECTOR('',#8833,1.);
#8833 = DIRECTION('',(0.,-1.));
#8834 = ( GEOMETRIC_REPRESENTATION_CONTEXT(2) 
PARAMETRIC_REPRESENTATION_CONTEXT() REPRESENTATION_CONTEXT('2D SPACE',''
  ) );
#8835 = ORIENTED_EDGE('',*,*,#8836,.F.);
#8836 = EDGE_CURVE('',#8716,#8814,#8837,.T.);
#8837 = SURFACE_CURVE('',#8838,(#8842,#8849),.PCURVE_S1.);
#8838 = LINE('',#8839,#8840);
#8839 = CARTESIAN_POINT('',(-28.71411047216,-7.595481322063,0.));
#8840 = VECTOR('',#8841,1.);
#8841 = DIRECTION('',(-0.946930129495,0.321439465303,0.));
#8842 = PCURVE('',#961,#8843);
#8843 = DEFINITIONAL_REPRESENTATION('',(#8844),#8848);
#8844 = LINE('',#8845,#8846);
#8845 = CARTESIAN_POINT('',(0.,0.));
#8846 = VECTOR('',#8847,1.);
#8847 = DIRECTION('',(1.,0.));
#8848 = ( GEOMETRIC_REPRESENTATION_CONTEXT(2) 
PARAMETRIC_REPRESENTATION_CONTEXT() REPRESENTATION_CONTEXT('2D SPACE',''
  ) );
#8849 = PCURVE('',#7571,#8850);
#8850 = DEFINITIONAL_REPRESENTATION('',(#8851),#8855);
#8851 = LINE('',#8852,#8853);
#8852 = CARTESIAN_POINT('',(0.414110472164,-1.545481322063));
#8853 = VECTOR('',#8854,1.);
#8854 = DIRECTION('',(0.946930129495,0.321439465303));
#8855 = ( GEOMETRIC_REPRESENTATION_CONTEXT(2) 
PARAMETRIC_REPRESENTATION_CONTEXT() REPRESENTATION_CONTEXT('2D SPACE',''
  ) );
#8856 = ADVANCED_FACE('',(#8857),#1549,.T.);
#8857 = FACE_BOUND('',#8858,.T.);
#8858 = EDGE_LOOP('',(#8859,#8882,#8883,#8884));
#8859 = ORIENTED_EDGE('',*,*,#8860,.T.);
#8860 = EDGE_CURVE('',#8861,#1506,#8863,.T.);
#8861 = VERTEX_POINT('',#8862);
#8862 = CARTESIAN_POINT('',(-28.50884190755,-4.463688221802,0.));
#8863 = SURFACE_CURVE('',#8864,(#8868,#8875),.PCURVE_S1.);
#8864 = LINE('',#8865,#8866);
#8865 = CARTESIAN_POINT('',(-28.50884190755,-4.463688221802,0.));
#8866 = VECTOR('',#8867,1.);
#8867 = DIRECTION('',(-0.,-0.,1.));
#8868 = PCURVE('',#1549,#8869);
#8869 = DEFINITIONAL_REPRESENTATION('',(#8870),#8874);
#8870 = LINE('',#8871,#8872);
#8871 = CARTESIAN_POINT('',(0.,0.));
#8872 = VECTOR('',#8873,1.);
#8873 = DIRECTION('',(0.,-1.));
#8874 = ( GEOMETRIC_REPRESENTATION_CONTEXT(2) 
PARAMETRIC_REPRESENTATION_CONTEXT() REPRESENTATION_CONTEXT('2D SPACE',''
  ) );
#8875 = PCURVE('',#1521,#8876);
#8876 = DEFINITIONAL_REPRESENTATION('',(#8877),#8881);
#8877 = LINE('',#8878,#8879);
#8878 = CARTESIAN_POINT('',(0.209290013536,0.));
#8879 = VECTOR('',#8880,1.);
#8880 = DIRECTION('',(0.,-1.));
#8881 = ( GEOMETRIC_REPRESENTATION_CONTEXT(2) 
PARAMETRIC_REPRESENTATION_CONTEXT() REPRESENTATION_CONTEXT('2D SPACE',''
  ) );
#8882 = ORIENTED_EDGE('',*,*,#1533,.T.);
#8883 = ORIENTED_EDGE('',*,*,#8762,.F.);
#8884 = ORIENTED_EDGE('',*,*,#8885,.F.);
#8885 = EDGE_CURVE('',#8861,#8763,#8886,.T.);
#8886 = SURFACE_CURVE('',#8887,(#8891,#8898),.PCURVE_S1.);
#8887 = LINE('',#8888,#8889);
#8888 = CARTESIAN_POINT('',(-28.50884190755,-4.463688221802,0.));
#8889 = VECTOR('',#8890,1.);
#8890 = DIRECTION('',(0.997858923239,6.540312923015E-02,0.));
#8891 = PCURVE('',#1549,#8892);
#8892 = DEFINITIONAL_REPRESENTATION('',(#8893),#8897);
#8893 = LINE('',#8894,#8895);
#8894 = CARTESIAN_POINT('',(0.,0.));
#8895 = VECTOR('',#8896,1.);
#8896 = DIRECTION('',(1.,0.));
#8897 = ( GEOMETRIC_REPRESENTATION_CONTEXT(2) 
PARAMETRIC_REPRESENTATION_CONTEXT() REPRESENTATION_CONTEXT('2D SPACE',''
  ) );
#8898 = PCURVE('',#7571,#8899);
#8899 = DEFINITIONAL_REPRESENTATION('',(#8900),#8904);
#8900 = LINE('',#8901,#8902);
#8901 = CARTESIAN_POINT('',(0.208841907552,1.586311778198));
#8902 = VECTOR('',#8903,1.);
#8903 = DIRECTION('',(-0.997858923239,6.540312923015E-02));
#8904 = ( GEOMETRIC_REPRESENTATION_CONTEXT(2) 
PARAMETRIC_REPRESENTATION_CONTEXT() REPRESENTATION_CONTEXT('2D SPACE',''
  ) );
#8905 = ADVANCED_FACE('',(#8906),#989,.T.);
#8906 = FACE_BOUND('',#8907,.T.);
#8907 = EDGE_LOOP('',(#8908,#8909,#8910,#8933));
#8908 = ORIENTED_EDGE('',*,*,#8813,.T.);
#8909 = ORIENTED_EDGE('',*,*,#973,.T.);
#8910 = ORIENTED_EDGE('',*,*,#8911,.F.);
#8911 = EDGE_CURVE('',#8912,#974,#8914,.T.);
#8912 = VERTEX_POINT('',#8913);
#8913 = CARTESIAN_POINT('',(-29.1,-7.435640646055,0.));
#8914 = SURFACE_CURVE('',#8915,(#8919,#8926),.PCURVE_S1.);
#8915 = LINE('',#8916,#8917);
#8916 = CARTESIAN_POINT('',(-29.1,-7.435640646055,0.));
#8917 = VECTOR('',#8918,1.);
#8918 = DIRECTION('',(-0.,-0.,1.));
#8919 = PCURVE('',#989,#8920);
#8920 = DEFINITIONAL_REPRESENTATION('',(#8921),#8925);
#8921 = LINE('',#8922,#8923);
#8922 = CARTESIAN_POINT('',(0.209290013536,0.));
#8923 = VECTOR('',#8924,1.);
#8924 = DIRECTION('',(0.,-1.));
#8925 = ( GEOMETRIC_REPRESENTATION_CONTEXT(2) 
PARAMETRIC_REPRESENTATION_CONTEXT() REPRESENTATION_CONTEXT('2D SPACE',''
  ) );
#8926 = PCURVE('',#1017,#8927);
#8927 = DEFINITIONAL_REPRESENTATION('',(#8928),#8932);
#8928 = LINE('',#8929,#8930);
#8929 = CARTESIAN_POINT('',(0.,0.));
#8930 = VECTOR('',#8931,1.);
#8931 = DIRECTION('',(0.,-1.));
#8932 = ( GEOMETRIC_REPRESENTATION_CONTEXT(2) 
PARAMETRIC_REPRESENTATION_CONTEXT() REPRESENTATION_CONTEXT('2D SPACE',''
  ) );
#8933 = ORIENTED_EDGE('',*,*,#8934,.F.);
#8934 = EDGE_CURVE('',#8814,#8912,#8935,.T.);
#8935 = SURFACE_CURVE('',#8936,(#8940,#8947),.PCURVE_S1.);
#8936 = LINE('',#8937,#8938);
#8937 = CARTESIAN_POINT('',(-28.91229349178,-7.528207252018,0.));
#8938 = VECTOR('',#8939,1.);
#8939 = DIRECTION('',(-0.896872741533,0.442288690219,0.));
#8940 = PCURVE('',#989,#8941);
#8941 = DEFINITIONAL_REPRESENTATION('',(#8942),#8946);
#8942 = LINE('',#8943,#8944);
#8943 = CARTESIAN_POINT('',(0.,0.));
#8944 = VECTOR('',#8945,1.);
#8945 = DIRECTION('',(1.,0.));
#8946 = ( GEOMETRIC_REPRESENTATION_CONTEXT(2) 
PARAMETRIC_REPRESENTATION_CONTEXT() REPRESENTATION_CONTEXT('2D SPACE',''
  ) );
#8947 = PCURVE('',#7571,#8948);
#8948 = DEFINITIONAL_REPRESENTATION('',(#8949),#8953);
#8949 = LINE('',#8950,#8951);
#8950 = CARTESIAN_POINT('',(0.612293491784,-1.478207252018));
#8951 = VECTOR('',#8952,1.);
#8952 = DIRECTION('',(0.896872741533,0.442288690219));
#8953 = ( GEOMETRIC_REPRESENTATION_CONTEXT(2) 
PARAMETRIC_REPRESENTATION_CONTEXT() REPRESENTATION_CONTEXT('2D SPACE',''
  ) );
#8954 = ADVANCED_FACE('',(#8955),#1521,.T.);
#8955 = FACE_BOUND('',#8956,.T.);
#8956 = EDGE_LOOP('',(#8957,#8980,#8981,#8982));
#8957 = ORIENTED_EDGE('',*,*,#8958,.T.);
#8958 = EDGE_CURVE('',#8959,#1478,#8961,.T.);
#8959 = VERTEX_POINT('',#8960);
#8960 = CARTESIAN_POINT('',(-28.71411047216,-4.504518677937,0.));
#8961 = SURFACE_CURVE('',#8962,(#8966,#8973),.PCURVE_S1.);
#8962 = LINE('',#8963,#8964);
#8963 = CARTESIAN_POINT('',(-28.71411047216,-4.504518677937,0.));
#8964 = VECTOR('',#8965,1.);
#8965 = DIRECTION('',(-0.,-0.,1.));
#8966 = PCURVE('',#1521,#8967);
#8967 = DEFINITIONAL_REPRESENTATION('',(#8968),#8972);
#8968 = LINE('',#8969,#8970);
#8969 = CARTESIAN_POINT('',(0.,0.));
#8970 = VECTOR('',#8971,1.);
#8971 = DIRECTION('',(0.,-1.));
#8972 = ( GEOMETRIC_REPRESENTATION_CONTEXT(2) 
PARAMETRIC_REPRESENTATION_CONTEXT() REPRESENTATION_CONTEXT('2D SPACE',''
  ) );
#8973 = PCURVE('',#1493,#8974);
#8974 = DEFINITIONAL_REPRESENTATION('',(#8975),#8979);
#8975 = LINE('',#8976,#8977);
#8976 = CARTESIAN_POINT('',(0.209290013536,0.));
#8977 = VECTOR('',#8978,1.);
#8978 = DIRECTION('',(0.,-1.));
#8979 = ( GEOMETRIC_REPRESENTATION_CONTEXT(2) 
PARAMETRIC_REPRESENTATION_CONTEXT() REPRESENTATION_CONTEXT('2D SPACE',''
  ) );
#8980 = ORIENTED_EDGE('',*,*,#1505,.T.);
#8981 = ORIENTED_EDGE('',*,*,#8860,.F.);
#8982 = ORIENTED_EDGE('',*,*,#8983,.F.);
#8983 = EDGE_CURVE('',#8959,#8861,#8984,.T.);
#8984 = SURFACE_CURVE('',#8985,(#8989,#8996),.PCURVE_S1.);
#8985 = LINE('',#8986,#8987);
#8986 = CARTESIAN_POINT('',(-28.71411047216,-4.504518677937,0.));
#8987 = VECTOR('',#8988,1.);
#8988 = DIRECTION('',(0.980785280403,0.195090322016,0.));
#8989 = PCURVE('',#1521,#8990);
#8990 = DEFINITIONAL_REPRESENTATION('',(#8991),#8995);
#8991 = LINE('',#8992,#8993);
#8992 = CARTESIAN_POINT('',(0.,0.));
#8993 = VECTOR('',#8994,1.);
#8994 = DIRECTION('',(1.,0.));
#8995 = ( GEOMETRIC_REPRESENTATION_CONTEXT(2) 
PARAMETRIC_REPRESENTATION_CONTEXT() REPRESENTATION_CONTEXT('2D SPACE',''
  ) );
#8996 = PCURVE('',#7571,#8997);
#8997 = DEFINITIONAL_REPRESENTATION('',(#8998),#9002);
#8998 = LINE('',#8999,#9000);
#8999 = CARTESIAN_POINT('',(0.414110472164,1.545481322063));
#9000 = VECTOR('',#9001,1.);
#9001 = DIRECTION('',(-0.980785280403,0.195090322016));
#9002 = ( GEOMETRIC_REPRESENTATION_CONTEXT(2) 
PARAMETRIC_REPRESENTATION_CONTEXT() REPRESENTATION_CONTEXT('2D SPACE',''
  ) );
#9003 = ADVANCED_FACE('',(#9004),#1017,.T.);
#9004 = FACE_BOUND('',#9005,.T.);
#9005 = EDGE_LOOP('',(#9006,#9007,#9008,#9031));
#9006 = ORIENTED_EDGE('',*,*,#8911,.T.);
#9007 = ORIENTED_EDGE('',*,*,#1001,.T.);
#9008 = ORIENTED_EDGE('',*,*,#9009,.F.);
#9009 = EDGE_CURVE('',#9010,#1002,#9012,.T.);
#9010 = VERTEX_POINT('',#9011);
#9011 = CARTESIAN_POINT('',(-29.27401828641,-7.319365344466,0.));
#9012 = SURFACE_CURVE('',#9013,(#9017,#9024),.PCURVE_S1.);
#9013 = LINE('',#9014,#9015);
#9014 = CARTESIAN_POINT('',(-29.27401828641,-7.319365344466,0.));
#9015 = VECTOR('',#9016,1.);
#9016 = DIRECTION('',(-0.,-0.,1.));
#9017 = PCURVE('',#1017,#9018);
#9018 = DEFINITIONAL_REPRESENTATION('',(#9019),#9023);
#9019 = LINE('',#9020,#9021);
#9020 = CARTESIAN_POINT('',(0.209290013536,0.));
#9021 = VECTOR('',#9022,1.);
#9022 = DIRECTION('',(0.,-1.));
#9023 = ( GEOMETRIC_REPRESENTATION_CONTEXT(2) 
PARAMETRIC_REPRESENTATION_CONTEXT() REPRESENTATION_CONTEXT('2D SPACE',''
  ) );
#9024 = PCURVE('',#1045,#9025);
#9025 = DEFINITIONAL_REPRESENTATION('',(#9026),#9030);
#9026 = LINE('',#9027,#9028);
#9027 = CARTESIAN_POINT('',(0.,0.));
#9028 = VECTOR('',#9029,1.);
#9029 = DIRECTION('',(0.,-1.));
#9030 = ( GEOMETRIC_REPRESENTATION_CONTEXT(2) 
PARAMETRIC_REPRESENTATION_CONTEXT() REPRESENTATION_CONTEXT('2D SPACE',''
  ) );
#9031 = ORIENTED_EDGE('',*,*,#9032,.F.);
#9032 = EDGE_CURVE('',#8912,#9010,#9033,.T.);
#9033 = SURFACE_CURVE('',#9034,(#9038,#9045),.PCURVE_S1.);
#9034 = LINE('',#9035,#9036);
#9035 = CARTESIAN_POINT('',(-29.1,-7.435640646055,0.));
#9036 = VECTOR('',#9037,1.);
#9037 = DIRECTION('',(-0.831469612303,0.55557023302,0.));
#9038 = PCURVE('',#1017,#9039);
#9039 = DEFINITIONAL_REPRESENTATION('',(#9040),#9044);
#9040 = LINE('',#9041,#9042);
#9041 = CARTESIAN_POINT('',(0.,0.));
#9042 = VECTOR('',#9043,1.);
#9043 = DIRECTION('',(1.,0.));
#9044 = ( GEOMETRIC_REPRESENTATION_CONTEXT(2) 
PARAMETRIC_REPRESENTATION_CONTEXT() REPRESENTATION_CONTEXT('2D SPACE',''
  ) );
#9045 = PCURVE('',#7571,#9046);
#9046 = DEFINITIONAL_REPRESENTATION('',(#9047),#9051);
#9047 = LINE('',#9048,#9049);
#9048 = CARTESIAN_POINT('',(0.8,-1.385640646055));
#9049 = VECTOR('',#9050,1.);
#9050 = DIRECTION('',(0.831469612303,0.55557023302));
#9051 = ( GEOMETRIC_REPRESENTATION_CONTEXT(2) 
PARAMETRIC_REPRESENTATION_CONTEXT() REPRESENTATION_CONTEXT('2D SPACE',''
  ) );
#9052 = ADVANCED_FACE('',(#9053),#1493,.T.);
#9053 = FACE_BOUND('',#9054,.T.);
#9054 = EDGE_LOOP('',(#9055,#9078,#9079,#9080));
#9055 = ORIENTED_EDGE('',*,*,#9056,.T.);
#9056 = EDGE_CURVE('',#9057,#1450,#9059,.T.);
#9057 = VERTEX_POINT('',#9058);
#9058 = CARTESIAN_POINT('',(-28.91229349178,-4.571792747982,0.));
#9059 = SURFACE_CURVE('',#9060,(#9064,#9071),.PCURVE_S1.);
#9060 = LINE('',#9061,#9062);
#9061 = CARTESIAN_POINT('',(-28.91229349178,-4.571792747982,0.));
#9062 = VECTOR('',#9063,1.);
#9063 = DIRECTION('',(-0.,-0.,1.));
#9064 = PCURVE('',#1493,#9065);
#9065 = DEFINITIONAL_REPRESENTATION('',(#9066),#9070);
#9066 = LINE('',#9067,#9068);
#9067 = CARTESIAN_POINT('',(0.,0.));
#9068 = VECTOR('',#9069,1.);
#9069 = DIRECTION('',(0.,-1.));
#9070 = ( GEOMETRIC_REPRESENTATION_CONTEXT(2) 
PARAMETRIC_REPRESENTATION_CONTEXT() REPRESENTATION_CONTEXT('2D SPACE',''
  ) );
#9071 = PCURVE('',#1465,#9072);
#9072 = DEFINITIONAL_REPRESENTATION('',(#9073),#9077);
#9073 = LINE('',#9074,#9075);
#9074 = CARTESIAN_POINT('',(0.209290013536,0.));
#9075 = VECTOR('',#9076,1.);
#9076 = DIRECTION('',(0.,-1.));
#9077 = ( GEOMETRIC_REPRESENTATION_CONTEXT(2) 
PARAMETRIC_REPRESENTATION_CONTEXT() REPRESENTATION_CONTEXT('2D SPACE',''
  ) );
#9078 = ORIENTED_EDGE('',*,*,#1477,.T.);
#9079 = ORIENTED_EDGE('',*,*,#8958,.F.);
#9080 = ORIENTED_EDGE('',*,*,#9081,.F.);
#9081 = EDGE_CURVE('',#9057,#8959,#9082,.T.);
#9082 = SURFACE_CURVE('',#9083,(#9087,#9094),.PCURVE_S1.);
#9083 = LINE('',#9084,#9085);
#9084 = CARTESIAN_POINT('',(-28.91229349178,-4.571792747982,0.));
#9085 = VECTOR('',#9086,1.);
#9086 = DIRECTION('',(0.946930129495,0.321439465303,0.));
#9087 = PCURVE('',#1493,#9088);
#9088 = DEFINITIONAL_REPRESENTATION('',(#9089),#9093);
#9089 = LINE('',#9090,#9091);
#9090 = CARTESIAN_POINT('',(0.,0.));
#9091 = VECTOR('',#9092,1.);
#9092 = DIRECTION('',(1.,0.));
#9093 = ( GEOMETRIC_REPRESENTATION_CONTEXT(2) 
PARAMETRIC_REPRESENTATION_CONTEXT() REPRESENTATION_CONTEXT('2D SPACE',''
  ) );
#9094 = PCURVE('',#7571,#9095);
#9095 = DEFINITIONAL_REPRESENTATION('',(#9096),#9100);
#9096 = LINE('',#9097,#9098);
#9097 = CARTESIAN_POINT('',(0.612293491784,1.478207252018));
#9098 = VECTOR('',#9099,1.);
#9099 = DIRECTION('',(-0.946930129495,0.321439465303));
#9100 = ( GEOMETRIC_REPRESENTATION_CONTEXT(2) 
PARAMETRIC_REPRESENTATION_CONTEXT() REPRESENTATION_CONTEXT('2D SPACE',''
  ) );
#9101 = ADVANCED_FACE('',(#9102),#1045,.T.);
#9102 = FACE_BOUND('',#9103,.T.);
#9103 = EDGE_LOOP('',(#9104,#9105,#9106,#9129));
#9104 = ORIENTED_EDGE('',*,*,#9009,.T.);
#9105 = ORIENTED_EDGE('',*,*,#1029,.T.);
#9106 = ORIENTED_EDGE('',*,*,#9107,.F.);
#9107 = EDGE_CURVE('',#9108,#1030,#9110,.T.);
#9108 = VERTEX_POINT('',#9109);
#9109 = CARTESIAN_POINT('',(-29.43137084989,-7.181370849898,0.));
#9110 = SURFACE_CURVE('',#9111,(#9115,#9122),.PCURVE_S1.);
#9111 = LINE('',#9112,#9113);
#9112 = CARTESIAN_POINT('',(-29.43137084989,-7.181370849898,0.));
#9113 = VECTOR('',#9114,1.);
#9114 = DIRECTION('',(-0.,-0.,1.));
#9115 = PCURVE('',#1045,#9116);
#9116 = DEFINITIONAL_REPRESENTATION('',(#9117),#9121);
#9117 = LINE('',#9118,#9119);
#9118 = CARTESIAN_POINT('',(0.209290013536,0.));
#9119 = VECTOR('',#9120,1.);
#9120 = DIRECTION('',(0.,-1.));
#9121 = ( GEOMETRIC_REPRESENTATION_CONTEXT(2) 
PARAMETRIC_REPRESENTATION_CONTEXT() REPRESENTATION_CONTEXT('2D SPACE',''
  ) );
#9122 = PCURVE('',#1073,#9123);
#9123 = DEFINITIONAL_REPRESENTATION('',(#9124),#9128);
#9124 = LINE('',#9125,#9126);
#9125 = CARTESIAN_POINT('',(0.,0.));
#9126 = VECTOR('',#9127,1.);
#9127 = DIRECTION('',(0.,-1.));
#9128 = ( GEOMETRIC_REPRESENTATION_CONTEXT(2) 
PARAMETRIC_REPRESENTATION_CONTEXT() REPRESENTATION_CONTEXT('2D SPACE',''
  ) );
#9129 = ORIENTED_EDGE('',*,*,#9130,.F.);
#9130 = EDGE_CURVE('',#9010,#9108,#9131,.T.);
#9131 = SURFACE_CURVE('',#9132,(#9136,#9143),.PCURVE_S1.);
#9132 = LINE('',#9133,#9134);
#9133 = CARTESIAN_POINT('',(-29.27401828641,-7.319365344466,0.));
#9134 = VECTOR('',#9135,1.);
#9135 = DIRECTION('',(-0.751839807479,0.6593458151,0.));
#9136 = PCURVE('',#1045,#9137);
#9137 = DEFINITIONAL_REPRESENTATION('',(#9138),#9142);
#9138 = LINE('',#9139,#9140);
#9139 = CARTESIAN_POINT('',(0.,0.));
#9140 = VECTOR('',#9141,1.);
#9141 = DIRECTION('',(1.,0.));
#9142 = ( GEOMETRIC_REPRESENTATION_CONTEXT(2) 
PARAMETRIC_REPRESENTATION_CONTEXT() REPRESENTATION_CONTEXT('2D SPACE',''
  ) );
#9143 = PCURVE('',#7571,#9144);
#9144 = DEFINITIONAL_REPRESENTATION('',(#9145),#9149);
#9145 = LINE('',#9146,#9147);
#9146 = CARTESIAN_POINT('',(0.974018286414,-1.269365344466));
#9147 = VECTOR('',#9148,1.);
#9148 = DIRECTION('',(0.751839807479,0.6593458151));
#9149 = ( GEOMETRIC_REPRESENTATION_CONTEXT(2) 
PARAMETRIC_REPRESENTATION_CONTEXT() REPRESENTATION_CONTEXT('2D SPACE',''
  ) );
#9150 = ADVANCED_FACE('',(#9151),#1465,.T.);
#9151 = FACE_BOUND('',#9152,.T.);
#9152 = EDGE_LOOP('',(#9153,#9176,#9177,#9178));
#9153 = ORIENTED_EDGE('',*,*,#9154,.T.);
#9154 = EDGE_CURVE('',#9155,#1422,#9157,.T.);
#9155 = VERTEX_POINT('',#9156);
#9156 = CARTESIAN_POINT('',(-29.1,-4.664359353945,0.));
#9157 = SURFACE_CURVE('',#9158,(#9162,#9169),.PCURVE_S1.);
#9158 = LINE('',#9159,#9160);
#9159 = CARTESIAN_POINT('',(-29.1,-4.664359353945,0.));
#9160 = VECTOR('',#9161,1.);
#9161 = DIRECTION('',(-0.,-0.,1.));
#9162 = PCURVE('',#1465,#9163);
#9163 = DEFINITIONAL_REPRESENTATION('',(#9164),#9168);
#9164 = LINE('',#9165,#9166);
#9165 = CARTESIAN_POINT('',(0.,0.));
#9166 = VECTOR('',#9167,1.);
#9167 = DIRECTION('',(0.,-1.));
#9168 = ( GEOMETRIC_REPRESENTATION_CONTEXT(2) 
PARAMETRIC_REPRESENTATION_CONTEXT() REPRESENTATION_CONTEXT('2D SPACE',''
  ) );
#9169 = PCURVE('',#1437,#9170);
#9170 = DEFINITIONAL_REPRESENTATION('',(#9171),#9175);
#9171 = LINE('',#9172,#9173);
#9172 = CARTESIAN_POINT('',(0.209290013536,0.));
#9173 = VECTOR('',#9174,1.);
#9174 = DIRECTION('',(0.,-1.));
#9175 = ( GEOMETRIC_REPRESENTATION_CONTEXT(2) 
PARAMETRIC_REPRESENTATION_CONTEXT() REPRESENTATION_CONTEXT('2D SPACE',''
  ) );
#9176 = ORIENTED_EDGE('',*,*,#1449,.T.);
#9177 = ORIENTED_EDGE('',*,*,#9056,.F.);
#9178 = ORIENTED_EDGE('',*,*,#9179,.F.);
#9179 = EDGE_CURVE('',#9155,#9057,#9180,.T.);
#9180 = SURFACE_CURVE('',#9181,(#9185,#9192),.PCURVE_S1.);
#9181 = LINE('',#9182,#9183);
#9182 = CARTESIAN_POINT('',(-29.1,-4.664359353945,0.));
#9183 = VECTOR('',#9184,1.);
#9184 = DIRECTION('',(0.896872741533,0.442288690219,0.));
#9185 = PCURVE('',#1465,#9186);
#9186 = DEFINITIONAL_REPRESENTATION('',(#9187),#9191);
#9187 = LINE('',#9188,#9189);
#9188 = CARTESIAN_POINT('',(0.,0.));
#9189 = VECTOR('',#9190,1.);
#9190 = DIRECTION('',(1.,0.));
#9191 = ( GEOMETRIC_REPRESENTATION_CONTEXT(2) 
PARAMETRIC_REPRESENTATION_CONTEXT() REPRESENTATION_CONTEXT('2D SPACE',''
  ) );
#9192 = PCURVE('',#7571,#9193);
#9193 = DEFINITIONAL_REPRESENTATION('',(#9194),#9198);
#9194 = LINE('',#9195,#9196);
#9195 = CARTESIAN_POINT('',(0.8,1.385640646055));
#9196 = VECTOR('',#9197,1.);
#9197 = DIRECTION('',(-0.896872741533,0.442288690219));
#9198 = ( GEOMETRIC_REPRESENTATION_CONTEXT(2) 
PARAMETRIC_REPRESENTATION_CONTEXT() REPRESENTATION_CONTEXT('2D SPACE',''
  ) );
#9199 = ADVANCED_FACE('',(#9200),#1073,.T.);
#9200 = FACE_BOUND('',#9201,.T.);
#9201 = EDGE_LOOP('',(#9202,#9203,#9204,#9227));
#9202 = ORIENTED_EDGE('',*,*,#9107,.T.);
#9203 = ORIENTED_EDGE('',*,*,#1057,.T.);
#9204 = ORIENTED_EDGE('',*,*,#9205,.F.);
#9205 = EDGE_CURVE('',#9206,#1058,#9208,.T.);
#9206 = VERTEX_POINT('',#9207);
#9207 = CARTESIAN_POINT('',(-29.56936534446,-7.024018286414,0.));
#9208 = SURFACE_CURVE('',#9209,(#9213,#9220),.PCURVE_S1.);
#9209 = LINE('',#9210,#9211);
#9210 = CARTESIAN_POINT('',(-29.56936534446,-7.024018286414,0.));
#9211 = VECTOR('',#9212,1.);
#9212 = DIRECTION('',(-0.,-0.,1.));
#9213 = PCURVE('',#1073,#9214);
#9214 = DEFINITIONAL_REPRESENTATION('',(#9215),#9219);
#9215 = LINE('',#9216,#9217);
#9216 = CARTESIAN_POINT('',(0.209290013536,0.));
#9217 = VECTOR('',#9218,1.);
#9218 = DIRECTION('',(0.,-1.));
#9219 = ( GEOMETRIC_REPRESENTATION_CONTEXT(2) 
PARAMETRIC_REPRESENTATION_CONTEXT() REPRESENTATION_CONTEXT('2D SPACE',''
  ) );
#9220 = PCURVE('',#1101,#9221);
#9221 = DEFINITIONAL_REPRESENTATION('',(#9222),#9226);
#9222 = LINE('',#9223,#9224);
#9223 = CARTESIAN_POINT('',(0.,0.));
#9224 = VECTOR('',#9225,1.);
#9225 = DIRECTION('',(0.,-1.));
#9226 = ( GEOMETRIC_REPRESENTATION_CONTEXT(2) 
PARAMETRIC_REPRESENTATION_CONTEXT() REPRESENTATION_CONTEXT('2D SPACE',''
  ) );
#9227 = ORIENTED_EDGE('',*,*,#9228,.F.);
#9228 = EDGE_CURVE('',#9108,#9206,#9229,.T.);
#9229 = SURFACE_CURVE('',#9230,(#9234,#9241),.PCURVE_S1.);
#9230 = LINE('',#9231,#9232);
#9231 = CARTESIAN_POINT('',(-29.43137084989,-7.181370849898,0.));
#9232 = VECTOR('',#9233,1.);
#9233 = DIRECTION('',(-0.6593458151,0.751839807479,0.));
#9234 = PCURVE('',#1073,#9235);
#9235 = DEFINITIONAL_REPRESENTATION('',(#9236),#9240);
#9236 = LINE('',#9237,#9238);
#9237 = CARTESIAN_POINT('',(0.,0.));
#9238 = VECTOR('',#9239,1.);
#9239 = DIRECTION('',(1.,0.));
#9240 = ( GEOMETRIC_REPRESENTATION_CONTEXT(2) 
PARAMETRIC_REPRESENTATION_CONTEXT() REPRESENTATION_CONTEXT('2D SPACE',''
  ) );
#9241 = PCURVE('',#7571,#9242);
#9242 = DEFINITIONAL_REPRESENTATION('',(#9243),#9247);
#9243 = LINE('',#9244,#9245);
#9244 = CARTESIAN_POINT('',(1.131370849898,-1.131370849898));
#9245 = VECTOR('',#9246,1.);
#9246 = DIRECTION('',(0.6593458151,0.751839807479));
#9247 = ( GEOMETRIC_REPRESENTATION_CONTEXT(2) 
PARAMETRIC_REPRESENTATION_CONTEXT() REPRESENTATION_CONTEXT('2D SPACE',''
  ) );
#9248 = ADVANCED_FACE('',(#9249),#1437,.T.);
#9249 = FACE_BOUND('',#9250,.T.);
#9250 = EDGE_LOOP('',(#9251,#9274,#9275,#9276));
#9251 = ORIENTED_EDGE('',*,*,#9252,.T.);
#9252 = EDGE_CURVE('',#9253,#1394,#9255,.T.);
#9253 = VERTEX_POINT('',#9254);
#9254 = CARTESIAN_POINT('',(-29.27401828641,-4.780634655534,0.));
#9255 = SURFACE_CURVE('',#9256,(#9260,#9267),.PCURVE_S1.);
#9256 = LINE('',#9257,#9258);
#9257 = CARTESIAN_POINT('',(-29.27401828641,-4.780634655534,0.));
#9258 = VECTOR('',#9259,1.);
#9259 = DIRECTION('',(-0.,-0.,1.));
#9260 = PCURVE('',#1437,#9261);
#9261 = DEFINITIONAL_REPRESENTATION('',(#9262),#9266);
#9262 = LINE('',#9263,#9264);
#9263 = CARTESIAN_POINT('',(0.,0.));
#9264 = VECTOR('',#9265,1.);
#9265 = DIRECTION('',(0.,-1.));
#9266 = ( GEOMETRIC_REPRESENTATION_CONTEXT(2) 
PARAMETRIC_REPRESENTATION_CONTEXT() REPRESENTATION_CONTEXT('2D SPACE',''
  ) );
#9267 = PCURVE('',#1409,#9268);
#9268 = DEFINITIONAL_REPRESENTATION('',(#9269),#9273);
#9269 = LINE('',#9270,#9271);
#9270 = CARTESIAN_POINT('',(0.209290013536,0.));
#9271 = VECTOR('',#9272,1.);
#9272 = DIRECTION('',(0.,-1.));
#9273 = ( GEOMETRIC_REPRESENTATION_CONTEXT(2) 
PARAMETRIC_REPRESENTATION_CONTEXT() REPRESENTATION_CONTEXT('2D SPACE',''
  ) );
#9274 = ORIENTED_EDGE('',*,*,#1421,.T.);
#9275 = ORIENTED_EDGE('',*,*,#9154,.F.);
#9276 = ORIENTED_EDGE('',*,*,#9277,.F.);
#9277 = EDGE_CURVE('',#9253,#9155,#9278,.T.);
#9278 = SURFACE_CURVE('',#9279,(#9283,#9290),.PCURVE_S1.);
#9279 = LINE('',#9280,#9281);
#9280 = CARTESIAN_POINT('',(-29.27401828641,-4.780634655534,0.));
#9281 = VECTOR('',#9282,1.);
#9282 = DIRECTION('',(0.831469612303,0.55557023302,0.));
#9283 = PCURVE('',#1437,#9284);
#9284 = DEFINITIONAL_REPRESENTATION('',(#9285),#9289);
#9285 = LINE('',#9286,#9287);
#9286 = CARTESIAN_POINT('',(0.,0.));
#9287 = VECTOR('',#9288,1.);
#9288 = DIRECTION('',(1.,0.));
#9289 = ( GEOMETRIC_REPRESENTATION_CONTEXT(2) 
PARAMETRIC_REPRESENTATION_CONTEXT() REPRESENTATION_CONTEXT('2D SPACE',''
  ) );
#9290 = PCURVE('',#7571,#9291);
#9291 = DEFINITIONAL_REPRESENTATION('',(#9292),#9296);
#9292 = LINE('',#9293,#9294);
#9293 = CARTESIAN_POINT('',(0.974018286414,1.269365344466));
#9294 = VECTOR('',#9295,1.);
#9295 = DIRECTION('',(-0.831469612303,0.55557023302));
#9296 = ( GEOMETRIC_REPRESENTATION_CONTEXT(2) 
PARAMETRIC_REPRESENTATION_CONTEXT() REPRESENTATION_CONTEXT('2D SPACE',''
  ) );
#9297 = ADVANCED_FACE('',(#9298),#1101,.T.);
#9298 = FACE_BOUND('',#9299,.T.);
#9299 = EDGE_LOOP('',(#9300,#9301,#9302,#9325));
#9300 = ORIENTED_EDGE('',*,*,#9205,.T.);
#9301 = ORIENTED_EDGE('',*,*,#1085,.T.);
#9302 = ORIENTED_EDGE('',*,*,#9303,.F.);
#9303 = EDGE_CURVE('',#9304,#1086,#9306,.T.);
#9304 = VERTEX_POINT('',#9305);
#9305 = CARTESIAN_POINT('',(-29.68564064605,-6.85,0.));
#9306 = SURFACE_CURVE('',#9307,(#9311,#9318),.PCURVE_S1.);
#9307 = LINE('',#9308,#9309);
#9308 = CARTESIAN_POINT('',(-29.68564064605,-6.85,0.));
#9309 = VECTOR('',#9310,1.);
#9310 = DIRECTION('',(-0.,-0.,1.));
#9311 = PCURVE('',#1101,#9312);
#9312 = DEFINITIONAL_REPRESENTATION('',(#9313),#9317);
#9313 = LINE('',#9314,#9315);
#9314 = CARTESIAN_POINT('',(0.209290013536,0.));
#9315 = VECTOR('',#9316,1.);
#9316 = DIRECTION('',(0.,-1.));
#9317 = ( GEOMETRIC_REPRESENTATION_CONTEXT(2) 
PARAMETRIC_REPRESENTATION_CONTEXT() REPRESENTATION_CONTEXT('2D SPACE',''
  ) );
#9318 = PCURVE('',#1129,#9319);
#9319 = DEFINITIONAL_REPRESENTATION('',(#9320),#9324);
#9320 = LINE('',#9321,#9322);
#9321 = CARTESIAN_POINT('',(0.,0.));
#9322 = VECTOR('',#9323,1.);
#9323 = DIRECTION('',(0.,-1.));
#9324 = ( GEOMETRIC_REPRESENTATION_CONTEXT(2) 
PARAMETRIC_REPRESENTATION_CONTEXT() REPRESENTATION_CONTEXT('2D SPACE',''
  ) );
#9325 = ORIENTED_EDGE('',*,*,#9326,.F.);
#9326 = EDGE_CURVE('',#9206,#9304,#9327,.T.);
#9327 = SURFACE_CURVE('',#9328,(#9332,#9339),.PCURVE_S1.);
#9328 = LINE('',#9329,#9330);
#9329 = CARTESIAN_POINT('',(-29.56936534446,-7.024018286414,0.));
#9330 = VECTOR('',#9331,1.);
#9331 = DIRECTION('',(-0.55557023302,0.831469612303,0.));
#9332 = PCURVE('',#1101,#9333);
#9333 = DEFINITIONAL_REPRESENTATION('',(#9334),#9338);
#9334 = LINE('',#9335,#9336);
#9335 = CARTESIAN_POINT('',(0.,0.));
#9336 = VECTOR('',#9337,1.);
#9337 = DIRECTION('',(1.,0.));
#9338 = ( GEOMETRIC_REPRESENTATION_CONTEXT(2) 
PARAMETRIC_REPRESENTATION_CONTEXT() REPRESENTATION_CONTEXT('2D SPACE',''
  ) );
#9339 = PCURVE('',#7571,#9340);
#9340 = DEFINITIONAL_REPRESENTATION('',(#9341),#9345);
#9341 = LINE('',#9342,#9343);
#9342 = CARTESIAN_POINT('',(1.269365344466,-0.974018286414));
#9343 = VECTOR('',#9344,1.);
#9344 = DIRECTION('',(0.55557023302,0.831469612303));
#9345 = ( GEOMETRIC_REPRESENTATION_CONTEXT(2) 
PARAMETRIC_REPRESENTATION_CONTEXT() REPRESENTATION_CONTEXT('2D SPACE',''
  ) );
#9346 = ADVANCED_FACE('',(#9347),#1409,.T.);
#9347 = FACE_BOUND('',#9348,.T.);
#9348 = EDGE_LOOP('',(#9349,#9372,#9373,#9374));
#9349 = ORIENTED_EDGE('',*,*,#9350,.T.);
#9350 = EDGE_CURVE('',#9351,#1366,#9353,.T.);
#9351 = VERTEX_POINT('',#9352);
#9352 = CARTESIAN_POINT('',(-29.43137084989,-4.918629150102,0.));
#9353 = SURFACE_CURVE('',#9354,(#9358,#9365),.PCURVE_S1.);
#9354 = LINE('',#9355,#9356);
#9355 = CARTESIAN_POINT('',(-29.43137084989,-4.918629150102,0.));
#9356 = VECTOR('',#9357,1.);
#9357 = DIRECTION('',(-0.,-0.,1.));
#9358 = PCURVE('',#1409,#9359);
#9359 = DEFINITIONAL_REPRESENTATION('',(#9360),#9364);
#9360 = LINE('',#9361,#9362);
#9361 = CARTESIAN_POINT('',(0.,0.));
#9362 = VECTOR('',#9363,1.);
#9363 = DIRECTION('',(0.,-1.));
#9364 = ( GEOMETRIC_REPRESENTATION_CONTEXT(2) 
PARAMETRIC_REPRESENTATION_CONTEXT() REPRESENTATION_CONTEXT('2D SPACE',''
  ) );
#9365 = PCURVE('',#1381,#9366);
#9366 = DEFINITIONAL_REPRESENTATION('',(#9367),#9371);
#9367 = LINE('',#9368,#9369);
#9368 = CARTESIAN_POINT('',(0.209290013536,0.));
#9369 = VECTOR('',#9370,1.);
#9370 = DIRECTION('',(0.,-1.));
#9371 = ( GEOMETRIC_REPRESENTATION_CONTEXT(2) 
PARAMETRIC_REPRESENTATION_CONTEXT() REPRESENTATION_CONTEXT('2D SPACE',''
  ) );
#9372 = ORIENTED_EDGE('',*,*,#1393,.T.);
#9373 = ORIENTED_EDGE('',*,*,#9252,.F.);
#9374 = ORIENTED_EDGE('',*,*,#9375,.F.);
#9375 = EDGE_CURVE('',#9351,#9253,#9376,.T.);
#9376 = SURFACE_CURVE('',#9377,(#9381,#9388),.PCURVE_S1.);
#9377 = LINE('',#9378,#9379);
#9378 = CARTESIAN_POINT('',(-29.43137084989,-4.918629150102,0.));
#9379 = VECTOR('',#9380,1.);
#9380 = DIRECTION('',(0.751839807479,0.6593458151,0.));
#9381 = PCURVE('',#1409,#9382);
#9382 = DEFINITIONAL_REPRESENTATION('',(#9383),#9387);
#9383 = LINE('',#9384,#9385);
#9384 = CARTESIAN_POINT('',(0.,0.));
#9385 = VECTOR('',#9386,1.);
#9386 = DIRECTION('',(1.,0.));
#9387 = ( GEOMETRIC_REPRESENTATION_CONTEXT(2) 
PARAMETRIC_REPRESENTATION_CONTEXT() REPRESENTATION_CONTEXT('2D SPACE',''
  ) );
#9388 = PCURVE('',#7571,#9389);
#9389 = DEFINITIONAL_REPRESENTATION('',(#9390),#9394);
#9390 = LINE('',#9391,#9392);
#9391 = CARTESIAN_POINT('',(1.131370849898,1.131370849898));
#9392 = VECTOR('',#9393,1.);
#9393 = DIRECTION('',(-0.751839807479,0.6593458151));
#9394 = ( GEOMETRIC_REPRESENTATION_CONTEXT(2) 
PARAMETRIC_REPRESENTATION_CONTEXT() REPRESENTATION_CONTEXT('2D SPACE',''
  ) );
#9395 = ADVANCED_FACE('',(#9396),#1129,.T.);
#9396 = FACE_BOUND('',#9397,.T.);
#9397 = EDGE_LOOP('',(#9398,#9399,#9400,#9423));
#9398 = ORIENTED_EDGE('',*,*,#9303,.T.);
#9399 = ORIENTED_EDGE('',*,*,#1113,.T.);
#9400 = ORIENTED_EDGE('',*,*,#9401,.F.);
#9401 = EDGE_CURVE('',#9402,#1114,#9404,.T.);
#9402 = VERTEX_POINT('',#9403);
#9403 = CARTESIAN_POINT('',(-29.77820725201,-6.662293491784,0.));
#9404 = SURFACE_CURVE('',#9405,(#9409,#9416),.PCURVE_S1.);
#9405 = LINE('',#9406,#9407);
#9406 = CARTESIAN_POINT('',(-29.77820725201,-6.662293491784,0.));
#9407 = VECTOR('',#9408,1.);
#9408 = DIRECTION('',(-0.,-0.,1.));
#9409 = PCURVE('',#1129,#9410);
#9410 = DEFINITIONAL_REPRESENTATION('',(#9411),#9415);
#9411 = LINE('',#9412,#9413);
#9412 = CARTESIAN_POINT('',(0.209290013536,0.));
#9413 = VECTOR('',#9414,1.);
#9414 = DIRECTION('',(0.,-1.));
#9415 = ( GEOMETRIC_REPRESENTATION_CONTEXT(2) 
PARAMETRIC_REPRESENTATION_CONTEXT() REPRESENTATION_CONTEXT('2D SPACE',''
  ) );
#9416 = PCURVE('',#1157,#9417);
#9417 = DEFINITIONAL_REPRESENTATION('',(#9418),#9422);
#9418 = LINE('',#9419,#9420);
#9419 = CARTESIAN_POINT('',(0.,0.));
#9420 = VECTOR('',#9421,1.);
#9421 = DIRECTION('',(0.,-1.));
#9422 = ( GEOMETRIC_REPRESENTATION_CONTEXT(2) 
PARAMETRIC_REPRESENTATION_CONTEXT() REPRESENTATION_CONTEXT('2D SPACE',''
  ) );
#9423 = ORIENTED_EDGE('',*,*,#9424,.F.);
#9424 = EDGE_CURVE('',#9304,#9402,#9425,.T.);
#9425 = SURFACE_CURVE('',#9426,(#9430,#9437),.PCURVE_S1.);
#9426 = LINE('',#9427,#9428);
#9427 = CARTESIAN_POINT('',(-29.68564064605,-6.85,0.));
#9428 = VECTOR('',#9429,1.);
#9429 = DIRECTION('',(-0.442288690219,0.896872741533,0.));
#9430 = PCURVE('',#1129,#9431);
#9431 = DEFINITIONAL_REPRESENTATION('',(#9432),#9436);
#9432 = LINE('',#9433,#9434);
#9433 = CARTESIAN_POINT('',(0.,0.));
#9434 = VECTOR('',#9435,1.);
#9435 = DIRECTION('',(1.,0.));
#9436 = ( GEOMETRIC_REPRESENTATION_CONTEXT(2) 
PARAMETRIC_REPRESENTATION_CONTEXT() REPRESENTATION_CONTEXT('2D SPACE',''
  ) );
#9437 = PCURVE('',#7571,#9438);
#9438 = DEFINITIONAL_REPRESENTATION('',(#9439),#9443);
#9439 = LINE('',#9440,#9441);
#9440 = CARTESIAN_POINT('',(1.385640646055,-0.8));
#9441 = VECTOR('',#9442,1.);
#9442 = DIRECTION('',(0.442288690219,0.896872741533));
#9443 = ( GEOMETRIC_REPRESENTATION_CONTEXT(2) 
PARAMETRIC_REPRESENTATION_CONTEXT() REPRESENTATION_CONTEXT('2D SPACE',''
  ) );
#9444 = ADVANCED_FACE('',(#9445),#1381,.T.);
#9445 = FACE_BOUND('',#9446,.T.);
#9446 = EDGE_LOOP('',(#9447,#9470,#9471,#9472));
#9447 = ORIENTED_EDGE('',*,*,#9448,.T.);
#9448 = EDGE_CURVE('',#9449,#1338,#9451,.T.);
#9449 = VERTEX_POINT('',#9450);
#9450 = CARTESIAN_POINT('',(-29.56936534446,-5.075981713586,0.));
#9451 = SURFACE_CURVE('',#9452,(#9456,#9463),.PCURVE_S1.);
#9452 = LINE('',#9453,#9454);
#9453 = CARTESIAN_POINT('',(-29.56936534446,-5.075981713586,0.));
#9454 = VECTOR('',#9455,1.);
#9455 = DIRECTION('',(-0.,-0.,1.));
#9456 = PCURVE('',#1381,#9457);
#9457 = DEFINITIONAL_REPRESENTATION('',(#9458),#9462);
#9458 = LINE('',#9459,#9460);
#9459 = CARTESIAN_POINT('',(0.,0.));
#9460 = VECTOR('',#9461,1.);
#9461 = DIRECTION('',(0.,-1.));
#9462 = ( GEOMETRIC_REPRESENTATION_CONTEXT(2) 
PARAMETRIC_REPRESENTATION_CONTEXT() REPRESENTATION_CONTEXT('2D SPACE',''
  ) );
#9463 = PCURVE('',#1353,#9464);
#9464 = DEFINITIONAL_REPRESENTATION('',(#9465),#9469);
#9465 = LINE('',#9466,#9467);
#9466 = CARTESIAN_POINT('',(0.209290013536,0.));
#9467 = VECTOR('',#9468,1.);
#9468 = DIRECTION('',(0.,-1.));
#9469 = ( GEOMETRIC_REPRESENTATION_CONTEXT(2) 
PARAMETRIC_REPRESENTATION_CONTEXT() REPRESENTATION_CONTEXT('2D SPACE',''
  ) );
#9470 = ORIENTED_EDGE('',*,*,#1365,.T.);
#9471 = ORIENTED_EDGE('',*,*,#9350,.F.);
#9472 = ORIENTED_EDGE('',*,*,#9473,.F.);
#9473 = EDGE_CURVE('',#9449,#9351,#9474,.T.);
#9474 = SURFACE_CURVE('',#9475,(#9479,#9486),.PCURVE_S1.);
#9475 = LINE('',#9476,#9477);
#9476 = CARTESIAN_POINT('',(-29.56936534446,-5.075981713586,0.));
#9477 = VECTOR('',#9478,1.);
#9478 = DIRECTION('',(0.6593458151,0.751839807479,0.));
#9479 = PCURVE('',#1381,#9480);
#9480 = DEFINITIONAL_REPRESENTATION('',(#9481),#9485);
#9481 = LINE('',#9482,#9483);
#9482 = CARTESIAN_POINT('',(0.,0.));
#9483 = VECTOR('',#9484,1.);
#9484 = DIRECTION('',(1.,0.));
#9485 = ( GEOMETRIC_REPRESENTATION_CONTEXT(2) 
PARAMETRIC_REPRESENTATION_CONTEXT() REPRESENTATION_CONTEXT('2D SPACE',''
  ) );
#9486 = PCURVE('',#7571,#9487);
#9487 = DEFINITIONAL_REPRESENTATION('',(#9488),#9492);
#9488 = LINE('',#9489,#9490);
#9489 = CARTESIAN_POINT('',(1.269365344466,0.974018286414));
#9490 = VECTOR('',#9491,1.);
#9491 = DIRECTION('',(-0.6593458151,0.751839807479));
#9492 = ( GEOMETRIC_REPRESENTATION_CONTEXT(2) 
PARAMETRIC_REPRESENTATION_CONTEXT() REPRESENTATION_CONTEXT('2D SPACE',''
  ) );
#9493 = ADVANCED_FACE('',(#9494),#1157,.T.);
#9494 = FACE_BOUND('',#9495,.T.);
#9495 = EDGE_LOOP('',(#9496,#9497,#9498,#9521));
#9496 = ORIENTED_EDGE('',*,*,#9401,.T.);
#9497 = ORIENTED_EDGE('',*,*,#1141,.T.);
#9498 = ORIENTED_EDGE('',*,*,#9499,.F.);
#9499 = EDGE_CURVE('',#9500,#1142,#9502,.T.);
#9500 = VERTEX_POINT('',#9501);
#9501 = CARTESIAN_POINT('',(-29.84548132206,-6.464110472164,0.));
#9502 = SURFACE_CURVE('',#9503,(#9507,#9514),.PCURVE_S1.);
#9503 = LINE('',#9504,#9505);
#9504 = CARTESIAN_POINT('',(-29.84548132206,-6.464110472164,0.));
#9505 = VECTOR('',#9506,1.);
#9506 = DIRECTION('',(-0.,-0.,1.));
#9507 = PCURVE('',#1157,#9508);
#9508 = DEFINITIONAL_REPRESENTATION('',(#9509),#9513);
#9509 = LINE('',#9510,#9511);
#9510 = CARTESIAN_POINT('',(0.209290013536,0.));
#9511 = VECTOR('',#9512,1.);
#9512 = DIRECTION('',(0.,-1.));
#9513 = ( GEOMETRIC_REPRESENTATION_CONTEXT(2) 
PARAMETRIC_REPRESENTATION_CONTEXT() REPRESENTATION_CONTEXT('2D SPACE',''
  ) );
#9514 = PCURVE('',#1185,#9515);
#9515 = DEFINITIONAL_REPRESENTATION('',(#9516),#9520);
#9516 = LINE('',#9517,#9518);
#9517 = CARTESIAN_POINT('',(0.,0.));
#9518 = VECTOR('',#9519,1.);
#9519 = DIRECTION('',(0.,-1.));
#9520 = ( GEOMETRIC_REPRESENTATION_CONTEXT(2) 
PARAMETRIC_REPRESENTATION_CONTEXT() REPRESENTATION_CONTEXT('2D SPACE',''
  ) );
#9521 = ORIENTED_EDGE('',*,*,#9522,.F.);
#9522 = EDGE_CURVE('',#9402,#9500,#9523,.T.);
#9523 = SURFACE_CURVE('',#9524,(#9528,#9535),.PCURVE_S1.);
#9524 = LINE('',#9525,#9526);
#9525 = CARTESIAN_POINT('',(-29.77820725201,-6.662293491784,0.));
#9526 = VECTOR('',#9527,1.);
#9527 = DIRECTION('',(-0.321439465303,0.946930129495,0.));
#9528 = PCURVE('',#1157,#9529);
#9529 = DEFINITIONAL_REPRESENTATION('',(#9530),#9534);
#9530 = LINE('',#9531,#9532);
#9531 = CARTESIAN_POINT('',(0.,0.));
#9532 = VECTOR('',#9533,1.);
#9533 = DIRECTION('',(1.,0.));
#9534 = ( GEOMETRIC_REPRESENTATION_CONTEXT(2) 
PARAMETRIC_REPRESENTATION_CONTEXT() REPRESENTATION_CONTEXT('2D SPACE',''
  ) );
#9535 = PCURVE('',#7571,#9536);
#9536 = DEFINITIONAL_REPRESENTATION('',(#9537),#9541);
#9537 = LINE('',#9538,#9539);
#9538 = CARTESIAN_POINT('',(1.478207252018,-0.612293491784));
#9539 = VECTOR('',#9540,1.);
#9540 = DIRECTION('',(0.321439465303,0.946930129495));
#9541 = ( GEOMETRIC_REPRESENTATION_CONTEXT(2) 
PARAMETRIC_REPRESENTATION_CONTEXT() REPRESENTATION_CONTEXT('2D SPACE',''
  ) );
#9542 = ADVANCED_FACE('',(#9543),#1353,.T.);
#9543 = FACE_BOUND('',#9544,.T.);
#9544 = EDGE_LOOP('',(#9545,#9568,#9569,#9570));
#9545 = ORIENTED_EDGE('',*,*,#9546,.T.);
#9546 = EDGE_CURVE('',#9547,#1310,#9549,.T.);
#9547 = VERTEX_POINT('',#9548);
#9548 = CARTESIAN_POINT('',(-29.68564064605,-5.25,0.));
#9549 = SURFACE_CURVE('',#9550,(#9554,#9561),.PCURVE_S1.);
#9550 = LINE('',#9551,#9552);
#9551 = CARTESIAN_POINT('',(-29.68564064605,-5.25,0.));
#9552 = VECTOR('',#9553,1.);
#9553 = DIRECTION('',(-0.,-0.,1.));
#9554 = PCURVE('',#1353,#9555);
#9555 = DEFINITIONAL_REPRESENTATION('',(#9556),#9560);
#9556 = LINE('',#9557,#9558);
#9557 = CARTESIAN_POINT('',(0.,0.));
#9558 = VECTOR('',#9559,1.);
#9559 = DIRECTION('',(0.,-1.));
#9560 = ( GEOMETRIC_REPRESENTATION_CONTEXT(2) 
PARAMETRIC_REPRESENTATION_CONTEXT() REPRESENTATION_CONTEXT('2D SPACE',''
  ) );
#9561 = PCURVE('',#1325,#9562);
#9562 = DEFINITIONAL_REPRESENTATION('',(#9563),#9567);
#9563 = LINE('',#9564,#9565);
#9564 = CARTESIAN_POINT('',(0.209290013536,0.));
#9565 = VECTOR('',#9566,1.);
#9566 = DIRECTION('',(0.,-1.));
#9567 = ( GEOMETRIC_REPRESENTATION_CONTEXT(2) 
PARAMETRIC_REPRESENTATION_CONTEXT() REPRESENTATION_CONTEXT('2D SPACE',''
  ) );
#9568 = ORIENTED_EDGE('',*,*,#1337,.T.);
#9569 = ORIENTED_EDGE('',*,*,#9448,.F.);
#9570 = ORIENTED_EDGE('',*,*,#9571,.F.);
#9571 = EDGE_CURVE('',#9547,#9449,#9572,.T.);
#9572 = SURFACE_CURVE('',#9573,(#9577,#9584),.PCURVE_S1.);
#9573 = LINE('',#9574,#9575);
#9574 = CARTESIAN_POINT('',(-29.68564064605,-5.25,0.));
#9575 = VECTOR('',#9576,1.);
#9576 = DIRECTION('',(0.55557023302,0.831469612303,0.));
#9577 = PCURVE('',#1353,#9578);
#9578 = DEFINITIONAL_REPRESENTATION('',(#9579),#9583);
#9579 = LINE('',#9580,#9581);
#9580 = CARTESIAN_POINT('',(0.,0.));
#9581 = VECTOR('',#9582,1.);
#9582 = DIRECTION('',(1.,0.));
#9583 = ( GEOMETRIC_REPRESENTATION_CONTEXT(2) 
PARAMETRIC_REPRESENTATION_CONTEXT() REPRESENTATION_CONTEXT('2D SPACE',''
  ) );
#9584 = PCURVE('',#7571,#9585);
#9585 = DEFINITIONAL_REPRESENTATION('',(#9586),#9590);
#9586 = LINE('',#9587,#9588);
#9587 = CARTESIAN_POINT('',(1.385640646055,0.8));
#9588 = VECTOR('',#9589,1.);
#9589 = DIRECTION('',(-0.55557023302,0.831469612303));
#9590 = ( GEOMETRIC_REPRESENTATION_CONTEXT(2) 
PARAMETRIC_REPRESENTATION_CONTEXT() REPRESENTATION_CONTEXT('2D SPACE',''
  ) );
#9591 = ADVANCED_FACE('',(#9592),#1185,.T.);
#9592 = FACE_BOUND('',#9593,.T.);
#9593 = EDGE_LOOP('',(#9594,#9595,#9596,#9619));
#9594 = ORIENTED_EDGE('',*,*,#9499,.T.);
#9595 = ORIENTED_EDGE('',*,*,#1169,.T.);
#9596 = ORIENTED_EDGE('',*,*,#9597,.F.);
#9597 = EDGE_CURVE('',#9598,#1170,#9600,.T.);
#9598 = VERTEX_POINT('',#9599);
#9599 = CARTESIAN_POINT('',(-29.88631177819,-6.258841907552,0.));
#9600 = SURFACE_CURVE('',#9601,(#9605,#9612),.PCURVE_S1.);
#9601 = LINE('',#9602,#9603);
#9602 = CARTESIAN_POINT('',(-29.88631177819,-6.258841907552,0.));
#9603 = VECTOR('',#9604,1.);
#9604 = DIRECTION('',(-0.,-0.,1.));
#9605 = PCURVE('',#1185,#9606);
#9606 = DEFINITIONAL_REPRESENTATION('',(#9607),#9611);
#9607 = LINE('',#9608,#9609);
#9608 = CARTESIAN_POINT('',(0.209290013536,0.));
#9609 = VECTOR('',#9610,1.);
#9610 = DIRECTION('',(0.,-1.));
#9611 = ( GEOMETRIC_REPRESENTATION_CONTEXT(2) 
PARAMETRIC_REPRESENTATION_CONTEXT() REPRESENTATION_CONTEXT('2D SPACE',''
  ) );
#9612 = PCURVE('',#1213,#9613);
#9613 = DEFINITIONAL_REPRESENTATION('',(#9614),#9618);
#9614 = LINE('',#9615,#9616);
#9615 = CARTESIAN_POINT('',(0.,0.));
#9616 = VECTOR('',#9617,1.);
#9617 = DIRECTION('',(0.,-1.));
#9618 = ( GEOMETRIC_REPRESENTATION_CONTEXT(2) 
PARAMETRIC_REPRESENTATION_CONTEXT() REPRESENTATION_CONTEXT('2D SPACE',''
  ) );
#9619 = ORIENTED_EDGE('',*,*,#9620,.F.);
#9620 = EDGE_CURVE('',#9500,#9598,#9621,.T.);
#9621 = SURFACE_CURVE('',#9622,(#9626,#9633),.PCURVE_S1.);
#9622 = LINE('',#9623,#9624);
#9623 = CARTESIAN_POINT('',(-29.84548132206,-6.464110472164,0.));
#9624 = VECTOR('',#9625,1.);
#9625 = DIRECTION('',(-0.195090322016,0.980785280403,0.));
#9626 = PCURVE('',#1185,#9627);
#9627 = DEFINITIONAL_REPRESENTATION('',(#9628),#9632);
#9628 = LINE('',#9629,#9630);
#9629 = CARTESIAN_POINT('',(0.,0.));
#9630 = VECTOR('',#9631,1.);
#9631 = DIRECTION('',(1.,0.));
#9632 = ( GEOMETRIC_REPRESENTATION_CONTEXT(2) 
PARAMETRIC_REPRESENTATION_CONTEXT() REPRESENTATION_CONTEXT('2D SPACE',''
  ) );
#9633 = PCURVE('',#7571,#9634);
#9634 = DEFINITIONAL_REPRESENTATION('',(#9635),#9639);
#9635 = LINE('',#9636,#9637);
#9636 = CARTESIAN_POINT('',(1.545481322063,-0.414110472164));
#9637 = VECTOR('',#9638,1.);
#9638 = DIRECTION('',(0.195090322016,0.980785280403));
#9639 = ( GEOMETRIC_REPRESENTATION_CONTEXT(2) 
PARAMETRIC_REPRESENTATION_CONTEXT() REPRESENTATION_CONTEXT('2D SPACE',''
  ) );
#9640 = ADVANCED_FACE('',(#9641),#1325,.T.);
#9641 = FACE_BOUND('',#9642,.T.);
#9642 = EDGE_LOOP('',(#9643,#9666,#9667,#9668));
#9643 = ORIENTED_EDGE('',*,*,#9644,.T.);
#9644 = EDGE_CURVE('',#9645,#1282,#9647,.T.);
#9645 = VERTEX_POINT('',#9646);
#9646 = CARTESIAN_POINT('',(-29.77820725201,-5.437706508216,0.));
#9647 = SURFACE_CURVE('',#9648,(#9652,#9659),.PCURVE_S1.);
#9648 = LINE('',#9649,#9650);
#9649 = CARTESIAN_POINT('',(-29.77820725201,-5.437706508216,0.));
#9650 = VECTOR('',#9651,1.);
#9651 = DIRECTION('',(-0.,-0.,1.));
#9652 = PCURVE('',#1325,#9653);
#9653 = DEFINITIONAL_REPRESENTATION('',(#9654),#9658);
#9654 = LINE('',#9655,#9656);
#9655 = CARTESIAN_POINT('',(0.,0.));
#9656 = VECTOR('',#9657,1.);
#9657 = DIRECTION('',(0.,-1.));
#9658 = ( GEOMETRIC_REPRESENTATION_CONTEXT(2) 
PARAMETRIC_REPRESENTATION_CONTEXT() REPRESENTATION_CONTEXT('2D SPACE',''
  ) );
#9659 = PCURVE('',#1297,#9660);
#9660 = DEFINITIONAL_REPRESENTATION('',(#9661),#9665);
#9661 = LINE('',#9662,#9663);
#9662 = CARTESIAN_POINT('',(0.209290013536,0.));
#9663 = VECTOR('',#9664,1.);
#9664 = DIRECTION('',(0.,-1.));
#9665 = ( GEOMETRIC_REPRESENTATION_CONTEXT(2) 
PARAMETRIC_REPRESENTATION_CONTEXT() REPRESENTATION_CONTEXT('2D SPACE',''
  ) );
#9666 = ORIENTED_EDGE('',*,*,#1309,.T.);
#9667 = ORIENTED_EDGE('',*,*,#9546,.F.);
#9668 = ORIENTED_EDGE('',*,*,#9669,.F.);
#9669 = EDGE_CURVE('',#9645,#9547,#9670,.T.);
#9670 = SURFACE_CURVE('',#9671,(#9675,#9682),.PCURVE_S1.);
#9671 = LINE('',#9672,#9673);
#9672 = CARTESIAN_POINT('',(-29.77820725201,-5.437706508216,0.));
#9673 = VECTOR('',#9674,1.);
#9674 = DIRECTION('',(0.442288690219,0.896872741533,0.));
#9675 = PCURVE('',#1325,#9676);
#9676 = DEFINITIONAL_REPRESENTATION('',(#9677),#9681);
#9677 = LINE('',#9678,#9679);
#9678 = CARTESIAN_POINT('',(0.,0.));
#9679 = VECTOR('',#9680,1.);
#9680 = DIRECTION('',(1.,0.));
#9681 = ( GEOMETRIC_REPRESENTATION_CONTEXT(2) 
PARAMETRIC_REPRESENTATION_CONTEXT() REPRESENTATION_CONTEXT('2D SPACE',''
  ) );
#9682 = PCURVE('',#7571,#9683);
#9683 = DEFINITIONAL_REPRESENTATION('',(#9684),#9688);
#9684 = LINE('',#9685,#9686);
#9685 = CARTESIAN_POINT('',(1.478207252018,0.612293491784));
#9686 = VECTOR('',#9687,1.);
#9687 = DIRECTION('',(-0.442288690219,0.896872741533));
#9688 = ( GEOMETRIC_REPRESENTATION_CONTEXT(2) 
PARAMETRIC_REPRESENTATION_CONTEXT() REPRESENTATION_CONTEXT('2D SPACE',''
  ) );
#9689 = ADVANCED_FACE('',(#9690),#1213,.T.);
#9690 = FACE_BOUND('',#9691,.T.);
#9691 = EDGE_LOOP('',(#9692,#9693,#9694,#9717));
#9692 = ORIENTED_EDGE('',*,*,#9597,.T.);
#9693 = ORIENTED_EDGE('',*,*,#1197,.T.);
#9694 = ORIENTED_EDGE('',*,*,#9695,.F.);
#9695 = EDGE_CURVE('',#9696,#1198,#9698,.T.);
#9696 = VERTEX_POINT('',#9697);
#9697 = CARTESIAN_POINT('',(-29.9,-6.05,0.));
#9698 = SURFACE_CURVE('',#9699,(#9703,#9710),.PCURVE_S1.);
#9699 = LINE('',#9700,#9701);
#9700 = CARTESIAN_POINT('',(-29.9,-6.05,0.));
#9701 = VECTOR('',#9702,1.);
#9702 = DIRECTION('',(-0.,-0.,1.));
#9703 = PCURVE('',#1213,#9704);
#9704 = DEFINITIONAL_REPRESENTATION('',(#9705),#9709);
#9705 = LINE('',#9706,#9707);
#9706 = CARTESIAN_POINT('',(0.209290013536,0.));
#9707 = VECTOR('',#9708,1.);
#9708 = DIRECTION('',(0.,-1.));
#9709 = ( GEOMETRIC_REPRESENTATION_CONTEXT(2) 
PARAMETRIC_REPRESENTATION_CONTEXT() REPRESENTATION_CONTEXT('2D SPACE',''
  ) );
#9710 = PCURVE('',#1241,#9711);
#9711 = DEFINITIONAL_REPRESENTATION('',(#9712),#9716);
#9712 = LINE('',#9713,#9714);
#9713 = CARTESIAN_POINT('',(0.,0.));
#9714 = VECTOR('',#9715,1.);
#9715 = DIRECTION('',(0.,-1.));
#9716 = ( GEOMETRIC_REPRESENTATION_CONTEXT(2) 
PARAMETRIC_REPRESENTATION_CONTEXT() REPRESENTATION_CONTEXT('2D SPACE',''
  ) );
#9717 = ORIENTED_EDGE('',*,*,#9718,.F.);
#9718 = EDGE_CURVE('',#9598,#9696,#9719,.T.);
#9719 = SURFACE_CURVE('',#9720,(#9724,#9731),.PCURVE_S1.);
#9720 = LINE('',#9721,#9722);
#9721 = CARTESIAN_POINT('',(-29.88631177819,-6.258841907552,0.));
#9722 = VECTOR('',#9723,1.);
#9723 = DIRECTION('',(-6.540312923014E-02,0.997858923239,0.));
#9724 = PCURVE('',#1213,#9725);
#9725 = DEFINITIONAL_REPRESENTATION('',(#9726),#9730);
#9726 = LINE('',#9727,#9728);
#9727 = CARTESIAN_POINT('',(0.,0.));
#9728 = VECTOR('',#9729,1.);
#9729 = DIRECTION('',(1.,0.));
#9730 = ( GEOMETRIC_REPRESENTATION_CONTEXT(2) 
PARAMETRIC_REPRESENTATION_CONTEXT() REPRESENTATION_CONTEXT('2D SPACE',''
  ) );
#9731 = PCURVE('',#7571,#9732);
#9732 = DEFINITIONAL_REPRESENTATION('',(#9733),#9737);
#9733 = LINE('',#9734,#9735);
#9734 = CARTESIAN_POINT('',(1.586311778198,-0.208841907552));
#9735 = VECTOR('',#9736,1.);
#9736 = DIRECTION('',(6.540312923014E-02,0.997858923239));
#9737 = ( GEOMETRIC_REPRESENTATION_CONTEXT(2) 
PARAMETRIC_REPRESENTATION_CONTEXT() REPRESENTATION_CONTEXT('2D SPACE',''
  ) );
#9738 = ADVANCED_FACE('',(#9739),#1297,.T.);
#9739 = FACE_BOUND('',#9740,.T.);
#9740 = EDGE_LOOP('',(#9741,#9764,#9765,#9766));
#9741 = ORIENTED_EDGE('',*,*,#9742,.T.);
#9742 = EDGE_CURVE('',#9743,#1254,#9745,.T.);
#9743 = VERTEX_POINT('',#9744);
#9744 = CARTESIAN_POINT('',(-29.84548132206,-5.635889527836,0.));
#9745 = SURFACE_CURVE('',#9746,(#9750,#9757),.PCURVE_S1.);
#9746 = LINE('',#9747,#9748);
#9747 = CARTESIAN_POINT('',(-29.84548132206,-5.635889527836,0.));
#9748 = VECTOR('',#9749,1.);
#9749 = DIRECTION('',(-0.,-0.,1.));
#9750 = PCURVE('',#1297,#9751);
#9751 = DEFINITIONAL_REPRESENTATION('',(#9752),#9756);
#9752 = LINE('',#9753,#9754);
#9753 = CARTESIAN_POINT('',(0.,0.));
#9754 = VECTOR('',#9755,1.);
#9755 = DIRECTION('',(0.,-1.));
#9756 = ( GEOMETRIC_REPRESENTATION_CONTEXT(2) 
PARAMETRIC_REPRESENTATION_CONTEXT() REPRESENTATION_CONTEXT('2D SPACE',''
  ) );
#9757 = PCURVE('',#1269,#9758);
#9758 = DEFINITIONAL_REPRESENTATION('',(#9759),#9763);
#9759 = LINE('',#9760,#9761);
#9760 = CARTESIAN_POINT('',(0.209290013536,0.));
#9761 = VECTOR('',#9762,1.);
#9762 = DIRECTION('',(0.,-1.));
#9763 = ( GEOMETRIC_REPRESENTATION_CONTEXT(2) 
PARAMETRIC_REPRESENTATION_CONTEXT() REPRESENTATION_CONTEXT('2D SPACE',''
  ) );
#9764 = ORIENTED_EDGE('',*,*,#1281,.T.);
#9765 = ORIENTED_EDGE('',*,*,#9644,.F.);
#9766 = ORIENTED_EDGE('',*,*,#9767,.F.);
#9767 = EDGE_CURVE('',#9743,#9645,#9768,.T.);
#9768 = SURFACE_CURVE('',#9769,(#9773,#9780),.PCURVE_S1.);
#9769 = LINE('',#9770,#9771);
#9770 = CARTESIAN_POINT('',(-29.84548132206,-5.635889527836,0.));
#9771 = VECTOR('',#9772,1.);
#9772 = DIRECTION('',(0.321439465303,0.946930129495,0.));
#9773 = PCURVE('',#1297,#9774);
#9774 = DEFINITIONAL_REPRESENTATION('',(#9775),#9779);
#9775 = LINE('',#9776,#9777);
#9776 = CARTESIAN_POINT('',(0.,0.));
#9777 = VECTOR('',#9778,1.);
#9778 = DIRECTION('',(1.,0.));
#9779 = ( GEOMETRIC_REPRESENTATION_CONTEXT(2) 
PARAMETRIC_REPRESENTATION_CONTEXT() REPRESENTATION_CONTEXT('2D SPACE',''
  ) );
#9780 = PCURVE('',#7571,#9781);
#9781 = DEFINITIONAL_REPRESENTATION('',(#9782),#9786);
#9782 = LINE('',#9783,#9784);
#9783 = CARTESIAN_POINT('',(1.545481322063,0.414110472164));
#9784 = VECTOR('',#9785,1.);
#9785 = DIRECTION('',(-0.321439465303,0.946930129495));
#9786 = ( GEOMETRIC_REPRESENTATION_CONTEXT(2) 
PARAMETRIC_REPRESENTATION_CONTEXT() REPRESENTATION_CONTEXT('2D SPACE',''
  ) );
#9787 = ADVANCED_FACE('',(#9788),#1241,.T.);
#9788 = FACE_BOUND('',#9789,.T.);
#9789 = EDGE_LOOP('',(#9790,#9791,#9792,#9815));
#9790 = ORIENTED_EDGE('',*,*,#9695,.T.);
#9791 = ORIENTED_EDGE('',*,*,#1225,.T.);
#9792 = ORIENTED_EDGE('',*,*,#9793,.F.);
#9793 = EDGE_CURVE('',#9794,#1226,#9796,.T.);
#9794 = VERTEX_POINT('',#9795);
#9795 = CARTESIAN_POINT('',(-29.88631177819,-5.841158092448,0.));
#9796 = SURFACE_CURVE('',#9797,(#9801,#9808),.PCURVE_S1.);
#9797 = LINE('',#9798,#9799);
#9798 = CARTESIAN_POINT('',(-29.88631177819,-5.841158092448,0.));
#9799 = VECTOR('',#9800,1.);
#9800 = DIRECTION('',(-0.,-0.,1.));
#9801 = PCURVE('',#1241,#9802);
#9802 = DEFINITIONAL_REPRESENTATION('',(#9803),#9807);
#9803 = LINE('',#9804,#9805);
#9804 = CARTESIAN_POINT('',(0.209290013536,0.));
#9805 = VECTOR('',#9806,1.);
#9806 = DIRECTION('',(0.,-1.));
#9807 = ( GEOMETRIC_REPRESENTATION_CONTEXT(2) 
PARAMETRIC_REPRESENTATION_CONTEXT() REPRESENTATION_CONTEXT('2D SPACE',''
  ) );
#9808 = PCURVE('',#1269,#9809);
#9809 = DEFINITIONAL_REPRESENTATION('',(#9810),#9814);
#9810 = LINE('',#9811,#9812);
#9811 = CARTESIAN_POINT('',(0.,0.));
#9812 = VECTOR('',#9813,1.);
#9813 = DIRECTION('',(0.,-1.));
#9814 = ( GEOMETRIC_REPRESENTATION_CONTEXT(2) 
PARAMETRIC_REPRESENTATION_CONTEXT() REPRESENTATION_CONTEXT('2D SPACE',''
  ) );
#9815 = ORIENTED_EDGE('',*,*,#9816,.F.);
#9816 = EDGE_CURVE('',#9696,#9794,#9817,.T.);
#9817 = SURFACE_CURVE('',#9818,(#9822,#9829),.PCURVE_S1.);
#9818 = LINE('',#9819,#9820);
#9819 = CARTESIAN_POINT('',(-29.9,-6.05,0.));
#9820 = VECTOR('',#9821,1.);
#9821 = DIRECTION('',(6.540312923014E-02,0.997858923239,0.));
#9822 = PCURVE('',#1241,#9823);
#9823 = DEFINITIONAL_REPRESENTATION('',(#9824),#9828);
#9824 = LINE('',#9825,#9826);
#9825 = CARTESIAN_POINT('',(0.,0.));
#9826 = VECTOR('',#9827,1.);
#9827 = DIRECTION('',(1.,0.));
#9828 = ( GEOMETRIC_REPRESENTATION_CONTEXT(2) 
PARAMETRIC_REPRESENTATION_CONTEXT() REPRESENTATION_CONTEXT('2D SPACE',''
  ) );
#9829 = PCURVE('',#7571,#9830);
#9830 = DEFINITIONAL_REPRESENTATION('',(#9831),#9835);
#9831 = LINE('',#9832,#9833);
#9832 = CARTESIAN_POINT('',(1.6,-4.440892098501E-15));
#9833 = VECTOR('',#9834,1.);
#9834 = DIRECTION('',(-6.540312923014E-02,0.997858923239));
#9835 = ( GEOMETRIC_REPRESENTATION_CONTEXT(2) 
PARAMETRIC_REPRESENTATION_CONTEXT() REPRESENTATION_CONTEXT('2D SPACE',''
  ) );
#9836 = ADVANCED_FACE('',(#9837),#1269,.T.);
#9837 = FACE_BOUND('',#9838,.T.);
#9838 = EDGE_LOOP('',(#9839,#9840,#9841,#9842));
#9839 = ORIENTED_EDGE('',*,*,#9793,.T.);
#9840 = ORIENTED_EDGE('',*,*,#1253,.T.);
#9841 = ORIENTED_EDGE('',*,*,#9742,.F.);
#9842 = ORIENTED_EDGE('',*,*,#9843,.F.);
#9843 = EDGE_CURVE('',#9794,#9743,#9844,.T.);
#9844 = SURFACE_CURVE('',#9845,(#9849,#9856),.PCURVE_S1.);
#9845 = LINE('',#9846,#9847);
#9846 = CARTESIAN_POINT('',(-29.88631177819,-5.841158092448,0.));
#9847 = VECTOR('',#9848,1.);
#9848 = DIRECTION('',(0.195090322016,0.980785280403,0.));
#9849 = PCURVE('',#1269,#9850);
#9850 = DEFINITIONAL_REPRESENTATION('',(#9851),#9855);
#9851 = LINE('',#9852,#9853);
#9852 = CARTESIAN_POINT('',(0.,0.));
#9853 = VECTOR('',#9854,1.);
#9854 = DIRECTION('',(1.,0.));
#9855 = ( GEOMETRIC_REPRESENTATION_CONTEXT(2) 
PARAMETRIC_REPRESENTATION_CONTEXT() REPRESENTATION_CONTEXT('2D SPACE',''
  ) );
#9856 = PCURVE('',#7571,#9857);
#9857 = DEFINITIONAL_REPRESENTATION('',(#9858),#9862);
#9858 = LINE('',#9859,#9860);
#9859 = CARTESIAN_POINT('',(1.586311778198,0.208841907552));
#9860 = VECTOR('',#9861,1.);
#9861 = DIRECTION('',(-0.195090322016,0.980785280403));
#9862 = ( GEOMETRIC_REPRESENTATION_CONTEXT(2) 
PARAMETRIC_REPRESENTATION_CONTEXT() REPRESENTATION_CONTEXT('2D SPACE',''
  ) );
#9863 = ADVANCED_FACE('',(#9864),#1943,.T.);
#9864 = FACE_BOUND('',#9865,.T.);
#9865 = EDGE_LOOP('',(#9866,#9889,#9890,#9913));
#9866 = ORIENTED_EDGE('',*,*,#9867,.T.);
#9867 = EDGE_CURVE('',#9868,#1926,#9870,.T.);
#9868 = VERTEX_POINT('',#9869);
#9869 = CARTESIAN_POINT('',(-25.9636882218,-1.508841907552,0.));
#9870 = SURFACE_CURVE('',#9871,(#9875,#9882),.PCURVE_S1.);
#9871 = LINE('',#9872,#9873);
#9872 = CARTESIAN_POINT('',(-25.9636882218,-1.508841907552,0.));
#9873 = VECTOR('',#9874,1.);
#9874 = DIRECTION('',(-0.,-0.,1.));
#9875 = PCURVE('',#1943,#9876);
#9876 = DEFINITIONAL_REPRESENTATION('',(#9877),#9881);
#9877 = LINE('',#9878,#9879);
#9878 = CARTESIAN_POINT('',(0.,0.));
#9879 = VECTOR('',#9880,1.);
#9880 = DIRECTION('',(0.,-1.));
#9881 = ( GEOMETRIC_REPRESENTATION_CONTEXT(2) 
PARAMETRIC_REPRESENTATION_CONTEXT() REPRESENTATION_CONTEXT('2D SPACE',''
  ) );
#9882 = PCURVE('',#3257,#9883);
#9883 = DEFINITIONAL_REPRESENTATION('',(#9884),#9888);
#9884 = LINE('',#9885,#9886);
#9885 = CARTESIAN_POINT('',(0.209290013536,0.));
#9886 = VECTOR('',#9887,1.);
#9887 = DIRECTION('',(0.,-1.));
#9888 = ( GEOMETRIC_REPRESENTATION_CONTEXT(2) 
PARAMETRIC_REPRESENTATION_CONTEXT() REPRESENTATION_CONTEXT('2D SPACE',''
  ) );
#9889 = ORIENTED_EDGE('',*,*,#1925,.T.);
#9890 = ORIENTED_EDGE('',*,*,#9891,.F.);
#9891 = EDGE_CURVE('',#9892,#1928,#9894,.T.);
#9892 = VERTEX_POINT('',#9893);
#9893 = CARTESIAN_POINT('',(-26.00451867793,-1.714110472164,0.));
#9894 = SURFACE_CURVE('',#9895,(#9899,#9906),.PCURVE_S1.);
#9895 = LINE('',#9896,#9897);
#9896 = CARTESIAN_POINT('',(-26.00451867793,-1.714110472164,0.));
#9897 = VECTOR('',#9898,1.);
#9898 = DIRECTION('',(-0.,-0.,1.));
#9899 = PCURVE('',#1943,#9900);
#9900 = DEFINITIONAL_REPRESENTATION('',(#9901),#9905);
#9901 = LINE('',#9902,#9903);
#9902 = CARTESIAN_POINT('',(0.209290013536,0.));
#9903 = VECTOR('',#9904,1.);
#9904 = DIRECTION('',(0.,-1.));
#9905 = ( GEOMETRIC_REPRESENTATION_CONTEXT(2) 
PARAMETRIC_REPRESENTATION_CONTEXT() REPRESENTATION_CONTEXT('2D SPACE',''
  ) );
#9906 = PCURVE('',#1971,#9907);
#9907 = DEFINITIONAL_REPRESENTATION('',(#9908),#9912);
#9908 = LINE('',#9909,#9910);
#9909 = CARTESIAN_POINT('',(0.,0.));
#9910 = VECTOR('',#9911,1.);
#9911 = DIRECTION('',(0.,-1.));
#9912 = ( GEOMETRIC_REPRESENTATION_CONTEXT(2) 
PARAMETRIC_REPRESENTATION_CONTEXT() REPRESENTATION_CONTEXT('2D SPACE',''
  ) );
#9913 = ORIENTED_EDGE('',*,*,#9914,.F.);
#9914 = EDGE_CURVE('',#9868,#9892,#9915,.T.);
#9915 = SURFACE_CURVE('',#9916,(#9920,#9927),.PCURVE_S1.);
#9916 = LINE('',#9917,#9918);
#9917 = CARTESIAN_POINT('',(-25.9636882218,-1.508841907552,0.));
#9918 = VECTOR('',#9919,1.);
#9919 = DIRECTION('',(-0.195090322016,-0.980785280403,0.));
#9920 = PCURVE('',#1943,#9921);
#9921 = DEFINITIONAL_REPRESENTATION('',(#9922),#9926);
#9922 = LINE('',#9923,#9924);
#9923 = CARTESIAN_POINT('',(0.,0.));
#9924 = VECTOR('',#9925,1.);
#9925 = DIRECTION('',(1.,0.));
#9926 = ( GEOMETRIC_REPRESENTATION_CONTEXT(2) 
PARAMETRIC_REPRESENTATION_CONTEXT() REPRESENTATION_CONTEXT('2D SPACE',''
  ) );
#9927 = PCURVE('',#9928,#9933);
#9928 = PLANE('',#9929);
#9929 = AXIS2_PLACEMENT_3D('',#9930,#9931,#9932);
#9930 = CARTESIAN_POINT('',(-27.55,-1.3,0.));
#9931 = DIRECTION('',(0.,-0.,-1.));
#9932 = DIRECTION('',(-1.,0.,0.));
#9933 = DEFINITIONAL_REPRESENTATION('',(#9934),#9938);
#9934 = LINE('',#9935,#9936);
#9935 = CARTESIAN_POINT('',(-1.586311778198,-0.208841907552));
#9936 = VECTOR('',#9937,1.);
#9937 = DIRECTION('',(0.195090322016,-0.980785280403));
#9938 = ( GEOMETRIC_REPRESENTATION_CONTEXT(2) 
PARAMETRIC_REPRESENTATION_CONTEXT() REPRESENTATION_CONTEXT('2D SPACE',''
  ) );
#9939 = ADVANCED_FACE('',(#9940),#3257,.T.);
#9940 = FACE_BOUND('',#9941,.T.);
#9941 = EDGE_LOOP('',(#9942,#9965,#9966,#9967));
#9942 = ORIENTED_EDGE('',*,*,#9943,.T.);
#9943 = EDGE_CURVE('',#9944,#3216,#9946,.T.);
#9944 = VERTEX_POINT('',#9945);
#9945 = CARTESIAN_POINT('',(-25.95,-1.3,0.));
#9946 = SURFACE_CURVE('',#9947,(#9951,#9958),.PCURVE_S1.);
#9947 = LINE('',#9948,#9949);
#9948 = CARTESIAN_POINT('',(-25.95,-1.3,0.));
#9949 = VECTOR('',#9950,1.);
#9950 = DIRECTION('',(-0.,-0.,1.));
#9951 = PCURVE('',#3257,#9952);
#9952 = DEFINITIONAL_REPRESENTATION('',(#9953),#9957);
#9953 = LINE('',#9954,#9955);
#9954 = CARTESIAN_POINT('',(0.,0.));
#9955 = VECTOR('',#9956,1.);
#9956 = DIRECTION('',(0.,-1.));
#9957 = ( GEOMETRIC_REPRESENTATION_CONTEXT(2) 
PARAMETRIC_REPRESENTATION_CONTEXT() REPRESENTATION_CONTEXT('2D SPACE',''
  ) );
#9958 = PCURVE('',#3231,#9959);
#9959 = DEFINITIONAL_REPRESENTATION('',(#9960),#9964);
#9960 = LINE('',#9961,#9962);
#9961 = CARTESIAN_POINT('',(0.209290013536,0.));
#9962 = VECTOR('',#9963,1.);
#9963 = DIRECTION('',(0.,-1.));
#9964 = ( GEOMETRIC_REPRESENTATION_CONTEXT(2) 
PARAMETRIC_REPRESENTATION_CONTEXT() REPRESENTATION_CONTEXT('2D SPACE',''
  ) );
#9965 = ORIENTED_EDGE('',*,*,#3243,.T.);
#9966 = ORIENTED_EDGE('',*,*,#9867,.F.);
#9967 = ORIENTED_EDGE('',*,*,#9968,.F.);
#9968 = EDGE_CURVE('',#9944,#9868,#9969,.T.);
#9969 = SURFACE_CURVE('',#9970,(#9974,#9981),.PCURVE_S1.);
#9970 = LINE('',#9971,#9972);
#9971 = CARTESIAN_POINT('',(-25.95,-1.3,0.));
#9972 = VECTOR('',#9973,1.);
#9973 = DIRECTION('',(-6.540312923014E-02,-0.997858923239,0.));
#9974 = PCURVE('',#3257,#9975);
#9975 = DEFINITIONAL_REPRESENTATION('',(#9976),#9980);
#9976 = LINE('',#9977,#9978);
#9977 = CARTESIAN_POINT('',(0.,0.));
#9978 = VECTOR('',#9979,1.);
#9979 = DIRECTION('',(1.,0.));
#9980 = ( GEOMETRIC_REPRESENTATION_CONTEXT(2) 
PARAMETRIC_REPRESENTATION_CONTEXT() REPRESENTATION_CONTEXT('2D SPACE',''
  ) );
#9981 = PCURVE('',#9928,#9982);
#9982 = DEFINITIONAL_REPRESENTATION('',(#9983),#9987);
#9983 = LINE('',#9984,#9985);
#9984 = CARTESIAN_POINT('',(-1.6,2.22044604925E-16));
#9985 = VECTOR('',#9986,1.);
#9986 = DIRECTION('',(6.540312923014E-02,-0.997858923239));
#9987 = ( GEOMETRIC_REPRESENTATION_CONTEXT(2) 
PARAMETRIC_REPRESENTATION_CONTEXT() REPRESENTATION_CONTEXT('2D SPACE',''
  ) );
#9988 = ADVANCED_FACE('',(#9989),#1971,.T.);
#9989 = FACE_BOUND('',#9990,.T.);
#9990 = EDGE_LOOP('',(#9991,#9992,#9993,#10016));
#9991 = ORIENTED_EDGE('',*,*,#9891,.T.);
#9992 = ORIENTED_EDGE('',*,*,#1955,.T.);
#9993 = ORIENTED_EDGE('',*,*,#9994,.F.);
#9994 = EDGE_CURVE('',#9995,#1956,#9997,.T.);
#9995 = VERTEX_POINT('',#9996);
#9996 = CARTESIAN_POINT('',(-26.07179274798,-1.912293491784,0.));
#9997 = SURFACE_CURVE('',#9998,(#10002,#10009),.PCURVE_S1.);
#9998 = LINE('',#9999,#10000);
#9999 = CARTESIAN_POINT('',(-26.07179274798,-1.912293491784,0.));
#10000 = VECTOR('',#10001,1.);
#10001 = DIRECTION('',(-0.,-0.,1.));
#10002 = PCURVE('',#1971,#10003);
#10003 = DEFINITIONAL_REPRESENTATION('',(#10004),#10008);
#10004 = LINE('',#10005,#10006);
#10005 = CARTESIAN_POINT('',(0.209290013536,0.));
#10006 = VECTOR('',#10007,1.);
#10007 = DIRECTION('',(0.,-1.));
#10008 = ( GEOMETRIC_REPRESENTATION_CONTEXT(2) 
PARAMETRIC_REPRESENTATION_CONTEXT() REPRESENTATION_CONTEXT('2D SPACE',''
  ) );
#10009 = PCURVE('',#1999,#10010);
#10010 = DEFINITIONAL_REPRESENTATION('',(#10011),#10015);
#10011 = LINE('',#10012,#10013);
#10012 = CARTESIAN_POINT('',(0.,0.));
#10013 = VECTOR('',#10014,1.);
#10014 = DIRECTION('',(0.,-1.));
#10015 = ( GEOMETRIC_REPRESENTATION_CONTEXT(2) 
PARAMETRIC_REPRESENTATION_CONTEXT() REPRESENTATION_CONTEXT('2D SPACE',''
  ) );
#10016 = ORIENTED_EDGE('',*,*,#10017,.F.);
#10017 = EDGE_CURVE('',#9892,#9995,#10018,.T.);
#10018 = SURFACE_CURVE('',#10019,(#10023,#10030),.PCURVE_S1.);
#10019 = LINE('',#10020,#10021);
#10020 = CARTESIAN_POINT('',(-26.00451867793,-1.714110472164,0.));
#10021 = VECTOR('',#10022,1.);
#10022 = DIRECTION('',(-0.321439465303,-0.946930129495,0.));
#10023 = PCURVE('',#1971,#10024);
#10024 = DEFINITIONAL_REPRESENTATION('',(#10025),#10029);
#10025 = LINE('',#10026,#10027);
#10026 = CARTESIAN_POINT('',(0.,0.));
#10027 = VECTOR('',#10028,1.);
#10028 = DIRECTION('',(1.,0.));
#10029 = ( GEOMETRIC_REPRESENTATION_CONTEXT(2) 
PARAMETRIC_REPRESENTATION_CONTEXT() REPRESENTATION_CONTEXT('2D SPACE',''
  ) );
#10030 = PCURVE('',#9928,#10031);
#10031 = DEFINITIONAL_REPRESENTATION('',(#10032),#10036);
#10032 = LINE('',#10033,#10034);
#10033 = CARTESIAN_POINT('',(-1.545481322063,-0.414110472164));
#10034 = VECTOR('',#10035,1.);
#10035 = DIRECTION('',(0.321439465303,-0.946930129495));
#10036 = ( GEOMETRIC_REPRESENTATION_CONTEXT(2) 
PARAMETRIC_REPRESENTATION_CONTEXT() REPRESENTATION_CONTEXT('2D SPACE',''
  ) );
#10037 = ADVANCED_FACE('',(#10038),#3231,.T.);
#10038 = FACE_BOUND('',#10039,.T.);
#10039 = EDGE_LOOP('',(#10040,#10063,#10064,#10065));
#10040 = ORIENTED_EDGE('',*,*,#10041,.T.);
#10041 = EDGE_CURVE('',#10042,#3188,#10044,.T.);
#10042 = VERTEX_POINT('',#10043);
#10043 = CARTESIAN_POINT('',(-25.9636882218,-1.091158092448,0.));
#10044 = SURFACE_CURVE('',#10045,(#10049,#10056),.PCURVE_S1.);
#10045 = LINE('',#10046,#10047);
#10046 = CARTESIAN_POINT('',(-25.9636882218,-1.091158092448,0.));
#10047 = VECTOR('',#10048,1.);
#10048 = DIRECTION('',(-0.,-0.,1.));
#10049 = PCURVE('',#3231,#10050);
#10050 = DEFINITIONAL_REPRESENTATION('',(#10051),#10055);
#10051 = LINE('',#10052,#10053);
#10052 = CARTESIAN_POINT('',(0.,0.));
#10053 = VECTOR('',#10054,1.);
#10054 = DIRECTION('',(0.,-1.));
#10055 = ( GEOMETRIC_REPRESENTATION_CONTEXT(2) 
PARAMETRIC_REPRESENTATION_CONTEXT() REPRESENTATION_CONTEXT('2D SPACE',''
  ) );
#10056 = PCURVE('',#3203,#10057);
#10057 = DEFINITIONAL_REPRESENTATION('',(#10058),#10062);
#10058 = LINE('',#10059,#10060);
#10059 = CARTESIAN_POINT('',(0.209290013536,0.));
#10060 = VECTOR('',#10061,1.);
#10061 = DIRECTION('',(0.,-1.));
#10062 = ( GEOMETRIC_REPRESENTATION_CONTEXT(2) 
PARAMETRIC_REPRESENTATION_CONTEXT() REPRESENTATION_CONTEXT('2D SPACE',''
  ) );
#10063 = ORIENTED_EDGE('',*,*,#3215,.T.);
#10064 = ORIENTED_EDGE('',*,*,#9943,.F.);
#10065 = ORIENTED_EDGE('',*,*,#10066,.F.);
#10066 = EDGE_CURVE('',#10042,#9944,#10067,.T.);
#10067 = SURFACE_CURVE('',#10068,(#10072,#10079),.PCURVE_S1.);
#10068 = LINE('',#10069,#10070);
#10069 = CARTESIAN_POINT('',(-25.9636882218,-1.091158092448,0.));
#10070 = VECTOR('',#10071,1.);
#10071 = DIRECTION('',(6.540312923014E-02,-0.997858923239,0.));
#10072 = PCURVE('',#3231,#10073);
#10073 = DEFINITIONAL_REPRESENTATION('',(#10074),#10078);
#10074 = LINE('',#10075,#10076);
#10075 = CARTESIAN_POINT('',(0.,0.));
#10076 = VECTOR('',#10077,1.);
#10077 = DIRECTION('',(1.,0.));
#10078 = ( GEOMETRIC_REPRESENTATION_CONTEXT(2) 
PARAMETRIC_REPRESENTATION_CONTEXT() REPRESENTATION_CONTEXT('2D SPACE',''
  ) );
#10079 = PCURVE('',#9928,#10080);
#10080 = DEFINITIONAL_REPRESENTATION('',(#10081),#10085);
#10081 = LINE('',#10082,#10083);
#10082 = CARTESIAN_POINT('',(-1.586311778198,0.208841907552));
#10083 = VECTOR('',#10084,1.);
#10084 = DIRECTION('',(-6.540312923014E-02,-0.997858923239));
#10085 = ( GEOMETRIC_REPRESENTATION_CONTEXT(2) 
PARAMETRIC_REPRESENTATION_CONTEXT() REPRESENTATION_CONTEXT('2D SPACE',''
  ) );
#10086 = ADVANCED_FACE('',(#10087),#1999,.T.);
#10087 = FACE_BOUND('',#10088,.T.);
#10088 = EDGE_LOOP('',(#10089,#10090,#10091,#10114));
#10089 = ORIENTED_EDGE('',*,*,#9994,.T.);
#10090 = ORIENTED_EDGE('',*,*,#1983,.T.);
#10091 = ORIENTED_EDGE('',*,*,#10092,.F.);
#10092 = EDGE_CURVE('',#10093,#1984,#10095,.T.);
#10093 = VERTEX_POINT('',#10094);
#10094 = CARTESIAN_POINT('',(-26.16435935394,-2.1,0.));
#10095 = SURFACE_CURVE('',#10096,(#10100,#10107),.PCURVE_S1.);
#10096 = LINE('',#10097,#10098);
#10097 = CARTESIAN_POINT('',(-26.16435935394,-2.1,0.));
#10098 = VECTOR('',#10099,1.);
#10099 = DIRECTION('',(-0.,-0.,1.));
#10100 = PCURVE('',#1999,#10101);
#10101 = DEFINITIONAL_REPRESENTATION('',(#10102),#10106);
#10102 = LINE('',#10103,#10104);
#10103 = CARTESIAN_POINT('',(0.209290013536,0.));
#10104 = VECTOR('',#10105,1.);
#10105 = DIRECTION('',(0.,-1.));
#10106 = ( GEOMETRIC_REPRESENTATION_CONTEXT(2) 
PARAMETRIC_REPRESENTATION_CONTEXT() REPRESENTATION_CONTEXT('2D SPACE',''
  ) );
#10107 = PCURVE('',#2027,#10108);
#10108 = DEFINITIONAL_REPRESENTATION('',(#10109),#10113);
#10109 = LINE('',#10110,#10111);
#10110 = CARTESIAN_POINT('',(0.,0.));
#10111 = VECTOR('',#10112,1.);
#10112 = DIRECTION('',(0.,-1.));
#10113 = ( GEOMETRIC_REPRESENTATION_CONTEXT(2) 
PARAMETRIC_REPRESENTATION_CONTEXT() REPRESENTATION_CONTEXT('2D SPACE',''
  ) );
#10114 = ORIENTED_EDGE('',*,*,#10115,.F.);
#10115 = EDGE_CURVE('',#9995,#10093,#10116,.T.);
#10116 = SURFACE_CURVE('',#10117,(#10121,#10128),.PCURVE_S1.);
#10117 = LINE('',#10118,#10119);
#10118 = CARTESIAN_POINT('',(-26.07179274798,-1.912293491784,0.));
#10119 = VECTOR('',#10120,1.);
#10120 = DIRECTION('',(-0.442288690219,-0.896872741533,0.));
#10121 = PCURVE('',#1999,#10122);
#10122 = DEFINITIONAL_REPRESENTATION('',(#10123),#10127);
#10123 = LINE('',#10124,#10125);
#10124 = CARTESIAN_POINT('',(0.,0.));
#10125 = VECTOR('',#10126,1.);
#10126 = DIRECTION('',(1.,0.));
#10127 = ( GEOMETRIC_REPRESENTATION_CONTEXT(2) 
PARAMETRIC_REPRESENTATION_CONTEXT() REPRESENTATION_CONTEXT('2D SPACE',''
  ) );
#10128 = PCURVE('',#9928,#10129);
#10129 = DEFINITIONAL_REPRESENTATION('',(#10130),#10134);
#10130 = LINE('',#10131,#10132);
#10131 = CARTESIAN_POINT('',(-1.478207252018,-0.612293491784));
#10132 = VECTOR('',#10133,1.);
#10133 = DIRECTION('',(0.442288690219,-0.896872741533));
#10134 = ( GEOMETRIC_REPRESENTATION_CONTEXT(2) 
PARAMETRIC_REPRESENTATION_CONTEXT() REPRESENTATION_CONTEXT('2D SPACE',''
  ) );
#10135 = ADVANCED_FACE('',(#10136),#3203,.T.);
#10136 = FACE_BOUND('',#10137,.T.);
#10137 = EDGE_LOOP('',(#10138,#10161,#10162,#10163));
#10138 = ORIENTED_EDGE('',*,*,#10139,.T.);
#10139 = EDGE_CURVE('',#10140,#3160,#10142,.T.);
#10140 = VERTEX_POINT('',#10141);
#10141 = CARTESIAN_POINT('',(-26.00451867793,-0.885889527836,0.));
#10142 = SURFACE_CURVE('',#10143,(#10147,#10154),.PCURVE_S1.);
#10143 = LINE('',#10144,#10145);
#10144 = CARTESIAN_POINT('',(-26.00451867793,-0.885889527836,0.));
#10145 = VECTOR('',#10146,1.);
#10146 = DIRECTION('',(-0.,-0.,1.));
#10147 = PCURVE('',#3203,#10148);
#10148 = DEFINITIONAL_REPRESENTATION('',(#10149),#10153);
#10149 = LINE('',#10150,#10151);
#10150 = CARTESIAN_POINT('',(0.,0.));
#10151 = VECTOR('',#10152,1.);
#10152 = DIRECTION('',(0.,-1.));
#10153 = ( GEOMETRIC_REPRESENTATION_CONTEXT(2) 
PARAMETRIC_REPRESENTATION_CONTEXT() REPRESENTATION_CONTEXT('2D SPACE',''
  ) );
#10154 = PCURVE('',#3175,#10155);
#10155 = DEFINITIONAL_REPRESENTATION('',(#10156),#10160);
#10156 = LINE('',#10157,#10158);
#10157 = CARTESIAN_POINT('',(0.209290013536,0.));
#10158 = VECTOR('',#10159,1.);
#10159 = DIRECTION('',(0.,-1.));
#10160 = ( GEOMETRIC_REPRESENTATION_CONTEXT(2) 
PARAMETRIC_REPRESENTATION_CONTEXT() REPRESENTATION_CONTEXT('2D SPACE',''
  ) );
#10161 = ORIENTED_EDGE('',*,*,#3187,.T.);
#10162 = ORIENTED_EDGE('',*,*,#10041,.F.);
#10163 = ORIENTED_EDGE('',*,*,#10164,.F.);
#10164 = EDGE_CURVE('',#10140,#10042,#10165,.T.);
#10165 = SURFACE_CURVE('',#10166,(#10170,#10177),.PCURVE_S1.);
#10166 = LINE('',#10167,#10168);
#10167 = CARTESIAN_POINT('',(-26.00451867793,-0.885889527836,0.));
#10168 = VECTOR('',#10169,1.);
#10169 = DIRECTION('',(0.195090322016,-0.980785280403,0.));
#10170 = PCURVE('',#3203,#10171);
#10171 = DEFINITIONAL_REPRESENTATION('',(#10172),#10176);
#10172 = LINE('',#10173,#10174);
#10173 = CARTESIAN_POINT('',(0.,0.));
#10174 = VECTOR('',#10175,1.);
#10175 = DIRECTION('',(1.,0.));
#10176 = ( GEOMETRIC_REPRESENTATION_CONTEXT(2) 
PARAMETRIC_REPRESENTATION_CONTEXT() REPRESENTATION_CONTEXT('2D SPACE',''
  ) );
#10177 = PCURVE('',#9928,#10178);
#10178 = DEFINITIONAL_REPRESENTATION('',(#10179),#10183);
#10179 = LINE('',#10180,#10181);
#10180 = CARTESIAN_POINT('',(-1.545481322063,0.414110472164));
#10181 = VECTOR('',#10182,1.);
#10182 = DIRECTION('',(-0.195090322016,-0.980785280403));
#10183 = ( GEOMETRIC_REPRESENTATION_CONTEXT(2) 
PARAMETRIC_REPRESENTATION_CONTEXT() REPRESENTATION_CONTEXT('2D SPACE',''
  ) );
#10184 = ADVANCED_FACE('',(#10185),#2027,.T.);
#10185 = FACE_BOUND('',#10186,.T.);
#10186 = EDGE_LOOP('',(#10187,#10188,#10189,#10212));
#10187 = ORIENTED_EDGE('',*,*,#10092,.T.);
#10188 = ORIENTED_EDGE('',*,*,#2011,.T.);
#10189 = ORIENTED_EDGE('',*,*,#10190,.F.);
#10190 = EDGE_CURVE('',#10191,#2012,#10193,.T.);
#10191 = VERTEX_POINT('',#10192);
#10192 = CARTESIAN_POINT('',(-26.28063465553,-2.274018286414,0.));
#10193 = SURFACE_CURVE('',#10194,(#10198,#10205),.PCURVE_S1.);
#10194 = LINE('',#10195,#10196);
#10195 = CARTESIAN_POINT('',(-26.28063465553,-2.274018286414,0.));
#10196 = VECTOR('',#10197,1.);
#10197 = DIRECTION('',(-0.,-0.,1.));
#10198 = PCURVE('',#2027,#10199);
#10199 = DEFINITIONAL_REPRESENTATION('',(#10200),#10204);
#10200 = LINE('',#10201,#10202);
#10201 = CARTESIAN_POINT('',(0.209290013536,0.));
#10202 = VECTOR('',#10203,1.);
#10203 = DIRECTION('',(0.,-1.));
#10204 = ( GEOMETRIC_REPRESENTATION_CONTEXT(2) 
PARAMETRIC_REPRESENTATION_CONTEXT() REPRESENTATION_CONTEXT('2D SPACE',''
  ) );
#10205 = PCURVE('',#2055,#10206);
#10206 = DEFINITIONAL_REPRESENTATION('',(#10207),#10211);
#10207 = LINE('',#10208,#10209);
#10208 = CARTESIAN_POINT('',(0.,0.));
#10209 = VECTOR('',#10210,1.);
#10210 = DIRECTION('',(0.,-1.));
#10211 = ( GEOMETRIC_REPRESENTATION_CONTEXT(2) 
PARAMETRIC_REPRESENTATION_CONTEXT() REPRESENTATION_CONTEXT('2D SPACE',''
  ) );
#10212 = ORIENTED_EDGE('',*,*,#10213,.F.);
#10213 = EDGE_CURVE('',#10093,#10191,#10214,.T.);
#10214 = SURFACE_CURVE('',#10215,(#10219,#10226),.PCURVE_S1.);
#10215 = LINE('',#10216,#10217);
#10216 = CARTESIAN_POINT('',(-26.16435935394,-2.1,0.));
#10217 = VECTOR('',#10218,1.);
#10218 = DIRECTION('',(-0.55557023302,-0.831469612303,0.));
#10219 = PCURVE('',#2027,#10220);
#10220 = DEFINITIONAL_REPRESENTATION('',(#10221),#10225);
#10221 = LINE('',#10222,#10223);
#10222 = CARTESIAN_POINT('',(0.,0.));
#10223 = VECTOR('',#10224,1.);
#10224 = DIRECTION('',(1.,0.));
#10225 = ( GEOMETRIC_REPRESENTATION_CONTEXT(2) 
PARAMETRIC_REPRESENTATION_CONTEXT() REPRESENTATION_CONTEXT('2D SPACE',''
  ) );
#10226 = PCURVE('',#9928,#10227);
#10227 = DEFINITIONAL_REPRESENTATION('',(#10228),#10232);
#10228 = LINE('',#10229,#10230);
#10229 = CARTESIAN_POINT('',(-1.385640646055,-0.8));
#10230 = VECTOR('',#10231,1.);
#10231 = DIRECTION('',(0.55557023302,-0.831469612303));
#10232 = ( GEOMETRIC_REPRESENTATION_CONTEXT(2) 
PARAMETRIC_REPRESENTATION_CONTEXT() REPRESENTATION_CONTEXT('2D SPACE',''
  ) );
#10233 = ADVANCED_FACE('',(#10234),#3175,.T.);
#10234 = FACE_BOUND('',#10235,.T.);
#10235 = EDGE_LOOP('',(#10236,#10259,#10260,#10261));
#10236 = ORIENTED_EDGE('',*,*,#10237,.T.);
#10237 = EDGE_CURVE('',#10238,#3132,#10240,.T.);
#10238 = VERTEX_POINT('',#10239);
#10239 = CARTESIAN_POINT('',(-26.07179274798,-0.687706508216,0.));
#10240 = SURFACE_CURVE('',#10241,(#10245,#10252),.PCURVE_S1.);
#10241 = LINE('',#10242,#10243);
#10242 = CARTESIAN_POINT('',(-26.07179274798,-0.687706508216,0.));
#10243 = VECTOR('',#10244,1.);
#10244 = DIRECTION('',(-0.,-0.,1.));
#10245 = PCURVE('',#3175,#10246);
#10246 = DEFINITIONAL_REPRESENTATION('',(#10247),#10251);
#10247 = LINE('',#10248,#10249);
#10248 = CARTESIAN_POINT('',(0.,0.));
#10249 = VECTOR('',#10250,1.);
#10250 = DIRECTION('',(0.,-1.));
#10251 = ( GEOMETRIC_REPRESENTATION_CONTEXT(2) 
PARAMETRIC_REPRESENTATION_CONTEXT() REPRESENTATION_CONTEXT('2D SPACE',''
  ) );
#10252 = PCURVE('',#3147,#10253);
#10253 = DEFINITIONAL_REPRESENTATION('',(#10254),#10258);
#10254 = LINE('',#10255,#10256);
#10255 = CARTESIAN_POINT('',(0.209290013536,0.));
#10256 = VECTOR('',#10257,1.);
#10257 = DIRECTION('',(0.,-1.));
#10258 = ( GEOMETRIC_REPRESENTATION_CONTEXT(2) 
PARAMETRIC_REPRESENTATION_CONTEXT() REPRESENTATION_CONTEXT('2D SPACE',''
  ) );
#10259 = ORIENTED_EDGE('',*,*,#3159,.T.);
#10260 = ORIENTED_EDGE('',*,*,#10139,.F.);
#10261 = ORIENTED_EDGE('',*,*,#10262,.F.);
#10262 = EDGE_CURVE('',#10238,#10140,#10263,.T.);
#10263 = SURFACE_CURVE('',#10264,(#10268,#10275),.PCURVE_S1.);
#10264 = LINE('',#10265,#10266);
#10265 = CARTESIAN_POINT('',(-26.07179274798,-0.687706508216,0.));
#10266 = VECTOR('',#10267,1.);
#10267 = DIRECTION('',(0.321439465303,-0.946930129495,0.));
#10268 = PCURVE('',#3175,#10269);
#10269 = DEFINITIONAL_REPRESENTATION('',(#10270),#10274);
#10270 = LINE('',#10271,#10272);
#10271 = CARTESIAN_POINT('',(0.,0.));
#10272 = VECTOR('',#10273,1.);
#10273 = DIRECTION('',(1.,0.));
#10274 = ( GEOMETRIC_REPRESENTATION_CONTEXT(2) 
PARAMETRIC_REPRESENTATION_CONTEXT() REPRESENTATION_CONTEXT('2D SPACE',''
  ) );
#10275 = PCURVE('',#9928,#10276);
#10276 = DEFINITIONAL_REPRESENTATION('',(#10277),#10281);
#10277 = LINE('',#10278,#10279);
#10278 = CARTESIAN_POINT('',(-1.478207252018,0.612293491784));
#10279 = VECTOR('',#10280,1.);
#10280 = DIRECTION('',(-0.321439465303,-0.946930129495));
#10281 = ( GEOMETRIC_REPRESENTATION_CONTEXT(2) 
PARAMETRIC_REPRESENTATION_CONTEXT() REPRESENTATION_CONTEXT('2D SPACE',''
  ) );
#10282 = ADVANCED_FACE('',(#10283),#2055,.T.);
#10283 = FACE_BOUND('',#10284,.T.);
#10284 = EDGE_LOOP('',(#10285,#10286,#10287,#10310));
#10285 = ORIENTED_EDGE('',*,*,#10190,.T.);
#10286 = ORIENTED_EDGE('',*,*,#2039,.T.);
#10287 = ORIENTED_EDGE('',*,*,#10288,.F.);
#10288 = EDGE_CURVE('',#10289,#2040,#10291,.T.);
#10289 = VERTEX_POINT('',#10290);
#10290 = CARTESIAN_POINT('',(-26.4186291501,-2.431370849898,0.));
#10291 = SURFACE_CURVE('',#10292,(#10296,#10303),.PCURVE_S1.);
#10292 = LINE('',#10293,#10294);
#10293 = CARTESIAN_POINT('',(-26.4186291501,-2.431370849898,0.));
#10294 = VECTOR('',#10295,1.);
#10295 = DIRECTION('',(-0.,-0.,1.));
#10296 = PCURVE('',#2055,#10297);
#10297 = DEFINITIONAL_REPRESENTATION('',(#10298),#10302);
#10298 = LINE('',#10299,#10300);
#10299 = CARTESIAN_POINT('',(0.209290013536,0.));
#10300 = VECTOR('',#10301,1.);
#10301 = DIRECTION('',(0.,-1.));
#10302 = ( GEOMETRIC_REPRESENTATION_CONTEXT(2) 
PARAMETRIC_REPRESENTATION_CONTEXT() REPRESENTATION_CONTEXT('2D SPACE',''
  ) );
#10303 = PCURVE('',#2083,#10304);
#10304 = DEFINITIONAL_REPRESENTATION('',(#10305),#10309);
#10305 = LINE('',#10306,#10307);
#10306 = CARTESIAN_POINT('',(0.,0.));
#10307 = VECTOR('',#10308,1.);
#10308 = DIRECTION('',(0.,-1.));
#10309 = ( GEOMETRIC_REPRESENTATION_CONTEXT(2) 
PARAMETRIC_REPRESENTATION_CONTEXT() REPRESENTATION_CONTEXT('2D SPACE',''
  ) );
#10310 = ORIENTED_EDGE('',*,*,#10311,.F.);
#10311 = EDGE_CURVE('',#10191,#10289,#10312,.T.);
#10312 = SURFACE_CURVE('',#10313,(#10317,#10324),.PCURVE_S1.);
#10313 = LINE('',#10314,#10315);
#10314 = CARTESIAN_POINT('',(-26.28063465553,-2.274018286414,0.));
#10315 = VECTOR('',#10316,1.);
#10316 = DIRECTION('',(-0.6593458151,-0.751839807479,0.));
#10317 = PCURVE('',#2055,#10318);
#10318 = DEFINITIONAL_REPRESENTATION('',(#10319),#10323);
#10319 = LINE('',#10320,#10321);
#10320 = CARTESIAN_POINT('',(0.,0.));
#10321 = VECTOR('',#10322,1.);
#10322 = DIRECTION('',(1.,0.));
#10323 = ( GEOMETRIC_REPRESENTATION_CONTEXT(2) 
PARAMETRIC_REPRESENTATION_CONTEXT() REPRESENTATION_CONTEXT('2D SPACE',''
  ) );
#10324 = PCURVE('',#9928,#10325);
#10325 = DEFINITIONAL_REPRESENTATION('',(#10326),#10330);
#10326 = LINE('',#10327,#10328);
#10327 = CARTESIAN_POINT('',(-1.269365344466,-0.974018286414));
#10328 = VECTOR('',#10329,1.);
#10329 = DIRECTION('',(0.6593458151,-0.751839807479));
#10330 = ( GEOMETRIC_REPRESENTATION_CONTEXT(2) 
PARAMETRIC_REPRESENTATION_CONTEXT() REPRESENTATION_CONTEXT('2D SPACE',''
  ) );
#10331 = ADVANCED_FACE('',(#10332),#3147,.T.);
#10332 = FACE_BOUND('',#10333,.T.);
#10333 = EDGE_LOOP('',(#10334,#10357,#10358,#10359));
#10334 = ORIENTED_EDGE('',*,*,#10335,.T.);
#10335 = EDGE_CURVE('',#10336,#3104,#10338,.T.);
#10336 = VERTEX_POINT('',#10337);
#10337 = CARTESIAN_POINT('',(-26.16435935394,-0.5,0.));
#10338 = SURFACE_CURVE('',#10339,(#10343,#10350),.PCURVE_S1.);
#10339 = LINE('',#10340,#10341);
#10340 = CARTESIAN_POINT('',(-26.16435935394,-0.5,0.));
#10341 = VECTOR('',#10342,1.);
#10342 = DIRECTION('',(-0.,-0.,1.));
#10343 = PCURVE('',#3147,#10344);
#10344 = DEFINITIONAL_REPRESENTATION('',(#10345),#10349);
#10345 = LINE('',#10346,#10347);
#10346 = CARTESIAN_POINT('',(0.,0.));
#10347 = VECTOR('',#10348,1.);
#10348 = DIRECTION('',(0.,-1.));
#10349 = ( GEOMETRIC_REPRESENTATION_CONTEXT(2) 
PARAMETRIC_REPRESENTATION_CONTEXT() REPRESENTATION_CONTEXT('2D SPACE',''
  ) );
#10350 = PCURVE('',#3119,#10351);
#10351 = DEFINITIONAL_REPRESENTATION('',(#10352),#10356);
#10352 = LINE('',#10353,#10354);
#10353 = CARTESIAN_POINT('',(0.209290013536,0.));
#10354 = VECTOR('',#10355,1.);
#10355 = DIRECTION('',(0.,-1.));
#10356 = ( GEOMETRIC_REPRESENTATION_CONTEXT(2) 
PARAMETRIC_REPRESENTATION_CONTEXT() REPRESENTATION_CONTEXT('2D SPACE',''
  ) );
#10357 = ORIENTED_EDGE('',*,*,#3131,.T.);
#10358 = ORIENTED_EDGE('',*,*,#10237,.F.);
#10359 = ORIENTED_EDGE('',*,*,#10360,.F.);
#10360 = EDGE_CURVE('',#10336,#10238,#10361,.T.);
#10361 = SURFACE_CURVE('',#10362,(#10366,#10373),.PCURVE_S1.);
#10362 = LINE('',#10363,#10364);
#10363 = CARTESIAN_POINT('',(-26.16435935394,-0.5,0.));
#10364 = VECTOR('',#10365,1.);
#10365 = DIRECTION('',(0.442288690219,-0.896872741533,0.));
#10366 = PCURVE('',#3147,#10367);
#10367 = DEFINITIONAL_REPRESENTATION('',(#10368),#10372);
#10368 = LINE('',#10369,#10370);
#10369 = CARTESIAN_POINT('',(0.,0.));
#10370 = VECTOR('',#10371,1.);
#10371 = DIRECTION('',(1.,0.));
#10372 = ( GEOMETRIC_REPRESENTATION_CONTEXT(2) 
PARAMETRIC_REPRESENTATION_CONTEXT() REPRESENTATION_CONTEXT('2D SPACE',''
  ) );
#10373 = PCURVE('',#9928,#10374);
#10374 = DEFINITIONAL_REPRESENTATION('',(#10375),#10379);
#10375 = LINE('',#10376,#10377);
#10376 = CARTESIAN_POINT('',(-1.385640646055,0.8));
#10377 = VECTOR('',#10378,1.);
#10378 = DIRECTION('',(-0.442288690219,-0.896872741533));
#10379 = ( GEOMETRIC_REPRESENTATION_CONTEXT(2) 
PARAMETRIC_REPRESENTATION_CONTEXT() REPRESENTATION_CONTEXT('2D SPACE',''
  ) );
#10380 = ADVANCED_FACE('',(#10381),#2083,.T.);
#10381 = FACE_BOUND('',#10382,.T.);
#10382 = EDGE_LOOP('',(#10383,#10384,#10385,#10408));
#10383 = ORIENTED_EDGE('',*,*,#10288,.T.);
#10384 = ORIENTED_EDGE('',*,*,#2067,.T.);
#10385 = ORIENTED_EDGE('',*,*,#10386,.F.);
#10386 = EDGE_CURVE('',#10387,#2068,#10389,.T.);
#10387 = VERTEX_POINT('',#10388);
#10388 = CARTESIAN_POINT('',(-26.57598171358,-2.569365344466,0.));
#10389 = SURFACE_CURVE('',#10390,(#10394,#10401),.PCURVE_S1.);
#10390 = LINE('',#10391,#10392);
#10391 = CARTESIAN_POINT('',(-26.57598171358,-2.569365344466,0.));
#10392 = VECTOR('',#10393,1.);
#10393 = DIRECTION('',(-0.,-0.,1.));
#10394 = PCURVE('',#2083,#10395);
#10395 = DEFINITIONAL_REPRESENTATION('',(#10396),#10400);
#10396 = LINE('',#10397,#10398);
#10397 = CARTESIAN_POINT('',(0.209290013536,0.));
#10398 = VECTOR('',#10399,1.);
#10399 = DIRECTION('',(0.,-1.));
#10400 = ( GEOMETRIC_REPRESENTATION_CONTEXT(2) 
PARAMETRIC_REPRESENTATION_CONTEXT() REPRESENTATION_CONTEXT('2D SPACE',''
  ) );
#10401 = PCURVE('',#2111,#10402);
#10402 = DEFINITIONAL_REPRESENTATION('',(#10403),#10407);
#10403 = LINE('',#10404,#10405);
#10404 = CARTESIAN_POINT('',(0.,0.));
#10405 = VECTOR('',#10406,1.);
#10406 = DIRECTION('',(0.,-1.));
#10407 = ( GEOMETRIC_REPRESENTATION_CONTEXT(2) 
PARAMETRIC_REPRESENTATION_CONTEXT() REPRESENTATION_CONTEXT('2D SPACE',''
  ) );
#10408 = ORIENTED_EDGE('',*,*,#10409,.F.);
#10409 = EDGE_CURVE('',#10289,#10387,#10410,.T.);
#10410 = SURFACE_CURVE('',#10411,(#10415,#10422),.PCURVE_S1.);
#10411 = LINE('',#10412,#10413);
#10412 = CARTESIAN_POINT('',(-26.4186291501,-2.431370849898,0.));
#10413 = VECTOR('',#10414,1.);
#10414 = DIRECTION('',(-0.751839807479,-0.6593458151,0.));
#10415 = PCURVE('',#2083,#10416);
#10416 = DEFINITIONAL_REPRESENTATION('',(#10417),#10421);
#10417 = LINE('',#10418,#10419);
#10418 = CARTESIAN_POINT('',(0.,0.));
#10419 = VECTOR('',#10420,1.);
#10420 = DIRECTION('',(1.,0.));
#10421 = ( GEOMETRIC_REPRESENTATION_CONTEXT(2) 
PARAMETRIC_REPRESENTATION_CONTEXT() REPRESENTATION_CONTEXT('2D SPACE',''
  ) );
#10422 = PCURVE('',#9928,#10423);
#10423 = DEFINITIONAL_REPRESENTATION('',(#10424),#10428);
#10424 = LINE('',#10425,#10426);
#10425 = CARTESIAN_POINT('',(-1.131370849898,-1.131370849898));
#10426 = VECTOR('',#10427,1.);
#10427 = DIRECTION('',(0.751839807479,-0.6593458151));
#10428 = ( GEOMETRIC_REPRESENTATION_CONTEXT(2) 
PARAMETRIC_REPRESENTATION_CONTEXT() REPRESENTATION_CONTEXT('2D SPACE',''
  ) );
#10429 = ADVANCED_FACE('',(#10430),#3119,.T.);
#10430 = FACE_BOUND('',#10431,.T.);
#10431 = EDGE_LOOP('',(#10432,#10455,#10456,#10457));
#10432 = ORIENTED_EDGE('',*,*,#10433,.T.);
#10433 = EDGE_CURVE('',#10434,#3076,#10436,.T.);
#10434 = VERTEX_POINT('',#10435);
#10435 = CARTESIAN_POINT('',(-26.28063465553,-0.325981713586,0.));
#10436 = SURFACE_CURVE('',#10437,(#10441,#10448),.PCURVE_S1.);
#10437 = LINE('',#10438,#10439);
#10438 = CARTESIAN_POINT('',(-26.28063465553,-0.325981713586,0.));
#10439 = VECTOR('',#10440,1.);
#10440 = DIRECTION('',(-0.,-0.,1.));
#10441 = PCURVE('',#3119,#10442);
#10442 = DEFINITIONAL_REPRESENTATION('',(#10443),#10447);
#10443 = LINE('',#10444,#10445);
#10444 = CARTESIAN_POINT('',(0.,0.));
#10445 = VECTOR('',#10446,1.);
#10446 = DIRECTION('',(0.,-1.));
#10447 = ( GEOMETRIC_REPRESENTATION_CONTEXT(2) 
PARAMETRIC_REPRESENTATION_CONTEXT() REPRESENTATION_CONTEXT('2D SPACE',''
  ) );
#10448 = PCURVE('',#3091,#10449);
#10449 = DEFINITIONAL_REPRESENTATION('',(#10450),#10454);
#10450 = LINE('',#10451,#10452);
#10451 = CARTESIAN_POINT('',(0.209290013536,0.));
#10452 = VECTOR('',#10453,1.);
#10453 = DIRECTION('',(0.,-1.));
#10454 = ( GEOMETRIC_REPRESENTATION_CONTEXT(2) 
PARAMETRIC_REPRESENTATION_CONTEXT() REPRESENTATION_CONTEXT('2D SPACE',''
  ) );
#10455 = ORIENTED_EDGE('',*,*,#3103,.T.);
#10456 = ORIENTED_EDGE('',*,*,#10335,.F.);
#10457 = ORIENTED_EDGE('',*,*,#10458,.F.);
#10458 = EDGE_CURVE('',#10434,#10336,#10459,.T.);
#10459 = SURFACE_CURVE('',#10460,(#10464,#10471),.PCURVE_S1.);
#10460 = LINE('',#10461,#10462);
#10461 = CARTESIAN_POINT('',(-26.28063465553,-0.325981713586,0.));
#10462 = VECTOR('',#10463,1.);
#10463 = DIRECTION('',(0.55557023302,-0.831469612303,0.));
#10464 = PCURVE('',#3119,#10465);
#10465 = DEFINITIONAL_REPRESENTATION('',(#10466),#10470);
#10466 = LINE('',#10467,#10468);
#10467 = CARTESIAN_POINT('',(0.,0.));
#10468 = VECTOR('',#10469,1.);
#10469 = DIRECTION('',(1.,0.));
#10470 = ( GEOMETRIC_REPRESENTATION_CONTEXT(2) 
PARAMETRIC_REPRESENTATION_CONTEXT() REPRESENTATION_CONTEXT('2D SPACE',''
  ) );
#10471 = PCURVE('',#9928,#10472);
#10472 = DEFINITIONAL_REPRESENTATION('',(#10473),#10477);
#10473 = LINE('',#10474,#10475);
#10474 = CARTESIAN_POINT('',(-1.269365344466,0.974018286414));
#10475 = VECTOR('',#10476,1.);
#10476 = DIRECTION('',(-0.55557023302,-0.831469612303));
#10477 = ( GEOMETRIC_REPRESENTATION_CONTEXT(2) 
PARAMETRIC_REPRESENTATION_CONTEXT() REPRESENTATION_CONTEXT('2D SPACE',''
  ) );
#10478 = ADVANCED_FACE('',(#10479),#2111,.T.);
#10479 = FACE_BOUND('',#10480,.T.);
#10480 = EDGE_LOOP('',(#10481,#10482,#10483,#10506));
#10481 = ORIENTED_EDGE('',*,*,#10386,.T.);
#10482 = ORIENTED_EDGE('',*,*,#2095,.T.);
#10483 = ORIENTED_EDGE('',*,*,#10484,.F.);
#10484 = EDGE_CURVE('',#10485,#2096,#10487,.T.);
#10485 = VERTEX_POINT('',#10486);
#10486 = CARTESIAN_POINT('',(-26.75,-2.685640646055,0.));
#10487 = SURFACE_CURVE('',#10488,(#10492,#10499),.PCURVE_S1.);
#10488 = LINE('',#10489,#10490);
#10489 = CARTESIAN_POINT('',(-26.75,-2.685640646055,0.));
#10490 = VECTOR('',#10491,1.);
#10491 = DIRECTION('',(-0.,-0.,1.));
#10492 = PCURVE('',#2111,#10493);
#10493 = DEFINITIONAL_REPRESENTATION('',(#10494),#10498);
#10494 = LINE('',#10495,#10496);
#10495 = CARTESIAN_POINT('',(0.209290013536,0.));
#10496 = VECTOR('',#10497,1.);
#10497 = DIRECTION('',(0.,-1.));
#10498 = ( GEOMETRIC_REPRESENTATION_CONTEXT(2) 
PARAMETRIC_REPRESENTATION_CONTEXT() REPRESENTATION_CONTEXT('2D SPACE',''
  ) );
#10499 = PCURVE('',#2139,#10500);
#10500 = DEFINITIONAL_REPRESENTATION('',(#10501),#10505);
#10501 = LINE('',#10502,#10503);
#10502 = CARTESIAN_POINT('',(0.,0.));
#10503 = VECTOR('',#10504,1.);
#10504 = DIRECTION('',(0.,-1.));
#10505 = ( GEOMETRIC_REPRESENTATION_CONTEXT(2) 
PARAMETRIC_REPRESENTATION_CONTEXT() REPRESENTATION_CONTEXT('2D SPACE',''
  ) );
#10506 = ORIENTED_EDGE('',*,*,#10507,.F.);
#10507 = EDGE_CURVE('',#10387,#10485,#10508,.T.);
#10508 = SURFACE_CURVE('',#10509,(#10513,#10520),.PCURVE_S1.);
#10509 = LINE('',#10510,#10511);
#10510 = CARTESIAN_POINT('',(-26.57598171358,-2.569365344466,0.));
#10511 = VECTOR('',#10512,1.);
#10512 = DIRECTION('',(-0.831469612303,-0.55557023302,0.));
#10513 = PCURVE('',#2111,#10514);
#10514 = DEFINITIONAL_REPRESENTATION('',(#10515),#10519);
#10515 = LINE('',#10516,#10517);
#10516 = CARTESIAN_POINT('',(0.,0.));
#10517 = VECTOR('',#10518,1.);
#10518 = DIRECTION('',(1.,0.));
#10519 = ( GEOMETRIC_REPRESENTATION_CONTEXT(2) 
PARAMETRIC_REPRESENTATION_CONTEXT() REPRESENTATION_CONTEXT('2D SPACE',''
  ) );
#10520 = PCURVE('',#9928,#10521);
#10521 = DEFINITIONAL_REPRESENTATION('',(#10522),#10526);
#10522 = LINE('',#10523,#10524);
#10523 = CARTESIAN_POINT('',(-0.974018286414,-1.269365344466));
#10524 = VECTOR('',#10525,1.);
#10525 = DIRECTION('',(0.831469612303,-0.55557023302));
#10526 = ( GEOMETRIC_REPRESENTATION_CONTEXT(2) 
PARAMETRIC_REPRESENTATION_CONTEXT() REPRESENTATION_CONTEXT('2D SPACE',''
  ) );
#10527 = ADVANCED_FACE('',(#10528),#3091,.T.);
#10528 = FACE_BOUND('',#10529,.T.);
#10529 = EDGE_LOOP('',(#10530,#10553,#10554,#10555));
#10530 = ORIENTED_EDGE('',*,*,#10531,.T.);
#10531 = EDGE_CURVE('',#10532,#3048,#10534,.T.);
#10532 = VERTEX_POINT('',#10533);
#10533 = CARTESIAN_POINT('',(-26.4186291501,-0.168629150102,0.));
#10534 = SURFACE_CURVE('',#10535,(#10539,#10546),.PCURVE_S1.);
#10535 = LINE('',#10536,#10537);
#10536 = CARTESIAN_POINT('',(-26.4186291501,-0.168629150102,0.));
#10537 = VECTOR('',#10538,1.);
#10538 = DIRECTION('',(-0.,-0.,1.));
#10539 = PCURVE('',#3091,#10540);
#10540 = DEFINITIONAL_REPRESENTATION('',(#10541),#10545);
#10541 = LINE('',#10542,#10543);
#10542 = CARTESIAN_POINT('',(0.,0.));
#10543 = VECTOR('',#10544,1.);
#10544 = DIRECTION('',(0.,-1.));
#10545 = ( GEOMETRIC_REPRESENTATION_CONTEXT(2) 
PARAMETRIC_REPRESENTATION_CONTEXT() REPRESENTATION_CONTEXT('2D SPACE',''
  ) );
#10546 = PCURVE('',#3063,#10547);
#10547 = DEFINITIONAL_REPRESENTATION('',(#10548),#10552);
#10548 = LINE('',#10549,#10550);
#10549 = CARTESIAN_POINT('',(0.209290013536,0.));
#10550 = VECTOR('',#10551,1.);
#10551 = DIRECTION('',(0.,-1.));
#10552 = ( GEOMETRIC_REPRESENTATION_CONTEXT(2) 
PARAMETRIC_REPRESENTATION_CONTEXT() REPRESENTATION_CONTEXT('2D SPACE',''
  ) );
#10553 = ORIENTED_EDGE('',*,*,#3075,.T.);
#10554 = ORIENTED_EDGE('',*,*,#10433,.F.);
#10555 = ORIENTED_EDGE('',*,*,#10556,.F.);
#10556 = EDGE_CURVE('',#10532,#10434,#10557,.T.);
#10557 = SURFACE_CURVE('',#10558,(#10562,#10569),.PCURVE_S1.);
#10558 = LINE('',#10559,#10560);
#10559 = CARTESIAN_POINT('',(-26.4186291501,-0.168629150102,0.));
#10560 = VECTOR('',#10561,1.);
#10561 = DIRECTION('',(0.6593458151,-0.751839807479,0.));
#10562 = PCURVE('',#3091,#10563);
#10563 = DEFINITIONAL_REPRESENTATION('',(#10564),#10568);
#10564 = LINE('',#10565,#10566);
#10565 = CARTESIAN_POINT('',(0.,0.));
#10566 = VECTOR('',#10567,1.);
#10567 = DIRECTION('',(1.,0.));
#10568 = ( GEOMETRIC_REPRESENTATION_CONTEXT(2) 
PARAMETRIC_REPRESENTATION_CONTEXT() REPRESENTATION_CONTEXT('2D SPACE',''
  ) );
#10569 = PCURVE('',#9928,#10570);
#10570 = DEFINITIONAL_REPRESENTATION('',(#10571),#10575);
#10571 = LINE('',#10572,#10573);
#10572 = CARTESIAN_POINT('',(-1.131370849898,1.131370849898));
#10573 = VECTOR('',#10574,1.);
#10574 = DIRECTION('',(-0.6593458151,-0.751839807479));
#10575 = ( GEOMETRIC_REPRESENTATION_CONTEXT(2) 
PARAMETRIC_REPRESENTATION_CONTEXT() REPRESENTATION_CONTEXT('2D SPACE',''
  ) );
#10576 = ADVANCED_FACE('',(#10577),#2139,.T.);
#10577 = FACE_BOUND('',#10578,.T.);
#10578 = EDGE_LOOP('',(#10579,#10580,#10581,#10604));
#10579 = ORIENTED_EDGE('',*,*,#10484,.T.);
#10580 = ORIENTED_EDGE('',*,*,#2123,.T.);
#10581 = ORIENTED_EDGE('',*,*,#10582,.F.);
#10582 = EDGE_CURVE('',#10583,#2124,#10585,.T.);
#10583 = VERTEX_POINT('',#10584);
#10584 = CARTESIAN_POINT('',(-26.93770650821,-2.778207252018,0.));
#10585 = SURFACE_CURVE('',#10586,(#10590,#10597),.PCURVE_S1.);
#10586 = LINE('',#10587,#10588);
#10587 = CARTESIAN_POINT('',(-26.93770650821,-2.778207252018,0.));
#10588 = VECTOR('',#10589,1.);
#10589 = DIRECTION('',(-0.,-0.,1.));
#10590 = PCURVE('',#2139,#10591);
#10591 = DEFINITIONAL_REPRESENTATION('',(#10592),#10596);
#10592 = LINE('',#10593,#10594);
#10593 = CARTESIAN_POINT('',(0.209290013536,0.));
#10594 = VECTOR('',#10595,1.);
#10595 = DIRECTION('',(0.,-1.));
#10596 = ( GEOMETRIC_REPRESENTATION_CONTEXT(2) 
PARAMETRIC_REPRESENTATION_CONTEXT() REPRESENTATION_CONTEXT('2D SPACE',''
  ) );
#10597 = PCURVE('',#2167,#10598);
#10598 = DEFINITIONAL_REPRESENTATION('',(#10599),#10603);
#10599 = LINE('',#10600,#10601);
#10600 = CARTESIAN_POINT('',(0.,0.));
#10601 = VECTOR('',#10602,1.);
#10602 = DIRECTION('',(0.,-1.));
#10603 = ( GEOMETRIC_REPRESENTATION_CONTEXT(2) 
PARAMETRIC_REPRESENTATION_CONTEXT() REPRESENTATION_CONTEXT('2D SPACE',''
  ) );
#10604 = ORIENTED_EDGE('',*,*,#10605,.F.);
#10605 = EDGE_CURVE('',#10485,#10583,#10606,.T.);
#10606 = SURFACE_CURVE('',#10607,(#10611,#10618),.PCURVE_S1.);
#10607 = LINE('',#10608,#10609);
#10608 = CARTESIAN_POINT('',(-26.75,-2.685640646055,0.));
#10609 = VECTOR('',#10610,1.);
#10610 = DIRECTION('',(-0.896872741533,-0.442288690219,0.));
#10611 = PCURVE('',#2139,#10612);
#10612 = DEFINITIONAL_REPRESENTATION('',(#10613),#10617);
#10613 = LINE('',#10614,#10615);
#10614 = CARTESIAN_POINT('',(0.,0.));
#10615 = VECTOR('',#10616,1.);
#10616 = DIRECTION('',(1.,0.));
#10617 = ( GEOMETRIC_REPRESENTATION_CONTEXT(2) 
PARAMETRIC_REPRESENTATION_CONTEXT() REPRESENTATION_CONTEXT('2D SPACE',''
  ) );
#10618 = PCURVE('',#9928,#10619);
#10619 = DEFINITIONAL_REPRESENTATION('',(#10620),#10624);
#10620 = LINE('',#10621,#10622);
#10621 = CARTESIAN_POINT('',(-0.8,-1.385640646055));
#10622 = VECTOR('',#10623,1.);
#10623 = DIRECTION('',(0.896872741533,-0.442288690219));
#10624 = ( GEOMETRIC_REPRESENTATION_CONTEXT(2) 
PARAMETRIC_REPRESENTATION_CONTEXT() REPRESENTATION_CONTEXT('2D SPACE',''
  ) );
#10625 = ADVANCED_FACE('',(#10626),#3063,.T.);
#10626 = FACE_BOUND('',#10627,.T.);
#10627 = EDGE_LOOP('',(#10628,#10651,#10652,#10653));
#10628 = ORIENTED_EDGE('',*,*,#10629,.T.);
#10629 = EDGE_CURVE('',#10630,#3020,#10632,.T.);
#10630 = VERTEX_POINT('',#10631);
#10631 = CARTESIAN_POINT('',(-26.57598171358,-3.063465553402E-02,0.));
#10632 = SURFACE_CURVE('',#10633,(#10637,#10644),.PCURVE_S1.);
#10633 = LINE('',#10634,#10635);
#10634 = CARTESIAN_POINT('',(-26.57598171358,-3.063465553402E-02,0.));
#10635 = VECTOR('',#10636,1.);
#10636 = DIRECTION('',(-0.,-0.,1.));
#10637 = PCURVE('',#3063,#10638);
#10638 = DEFINITIONAL_REPRESENTATION('',(#10639),#10643);
#10639 = LINE('',#10640,#10641);
#10640 = CARTESIAN_POINT('',(0.,0.));
#10641 = VECTOR('',#10642,1.);
#10642 = DIRECTION('',(0.,-1.));
#10643 = ( GEOMETRIC_REPRESENTATION_CONTEXT(2) 
PARAMETRIC_REPRESENTATION_CONTEXT() REPRESENTATION_CONTEXT('2D SPACE',''
  ) );
#10644 = PCURVE('',#3035,#10645);
#10645 = DEFINITIONAL_REPRESENTATION('',(#10646),#10650);
#10646 = LINE('',#10647,#10648);
#10647 = CARTESIAN_POINT('',(0.209290013536,0.));
#10648 = VECTOR('',#10649,1.);
#10649 = DIRECTION('',(0.,-1.));
#10650 = ( GEOMETRIC_REPRESENTATION_CONTEXT(2) 
PARAMETRIC_REPRESENTATION_CONTEXT() REPRESENTATION_CONTEXT('2D SPACE',''
  ) );
#10651 = ORIENTED_EDGE('',*,*,#3047,.T.);
#10652 = ORIENTED_EDGE('',*,*,#10531,.F.);
#10653 = ORIENTED_EDGE('',*,*,#10654,.F.);
#10654 = EDGE_CURVE('',#10630,#10532,#10655,.T.);
#10655 = SURFACE_CURVE('',#10656,(#10660,#10667),.PCURVE_S1.);
#10656 = LINE('',#10657,#10658);
#10657 = CARTESIAN_POINT('',(-26.57598171358,-3.063465553402E-02,0.));
#10658 = VECTOR('',#10659,1.);
#10659 = DIRECTION('',(0.751839807479,-0.6593458151,0.));
#10660 = PCURVE('',#3063,#10661);
#10661 = DEFINITIONAL_REPRESENTATION('',(#10662),#10666);
#10662 = LINE('',#10663,#10664);
#10663 = CARTESIAN_POINT('',(0.,0.));
#10664 = VECTOR('',#10665,1.);
#10665 = DIRECTION('',(1.,0.));
#10666 = ( GEOMETRIC_REPRESENTATION_CONTEXT(2) 
PARAMETRIC_REPRESENTATION_CONTEXT() REPRESENTATION_CONTEXT('2D SPACE',''
  ) );
#10667 = PCURVE('',#9928,#10668);
#10668 = DEFINITIONAL_REPRESENTATION('',(#10669),#10673);
#10669 = LINE('',#10670,#10671);
#10670 = CARTESIAN_POINT('',(-0.974018286414,1.269365344466));
#10671 = VECTOR('',#10672,1.);
#10672 = DIRECTION('',(-0.751839807479,-0.6593458151));
#10673 = ( GEOMETRIC_REPRESENTATION_CONTEXT(2) 
PARAMETRIC_REPRESENTATION_CONTEXT() REPRESENTATION_CONTEXT('2D SPACE',''
  ) );
#10674 = ADVANCED_FACE('',(#10675),#2167,.T.);
#10675 = FACE_BOUND('',#10676,.T.);
#10676 = EDGE_LOOP('',(#10677,#10678,#10679,#10702));
#10677 = ORIENTED_EDGE('',*,*,#10582,.T.);
#10678 = ORIENTED_EDGE('',*,*,#2151,.T.);
#10679 = ORIENTED_EDGE('',*,*,#10680,.F.);
#10680 = EDGE_CURVE('',#10681,#2152,#10683,.T.);
#10681 = VERTEX_POINT('',#10682);
#10682 = CARTESIAN_POINT('',(-27.13588952783,-2.845481322063,0.));
#10683 = SURFACE_CURVE('',#10684,(#10688,#10695),.PCURVE_S1.);
#10684 = LINE('',#10685,#10686);
#10685 = CARTESIAN_POINT('',(-27.13588952783,-2.845481322063,0.));
#10686 = VECTOR('',#10687,1.);
#10687 = DIRECTION('',(-0.,-0.,1.));
#10688 = PCURVE('',#2167,#10689);
#10689 = DEFINITIONAL_REPRESENTATION('',(#10690),#10694);
#10690 = LINE('',#10691,#10692);
#10691 = CARTESIAN_POINT('',(0.209290013536,0.));
#10692 = VECTOR('',#10693,1.);
#10693 = DIRECTION('',(0.,-1.));
#10694 = ( GEOMETRIC_REPRESENTATION_CONTEXT(2) 
PARAMETRIC_REPRESENTATION_CONTEXT() REPRESENTATION_CONTEXT('2D SPACE',''
  ) );
#10695 = PCURVE('',#2195,#10696);
#10696 = DEFINITIONAL_REPRESENTATION('',(#10697),#10701);
#10697 = LINE('',#10698,#10699);
#10698 = CARTESIAN_POINT('',(0.,0.));
#10699 = VECTOR('',#10700,1.);
#10700 = DIRECTION('',(0.,-1.));
#10701 = ( GEOMETRIC_REPRESENTATION_CONTEXT(2) 
PARAMETRIC_REPRESENTATION_CONTEXT() REPRESENTATION_CONTEXT('2D SPACE',''
  ) );
#10702 = ORIENTED_EDGE('',*,*,#10703,.F.);
#10703 = EDGE_CURVE('',#10583,#10681,#10704,.T.);
#10704 = SURFACE_CURVE('',#10705,(#10709,#10716),.PCURVE_S1.);
#10705 = LINE('',#10706,#10707);
#10706 = CARTESIAN_POINT('',(-26.93770650821,-2.778207252018,0.));
#10707 = VECTOR('',#10708,1.);
#10708 = DIRECTION('',(-0.946930129495,-0.321439465303,0.));
#10709 = PCURVE('',#2167,#10710);
#10710 = DEFINITIONAL_REPRESENTATION('',(#10711),#10715);
#10711 = LINE('',#10712,#10713);
#10712 = CARTESIAN_POINT('',(0.,0.));
#10713 = VECTOR('',#10714,1.);
#10714 = DIRECTION('',(1.,0.));
#10715 = ( GEOMETRIC_REPRESENTATION_CONTEXT(2) 
PARAMETRIC_REPRESENTATION_CONTEXT() REPRESENTATION_CONTEXT('2D SPACE',''
  ) );
#10716 = PCURVE('',#9928,#10717);
#10717 = DEFINITIONAL_REPRESENTATION('',(#10718),#10722);
#10718 = LINE('',#10719,#10720);
#10719 = CARTESIAN_POINT('',(-0.612293491784,-1.478207252018));
#10720 = VECTOR('',#10721,1.);
#10721 = DIRECTION('',(0.946930129495,-0.321439465303));
#10722 = ( GEOMETRIC_REPRESENTATION_CONTEXT(2) 
PARAMETRIC_REPRESENTATION_CONTEXT() REPRESENTATION_CONTEXT('2D SPACE',''
  ) );
#10723 = ADVANCED_FACE('',(#10724),#3035,.T.);
#10724 = FACE_BOUND('',#10725,.T.);
#10725 = EDGE_LOOP('',(#10726,#10749,#10750,#10751));
#10726 = ORIENTED_EDGE('',*,*,#10727,.T.);
#10727 = EDGE_CURVE('',#10728,#2992,#10730,.T.);
#10728 = VERTEX_POINT('',#10729);
#10729 = CARTESIAN_POINT('',(-26.75,8.56406460551E-02,0.));
#10730 = SURFACE_CURVE('',#10731,(#10735,#10742),.PCURVE_S1.);
#10731 = LINE('',#10732,#10733);
#10732 = CARTESIAN_POINT('',(-26.75,8.56406460551E-02,0.));
#10733 = VECTOR('',#10734,1.);
#10734 = DIRECTION('',(-0.,-0.,1.));
#10735 = PCURVE('',#3035,#10736);
#10736 = DEFINITIONAL_REPRESENTATION('',(#10737),#10741);
#10737 = LINE('',#10738,#10739);
#10738 = CARTESIAN_POINT('',(0.,0.));
#10739 = VECTOR('',#10740,1.);
#10740 = DIRECTION('',(0.,-1.));
#10741 = ( GEOMETRIC_REPRESENTATION_CONTEXT(2) 
PARAMETRIC_REPRESENTATION_CONTEXT() REPRESENTATION_CONTEXT('2D SPACE',''
  ) );
#10742 = PCURVE('',#3007,#10743);
#10743 = DEFINITIONAL_REPRESENTATION('',(#10744),#10748);
#10744 = LINE('',#10745,#10746);
#10745 = CARTESIAN_POINT('',(0.209290013536,0.));
#10746 = VECTOR('',#10747,1.);
#10747 = DIRECTION('',(0.,-1.));
#10748 = ( GEOMETRIC_REPRESENTATION_CONTEXT(2) 
PARAMETRIC_REPRESENTATION_CONTEXT() REPRESENTATION_CONTEXT('2D SPACE',''
  ) );
#10749 = ORIENTED_EDGE('',*,*,#3019,.T.);
#10750 = ORIENTED_EDGE('',*,*,#10629,.F.);
#10751 = ORIENTED_EDGE('',*,*,#10752,.F.);
#10752 = EDGE_CURVE('',#10728,#10630,#10753,.T.);
#10753 = SURFACE_CURVE('',#10754,(#10758,#10765),.PCURVE_S1.);
#10754 = LINE('',#10755,#10756);
#10755 = CARTESIAN_POINT('',(-26.75,8.56406460551E-02,0.));
#10756 = VECTOR('',#10757,1.);
#10757 = DIRECTION('',(0.831469612303,-0.55557023302,0.));
#10758 = PCURVE('',#3035,#10759);
#10759 = DEFINITIONAL_REPRESENTATION('',(#10760),#10764);
#10760 = LINE('',#10761,#10762);
#10761 = CARTESIAN_POINT('',(0.,0.));
#10762 = VECTOR('',#10763,1.);
#10763 = DIRECTION('',(1.,0.));
#10764 = ( GEOMETRIC_REPRESENTATION_CONTEXT(2) 
PARAMETRIC_REPRESENTATION_CONTEXT() REPRESENTATION_CONTEXT('2D SPACE',''
  ) );
#10765 = PCURVE('',#9928,#10766);
#10766 = DEFINITIONAL_REPRESENTATION('',(#10767),#10771);
#10767 = LINE('',#10768,#10769);
#10768 = CARTESIAN_POINT('',(-0.8,1.385640646055));
#10769 = VECTOR('',#10770,1.);
#10770 = DIRECTION('',(-0.831469612303,-0.55557023302));
#10771 = ( GEOMETRIC_REPRESENTATION_CONTEXT(2) 
PARAMETRIC_REPRESENTATION_CONTEXT() REPRESENTATION_CONTEXT('2D SPACE',''
  ) );
#10772 = ADVANCED_FACE('',(#10773),#2195,.T.);
#10773 = FACE_BOUND('',#10774,.T.);
#10774 = EDGE_LOOP('',(#10775,#10776,#10777,#10800));
#10775 = ORIENTED_EDGE('',*,*,#10680,.T.);
#10776 = ORIENTED_EDGE('',*,*,#2179,.T.);
#10777 = ORIENTED_EDGE('',*,*,#10778,.F.);
#10778 = EDGE_CURVE('',#10779,#2180,#10781,.T.);
#10779 = VERTEX_POINT('',#10780);
#10780 = CARTESIAN_POINT('',(-27.34115809244,-2.886311778198,0.));
#10781 = SURFACE_CURVE('',#10782,(#10786,#10793),.PCURVE_S1.);
#10782 = LINE('',#10783,#10784);
#10783 = CARTESIAN_POINT('',(-27.34115809244,-2.886311778198,0.));
#10784 = VECTOR('',#10785,1.);
#10785 = DIRECTION('',(-0.,-0.,1.));
#10786 = PCURVE('',#2195,#10787);
#10787 = DEFINITIONAL_REPRESENTATION('',(#10788),#10792);
#10788 = LINE('',#10789,#10790);
#10789 = CARTESIAN_POINT('',(0.209290013536,0.));
#10790 = VECTOR('',#10791,1.);
#10791 = DIRECTION('',(0.,-1.));
#10792 = ( GEOMETRIC_REPRESENTATION_CONTEXT(2) 
PARAMETRIC_REPRESENTATION_CONTEXT() REPRESENTATION_CONTEXT('2D SPACE',''
  ) );
#10793 = PCURVE('',#2223,#10794);
#10794 = DEFINITIONAL_REPRESENTATION('',(#10795),#10799);
#10795 = LINE('',#10796,#10797);
#10796 = CARTESIAN_POINT('',(0.,0.));
#10797 = VECTOR('',#10798,1.);
#10798 = DIRECTION('',(0.,-1.));
#10799 = ( GEOMETRIC_REPRESENTATION_CONTEXT(2) 
PARAMETRIC_REPRESENTATION_CONTEXT() REPRESENTATION_CONTEXT('2D SPACE',''
  ) );
#10800 = ORIENTED_EDGE('',*,*,#10801,.F.);
#10801 = EDGE_CURVE('',#10681,#10779,#10802,.T.);
#10802 = SURFACE_CURVE('',#10803,(#10807,#10814),.PCURVE_S1.);
#10803 = LINE('',#10804,#10805);
#10804 = CARTESIAN_POINT('',(-27.13588952783,-2.845481322063,0.));
#10805 = VECTOR('',#10806,1.);
#10806 = DIRECTION('',(-0.980785280403,-0.195090322016,0.));
#10807 = PCURVE('',#2195,#10808);
#10808 = DEFINITIONAL_REPRESENTATION('',(#10809),#10813);
#10809 = LINE('',#10810,#10811);
#10810 = CARTESIAN_POINT('',(0.,0.));
#10811 = VECTOR('',#10812,1.);
#10812 = DIRECTION('',(1.,0.));
#10813 = ( GEOMETRIC_REPRESENTATION_CONTEXT(2) 
PARAMETRIC_REPRESENTATION_CONTEXT() REPRESENTATION_CONTEXT('2D SPACE',''
  ) );
#10814 = PCURVE('',#9928,#10815);
#10815 = DEFINITIONAL_REPRESENTATION('',(#10816),#10820);
#10816 = LINE('',#10817,#10818);
#10817 = CARTESIAN_POINT('',(-0.414110472164,-1.545481322063));
#10818 = VECTOR('',#10819,1.);
#10819 = DIRECTION('',(0.980785280403,-0.195090322016));
#10820 = ( GEOMETRIC_REPRESENTATION_CONTEXT(2) 
PARAMETRIC_REPRESENTATION_CONTEXT() REPRESENTATION_CONTEXT('2D SPACE',''
  ) );
#10821 = ADVANCED_FACE('',(#10822),#3007,.T.);
#10822 = FACE_BOUND('',#10823,.T.);
#10823 = EDGE_LOOP('',(#10824,#10847,#10848,#10849));
#10824 = ORIENTED_EDGE('',*,*,#10825,.T.);
#10825 = EDGE_CURVE('',#10826,#2964,#10828,.T.);
#10826 = VERTEX_POINT('',#10827);
#10827 = CARTESIAN_POINT('',(-26.93770650821,0.178207252018,0.));
#10828 = SURFACE_CURVE('',#10829,(#10833,#10840),.PCURVE_S1.);
#10829 = LINE('',#10830,#10831);
#10830 = CARTESIAN_POINT('',(-26.93770650821,0.178207252018,0.));
#10831 = VECTOR('',#10832,1.);
#10832 = DIRECTION('',(-0.,-0.,1.));
#10833 = PCURVE('',#3007,#10834);
#10834 = DEFINITIONAL_REPRESENTATION('',(#10835),#10839);
#10835 = LINE('',#10836,#10837);
#10836 = CARTESIAN_POINT('',(0.,0.));
#10837 = VECTOR('',#10838,1.);
#10838 = DIRECTION('',(0.,-1.));
#10839 = ( GEOMETRIC_REPRESENTATION_CONTEXT(2) 
PARAMETRIC_REPRESENTATION_CONTEXT() REPRESENTATION_CONTEXT('2D SPACE',''
  ) );
#10840 = PCURVE('',#2979,#10841);
#10841 = DEFINITIONAL_REPRESENTATION('',(#10842),#10846);
#10842 = LINE('',#10843,#10844);
#10843 = CARTESIAN_POINT('',(0.209290013536,0.));
#10844 = VECTOR('',#10845,1.);
#10845 = DIRECTION('',(0.,-1.));
#10846 = ( GEOMETRIC_REPRESENTATION_CONTEXT(2) 
PARAMETRIC_REPRESENTATION_CONTEXT() REPRESENTATION_CONTEXT('2D SPACE',''
  ) );
#10847 = ORIENTED_EDGE('',*,*,#2991,.T.);
#10848 = ORIENTED_EDGE('',*,*,#10727,.F.);
#10849 = ORIENTED_EDGE('',*,*,#10850,.F.);
#10850 = EDGE_CURVE('',#10826,#10728,#10851,.T.);
#10851 = SURFACE_CURVE('',#10852,(#10856,#10863),.PCURVE_S1.);
#10852 = LINE('',#10853,#10854);
#10853 = CARTESIAN_POINT('',(-26.93770650821,0.178207252018,0.));
#10854 = VECTOR('',#10855,1.);
#10855 = DIRECTION('',(0.896872741533,-0.442288690219,0.));
#10856 = PCURVE('',#3007,#10857);
#10857 = DEFINITIONAL_REPRESENTATION('',(#10858),#10862);
#10858 = LINE('',#10859,#10860);
#10859 = CARTESIAN_POINT('',(0.,0.));
#10860 = VECTOR('',#10861,1.);
#10861 = DIRECTION('',(1.,0.));
#10862 = ( GEOMETRIC_REPRESENTATION_CONTEXT(2) 
PARAMETRIC_REPRESENTATION_CONTEXT() REPRESENTATION_CONTEXT('2D SPACE',''
  ) );
#10863 = PCURVE('',#9928,#10864);
#10864 = DEFINITIONAL_REPRESENTATION('',(#10865),#10869);
#10865 = LINE('',#10866,#10867);
#10866 = CARTESIAN_POINT('',(-0.612293491784,1.478207252018));
#10867 = VECTOR('',#10868,1.);
#10868 = DIRECTION('',(-0.896872741533,-0.442288690219));
#10869 = ( GEOMETRIC_REPRESENTATION_CONTEXT(2) 
PARAMETRIC_REPRESENTATION_CONTEXT() REPRESENTATION_CONTEXT('2D SPACE',''
  ) );
#10870 = ADVANCED_FACE('',(#10871),#2223,.T.);
#10871 = FACE_BOUND('',#10872,.T.);
#10872 = EDGE_LOOP('',(#10873,#10874,#10875,#10898));
#10873 = ORIENTED_EDGE('',*,*,#10778,.T.);
#10874 = ORIENTED_EDGE('',*,*,#2207,.T.);
#10875 = ORIENTED_EDGE('',*,*,#10876,.F.);
#10876 = EDGE_CURVE('',#10877,#2208,#10879,.T.);
#10877 = VERTEX_POINT('',#10878);
#10878 = CARTESIAN_POINT('',(-27.55,-2.9,0.));
#10879 = SURFACE_CURVE('',#10880,(#10884,#10891),.PCURVE_S1.);
#10880 = LINE('',#10881,#10882);
#10881 = CARTESIAN_POINT('',(-27.55,-2.9,0.));
#10882 = VECTOR('',#10883,1.);
#10883 = DIRECTION('',(-0.,-0.,1.));
#10884 = PCURVE('',#2223,#10885);
#10885 = DEFINITIONAL_REPRESENTATION('',(#10886),#10890);
#10886 = LINE('',#10887,#10888);
#10887 = CARTESIAN_POINT('',(0.209290013536,0.));
#10888 = VECTOR('',#10889,1.);
#10889 = DIRECTION('',(0.,-1.));
#10890 = ( GEOMETRIC_REPRESENTATION_CONTEXT(2) 
PARAMETRIC_REPRESENTATION_CONTEXT() REPRESENTATION_CONTEXT('2D SPACE',''
  ) );
#10891 = PCURVE('',#2251,#10892);
#10892 = DEFINITIONAL_REPRESENTATION('',(#10893),#10897);
#10893 = LINE('',#10894,#10895);
#10894 = CARTESIAN_POINT('',(0.,0.));
#10895 = VECTOR('',#10896,1.);
#10896 = DIRECTION('',(0.,-1.));
#10897 = ( GEOMETRIC_REPRESENTATION_CONTEXT(2) 
PARAMETRIC_REPRESENTATION_CONTEXT() REPRESENTATION_CONTEXT('2D SPACE',''
  ) );
#10898 = ORIENTED_EDGE('',*,*,#10899,.F.);
#10899 = EDGE_CURVE('',#10779,#10877,#10900,.T.);
#10900 = SURFACE_CURVE('',#10901,(#10905,#10912),.PCURVE_S1.);
#10901 = LINE('',#10902,#10903);
#10902 = CARTESIAN_POINT('',(-27.34115809244,-2.886311778198,0.));
#10903 = VECTOR('',#10904,1.);
#10904 = DIRECTION('',(-0.997858923239,-6.540312923015E-02,0.));
#10905 = PCURVE('',#2223,#10906);
#10906 = DEFINITIONAL_REPRESENTATION('',(#10907),#10911);
#10907 = LINE('',#10908,#10909);
#10908 = CARTESIAN_POINT('',(0.,0.));
#10909 = VECTOR('',#10910,1.);
#10910 = DIRECTION('',(1.,0.));
#10911 = ( GEOMETRIC_REPRESENTATION_CONTEXT(2) 
PARAMETRIC_REPRESENTATION_CONTEXT() REPRESENTATION_CONTEXT('2D SPACE',''
  ) );
#10912 = PCURVE('',#9928,#10913);
#10913 = DEFINITIONAL_REPRESENTATION('',(#10914),#10918);
#10914 = LINE('',#10915,#10916);
#10915 = CARTESIAN_POINT('',(-0.208841907552,-1.586311778198));
#10916 = VECTOR('',#10917,1.);
#10917 = DIRECTION('',(0.997858923239,-6.540312923015E-02));
#10918 = ( GEOMETRIC_REPRESENTATION_CONTEXT(2) 
PARAMETRIC_REPRESENTATION_CONTEXT() REPRESENTATION_CONTEXT('2D SPACE',''
  ) );
#10919 = ADVANCED_FACE('',(#10920),#2979,.T.);
#10920 = FACE_BOUND('',#10921,.T.);
#10921 = EDGE_LOOP('',(#10922,#10945,#10946,#10947));
#10922 = ORIENTED_EDGE('',*,*,#10923,.T.);
#10923 = EDGE_CURVE('',#10924,#2936,#10926,.T.);
#10924 = VERTEX_POINT('',#10925);
#10925 = CARTESIAN_POINT('',(-27.13588952783,0.245481322063,0.));
#10926 = SURFACE_CURVE('',#10927,(#10931,#10938),.PCURVE_S1.);
#10927 = LINE('',#10928,#10929);
#10928 = CARTESIAN_POINT('',(-27.13588952783,0.245481322063,0.));
#10929 = VECTOR('',#10930,1.);
#10930 = DIRECTION('',(-0.,-0.,1.));
#10931 = PCURVE('',#2979,#10932);
#10932 = DEFINITIONAL_REPRESENTATION('',(#10933),#10937);
#10933 = LINE('',#10934,#10935);
#10934 = CARTESIAN_POINT('',(0.,0.));
#10935 = VECTOR('',#10936,1.);
#10936 = DIRECTION('',(0.,-1.));
#10937 = ( GEOMETRIC_REPRESENTATION_CONTEXT(2) 
PARAMETRIC_REPRESENTATION_CONTEXT() REPRESENTATION_CONTEXT('2D SPACE',''
  ) );
#10938 = PCURVE('',#2951,#10939);
#10939 = DEFINITIONAL_REPRESENTATION('',(#10940),#10944);
#10940 = LINE('',#10941,#10942);
#10941 = CARTESIAN_POINT('',(0.209290013536,0.));
#10942 = VECTOR('',#10943,1.);
#10943 = DIRECTION('',(0.,-1.));
#10944 = ( GEOMETRIC_REPRESENTATION_CONTEXT(2) 
PARAMETRIC_REPRESENTATION_CONTEXT() REPRESENTATION_CONTEXT('2D SPACE',''
  ) );
#10945 = ORIENTED_EDGE('',*,*,#2963,.T.);
#10946 = ORIENTED_EDGE('',*,*,#10825,.F.);
#10947 = ORIENTED_EDGE('',*,*,#10948,.F.);
#10948 = EDGE_CURVE('',#10924,#10826,#10949,.T.);
#10949 = SURFACE_CURVE('',#10950,(#10954,#10961),.PCURVE_S1.);
#10950 = LINE('',#10951,#10952);
#10951 = CARTESIAN_POINT('',(-27.13588952783,0.245481322063,0.));
#10952 = VECTOR('',#10953,1.);
#10953 = DIRECTION('',(0.946930129495,-0.321439465303,0.));
#10954 = PCURVE('',#2979,#10955);
#10955 = DEFINITIONAL_REPRESENTATION('',(#10956),#10960);
#10956 = LINE('',#10957,#10958);
#10957 = CARTESIAN_POINT('',(0.,0.));
#10958 = VECTOR('',#10959,1.);
#10959 = DIRECTION('',(1.,0.));
#10960 = ( GEOMETRIC_REPRESENTATION_CONTEXT(2) 
PARAMETRIC_REPRESENTATION_CONTEXT() REPRESENTATION_CONTEXT('2D SPACE',''
  ) );
#10961 = PCURVE('',#9928,#10962);
#10962 = DEFINITIONAL_REPRESENTATION('',(#10963),#10967);
#10963 = LINE('',#10964,#10965);
#10964 = CARTESIAN_POINT('',(-0.414110472164,1.545481322063));
#10965 = VECTOR('',#10966,1.);
#10966 = DIRECTION('',(-0.946930129495,-0.321439465303));
#10967 = ( GEOMETRIC_REPRESENTATION_CONTEXT(2) 
PARAMETRIC_REPRESENTATION_CONTEXT() REPRESENTATION_CONTEXT('2D SPACE',''
  ) );
#10968 = ADVANCED_FACE('',(#10969),#2251,.T.);
#10969 = FACE_BOUND('',#10970,.T.);
#10970 = EDGE_LOOP('',(#10971,#10972,#10973,#10996));
#10971 = ORIENTED_EDGE('',*,*,#10876,.T.);
#10972 = ORIENTED_EDGE('',*,*,#2235,.T.);
#10973 = ORIENTED_EDGE('',*,*,#10974,.F.);
#10974 = EDGE_CURVE('',#10975,#2236,#10977,.T.);
#10975 = VERTEX_POINT('',#10976);
#10976 = CARTESIAN_POINT('',(-27.75884190755,-2.886311778198,0.));
#10977 = SURFACE_CURVE('',#10978,(#10982,#10989),.PCURVE_S1.);
#10978 = LINE('',#10979,#10980);
#10979 = CARTESIAN_POINT('',(-27.75884190755,-2.886311778198,0.));
#10980 = VECTOR('',#10981,1.);
#10981 = DIRECTION('',(-0.,-0.,1.));
#10982 = PCURVE('',#2251,#10983);
#10983 = DEFINITIONAL_REPRESENTATION('',(#10984),#10988);
#10984 = LINE('',#10985,#10986);
#10985 = CARTESIAN_POINT('',(0.209290013536,0.));
#10986 = VECTOR('',#10987,1.);
#10987 = DIRECTION('',(0.,-1.));
#10988 = ( GEOMETRIC_REPRESENTATION_CONTEXT(2) 
PARAMETRIC_REPRESENTATION_CONTEXT() REPRESENTATION_CONTEXT('2D SPACE',''
  ) );
#10989 = PCURVE('',#2279,#10990);
#10990 = DEFINITIONAL_REPRESENTATION('',(#10991),#10995);
#10991 = LINE('',#10992,#10993);
#10992 = CARTESIAN_POINT('',(0.,0.));
#10993 = VECTOR('',#10994,1.);
#10994 = DIRECTION('',(0.,-1.));
#10995 = ( GEOMETRIC_REPRESENTATION_CONTEXT(2) 
PARAMETRIC_REPRESENTATION_CONTEXT() REPRESENTATION_CONTEXT('2D SPACE',''
  ) );
#10996 = ORIENTED_EDGE('',*,*,#10997,.F.);
#10997 = EDGE_CURVE('',#10877,#10975,#10998,.T.);
#10998 = SURFACE_CURVE('',#10999,(#11003,#11010),.PCURVE_S1.);
#10999 = LINE('',#11000,#11001);
#11000 = CARTESIAN_POINT('',(-27.55,-2.9,0.));
#11001 = VECTOR('',#11002,1.);
#11002 = DIRECTION('',(-0.997858923239,6.540312923014E-02,0.));
#11003 = PCURVE('',#2251,#11004);
#11004 = DEFINITIONAL_REPRESENTATION('',(#11005),#11009);
#11005 = LINE('',#11006,#11007);
#11006 = CARTESIAN_POINT('',(0.,0.));
#11007 = VECTOR('',#11008,1.);
#11008 = DIRECTION('',(1.,0.));
#11009 = ( GEOMETRIC_REPRESENTATION_CONTEXT(2) 
PARAMETRIC_REPRESENTATION_CONTEXT() REPRESENTATION_CONTEXT('2D SPACE',''
  ) );
#11010 = PCURVE('',#9928,#11011);
#11011 = DEFINITIONAL_REPRESENTATION('',(#11012),#11016);
#11012 = LINE('',#11013,#11014);
#11013 = CARTESIAN_POINT('',(-7.105427357601E-15,-1.6));
#11014 = VECTOR('',#11015,1.);
#11015 = DIRECTION('',(0.997858923239,6.540312923014E-02));
#11016 = ( GEOMETRIC_REPRESENTATION_CONTEXT(2) 
PARAMETRIC_REPRESENTATION_CONTEXT() REPRESENTATION_CONTEXT('2D SPACE',''
  ) );
#11017 = ADVANCED_FACE('',(#11018),#2951,.T.);
#11018 = FACE_BOUND('',#11019,.T.);
#11019 = EDGE_LOOP('',(#11020,#11043,#11044,#11045));
#11020 = ORIENTED_EDGE('',*,*,#11021,.T.);
#11021 = EDGE_CURVE('',#11022,#2908,#11024,.T.);
#11022 = VERTEX_POINT('',#11023);
#11023 = CARTESIAN_POINT('',(-27.34115809244,0.286311778198,0.));
#11024 = SURFACE_CURVE('',#11025,(#11029,#11036),.PCURVE_S1.);
#11025 = LINE('',#11026,#11027);
#11026 = CARTESIAN_POINT('',(-27.34115809244,0.286311778198,0.));
#11027 = VECTOR('',#11028,1.);
#11028 = DIRECTION('',(-0.,-0.,1.));
#11029 = PCURVE('',#2951,#11030);
#11030 = DEFINITIONAL_REPRESENTATION('',(#11031),#11035);
#11031 = LINE('',#11032,#11033);
#11032 = CARTESIAN_POINT('',(0.,0.));
#11033 = VECTOR('',#11034,1.);
#11034 = DIRECTION('',(0.,-1.));
#11035 = ( GEOMETRIC_REPRESENTATION_CONTEXT(2) 
PARAMETRIC_REPRESENTATION_CONTEXT() REPRESENTATION_CONTEXT('2D SPACE',''
  ) );
#11036 = PCURVE('',#2923,#11037);
#11037 = DEFINITIONAL_REPRESENTATION('',(#11038),#11042);
#11038 = LINE('',#11039,#11040);
#11039 = CARTESIAN_POINT('',(0.209290013536,0.));
#11040 = VECTOR('',#11041,1.);
#11041 = DIRECTION('',(0.,-1.));
#11042 = ( GEOMETRIC_REPRESENTATION_CONTEXT(2) 
PARAMETRIC_REPRESENTATION_CONTEXT() REPRESENTATION_CONTEXT('2D SPACE',''
  ) );
#11043 = ORIENTED_EDGE('',*,*,#2935,.T.);
#11044 = ORIENTED_EDGE('',*,*,#10923,.F.);
#11045 = ORIENTED_EDGE('',*,*,#11046,.F.);
#11046 = EDGE_CURVE('',#11022,#10924,#11047,.T.);
#11047 = SURFACE_CURVE('',#11048,(#11052,#11059),.PCURVE_S1.);
#11048 = LINE('',#11049,#11050);
#11049 = CARTESIAN_POINT('',(-27.34115809244,0.286311778198,0.));
#11050 = VECTOR('',#11051,1.);
#11051 = DIRECTION('',(0.980785280403,-0.195090322016,0.));
#11052 = PCURVE('',#2951,#11053);
#11053 = DEFINITIONAL_REPRESENTATION('',(#11054),#11058);
#11054 = LINE('',#11055,#11056);
#11055 = CARTESIAN_POINT('',(0.,0.));
#11056 = VECTOR('',#11057,1.);
#11057 = DIRECTION('',(1.,0.));
#11058 = ( GEOMETRIC_REPRESENTATION_CONTEXT(2) 
PARAMETRIC_REPRESENTATION_CONTEXT() REPRESENTATION_CONTEXT('2D SPACE',''
  ) );
#11059 = PCURVE('',#9928,#11060);
#11060 = DEFINITIONAL_REPRESENTATION('',(#11061),#11065);
#11061 = LINE('',#11062,#11063);
#11062 = CARTESIAN_POINT('',(-0.208841907552,1.586311778198));
#11063 = VECTOR('',#11064,1.);
#11064 = DIRECTION('',(-0.980785280403,-0.195090322016));
#11065 = ( GEOMETRIC_REPRESENTATION_CONTEXT(2) 
PARAMETRIC_REPRESENTATION_CONTEXT() REPRESENTATION_CONTEXT('2D SPACE',''
  ) );
#11066 = ADVANCED_FACE('',(#11067),#2279,.T.);
#11067 = FACE_BOUND('',#11068,.T.);
#11068 = EDGE_LOOP('',(#11069,#11070,#11071,#11094));
#11069 = ORIENTED_EDGE('',*,*,#10974,.T.);
#11070 = ORIENTED_EDGE('',*,*,#2263,.T.);
#11071 = ORIENTED_EDGE('',*,*,#11072,.F.);
#11072 = EDGE_CURVE('',#11073,#2264,#11075,.T.);
#11073 = VERTEX_POINT('',#11074);
#11074 = CARTESIAN_POINT('',(-27.96411047216,-2.845481322063,0.));
#11075 = SURFACE_CURVE('',#11076,(#11080,#11087),.PCURVE_S1.);
#11076 = LINE('',#11077,#11078);
#11077 = CARTESIAN_POINT('',(-27.96411047216,-2.845481322063,0.));
#11078 = VECTOR('',#11079,1.);
#11079 = DIRECTION('',(-0.,-0.,1.));
#11080 = PCURVE('',#2279,#11081);
#11081 = DEFINITIONAL_REPRESENTATION('',(#11082),#11086);
#11082 = LINE('',#11083,#11084);
#11083 = CARTESIAN_POINT('',(0.209290013536,0.));
#11084 = VECTOR('',#11085,1.);
#11085 = DIRECTION('',(0.,-1.));
#11086 = ( GEOMETRIC_REPRESENTATION_CONTEXT(2) 
PARAMETRIC_REPRESENTATION_CONTEXT() REPRESENTATION_CONTEXT('2D SPACE',''
  ) );
#11087 = PCURVE('',#2307,#11088);
#11088 = DEFINITIONAL_REPRESENTATION('',(#11089),#11093);
#11089 = LINE('',#11090,#11091);
#11090 = CARTESIAN_POINT('',(0.,0.));
#11091 = VECTOR('',#11092,1.);
#11092 = DIRECTION('',(0.,-1.));
#11093 = ( GEOMETRIC_REPRESENTATION_CONTEXT(2) 
PARAMETRIC_REPRESENTATION_CONTEXT() REPRESENTATION_CONTEXT('2D SPACE',''
  ) );
#11094 = ORIENTED_EDGE('',*,*,#11095,.F.);
#11095 = EDGE_CURVE('',#10975,#11073,#11096,.T.);
#11096 = SURFACE_CURVE('',#11097,(#11101,#11108),.PCURVE_S1.);
#11097 = LINE('',#11098,#11099);
#11098 = CARTESIAN_POINT('',(-27.75884190755,-2.886311778198,0.));
#11099 = VECTOR('',#11100,1.);
#11100 = DIRECTION('',(-0.980785280403,0.195090322016,0.));
#11101 = PCURVE('',#2279,#11102);
#11102 = DEFINITIONAL_REPRESENTATION('',(#11103),#11107);
#11103 = LINE('',#11104,#11105);
#11104 = CARTESIAN_POINT('',(0.,0.));
#11105 = VECTOR('',#11106,1.);
#11106 = DIRECTION('',(1.,0.));
#11107 = ( GEOMETRIC_REPRESENTATION_CONTEXT(2) 
PARAMETRIC_REPRESENTATION_CONTEXT() REPRESENTATION_CONTEXT('2D SPACE',''
  ) );
#11108 = PCURVE('',#9928,#11109);
#11109 = DEFINITIONAL_REPRESENTATION('',(#11110),#11114);
#11110 = LINE('',#11111,#11112);
#11111 = CARTESIAN_POINT('',(0.208841907552,-1.586311778198));
#11112 = VECTOR('',#11113,1.);
#11113 = DIRECTION('',(0.980785280403,0.195090322016));
#11114 = ( GEOMETRIC_REPRESENTATION_CONTEXT(2) 
PARAMETRIC_REPRESENTATION_CONTEXT() REPRESENTATION_CONTEXT('2D SPACE',''
  ) );
#11115 = ADVANCED_FACE('',(#11116),#2923,.T.);
#11116 = FACE_BOUND('',#11117,.T.);
#11117 = EDGE_LOOP('',(#11118,#11141,#11142,#11143));
#11118 = ORIENTED_EDGE('',*,*,#11119,.T.);
#11119 = EDGE_CURVE('',#11120,#2880,#11122,.T.);
#11120 = VERTEX_POINT('',#11121);
#11121 = CARTESIAN_POINT('',(-27.55,0.3,0.));
#11122 = SURFACE_CURVE('',#11123,(#11127,#11134),.PCURVE_S1.);
#11123 = LINE('',#11124,#11125);
#11124 = CARTESIAN_POINT('',(-27.55,0.3,0.));
#11125 = VECTOR('',#11126,1.);
#11126 = DIRECTION('',(-0.,-0.,1.));
#11127 = PCURVE('',#2923,#11128);
#11128 = DEFINITIONAL_REPRESENTATION('',(#11129),#11133);
#11129 = LINE('',#11130,#11131);
#11130 = CARTESIAN_POINT('',(0.,0.));
#11131 = VECTOR('',#11132,1.);
#11132 = DIRECTION('',(0.,-1.));
#11133 = ( GEOMETRIC_REPRESENTATION_CONTEXT(2) 
PARAMETRIC_REPRESENTATION_CONTEXT() REPRESENTATION_CONTEXT('2D SPACE',''
  ) );
#11134 = PCURVE('',#2895,#11135);
#11135 = DEFINITIONAL_REPRESENTATION('',(#11136),#11140);
#11136 = LINE('',#11137,#11138);
#11137 = CARTESIAN_POINT('',(0.209290013536,0.));
#11138 = VECTOR('',#11139,1.);
#11139 = DIRECTION('',(0.,-1.));
#11140 = ( GEOMETRIC_REPRESENTATION_CONTEXT(2) 
PARAMETRIC_REPRESENTATION_CONTEXT() REPRESENTATION_CONTEXT('2D SPACE',''
  ) );
#11141 = ORIENTED_EDGE('',*,*,#2907,.T.);
#11142 = ORIENTED_EDGE('',*,*,#11021,.F.);
#11143 = ORIENTED_EDGE('',*,*,#11144,.F.);
#11144 = EDGE_CURVE('',#11120,#11022,#11145,.T.);
#11145 = SURFACE_CURVE('',#11146,(#11150,#11157),.PCURVE_S1.);
#11146 = LINE('',#11147,#11148);
#11147 = CARTESIAN_POINT('',(-27.55,0.3,0.));
#11148 = VECTOR('',#11149,1.);
#11149 = DIRECTION('',(0.997858923239,-6.540312923014E-02,0.));
#11150 = PCURVE('',#2923,#11151);
#11151 = DEFINITIONAL_REPRESENTATION('',(#11152),#11156);
#11152 = LINE('',#11153,#11154);
#11153 = CARTESIAN_POINT('',(0.,0.));
#11154 = VECTOR('',#11155,1.);
#11155 = DIRECTION('',(1.,0.));
#11156 = ( GEOMETRIC_REPRESENTATION_CONTEXT(2) 
PARAMETRIC_REPRESENTATION_CONTEXT() REPRESENTATION_CONTEXT('2D SPACE',''
  ) );
#11157 = PCURVE('',#9928,#11158);
#11158 = DEFINITIONAL_REPRESENTATION('',(#11159),#11163);
#11159 = LINE('',#11160,#11161);
#11160 = CARTESIAN_POINT('',(-7.105427357601E-15,1.6));
#11161 = VECTOR('',#11162,1.);
#11162 = DIRECTION('',(-0.997858923239,-6.540312923014E-02));
#11163 = ( GEOMETRIC_REPRESENTATION_CONTEXT(2) 
PARAMETRIC_REPRESENTATION_CONTEXT() REPRESENTATION_CONTEXT('2D SPACE',''
  ) );
#11164 = ADVANCED_FACE('',(#11165),#2307,.T.);
#11165 = FACE_BOUND('',#11166,.T.);
#11166 = EDGE_LOOP('',(#11167,#11168,#11169,#11192));
#11167 = ORIENTED_EDGE('',*,*,#11072,.T.);
#11168 = ORIENTED_EDGE('',*,*,#2291,.T.);
#11169 = ORIENTED_EDGE('',*,*,#11170,.F.);
#11170 = EDGE_CURVE('',#11171,#2292,#11173,.T.);
#11171 = VERTEX_POINT('',#11172);
#11172 = CARTESIAN_POINT('',(-28.16229349178,-2.778207252018,0.));
#11173 = SURFACE_CURVE('',#11174,(#11178,#11185),.PCURVE_S1.);
#11174 = LINE('',#11175,#11176);
#11175 = CARTESIAN_POINT('',(-28.16229349178,-2.778207252018,0.));
#11176 = VECTOR('',#11177,1.);
#11177 = DIRECTION('',(-0.,-0.,1.));
#11178 = PCURVE('',#2307,#11179);
#11179 = DEFINITIONAL_REPRESENTATION('',(#11180),#11184);
#11180 = LINE('',#11181,#11182);
#11181 = CARTESIAN_POINT('',(0.209290013536,0.));
#11182 = VECTOR('',#11183,1.);
#11183 = DIRECTION('',(0.,-1.));
#11184 = ( GEOMETRIC_REPRESENTATION_CONTEXT(2) 
PARAMETRIC_REPRESENTATION_CONTEXT() REPRESENTATION_CONTEXT('2D SPACE',''
  ) );
#11185 = PCURVE('',#2335,#11186);
#11186 = DEFINITIONAL_REPRESENTATION('',(#11187),#11191);
#11187 = LINE('',#11188,#11189);
#11188 = CARTESIAN_POINT('',(0.,0.));
#11189 = VECTOR('',#11190,1.);
#11190 = DIRECTION('',(0.,-1.));
#11191 = ( GEOMETRIC_REPRESENTATION_CONTEXT(2) 
PARAMETRIC_REPRESENTATION_CONTEXT() REPRESENTATION_CONTEXT('2D SPACE',''
  ) );
#11192 = ORIENTED_EDGE('',*,*,#11193,.F.);
#11193 = EDGE_CURVE('',#11073,#11171,#11194,.T.);
#11194 = SURFACE_CURVE('',#11195,(#11199,#11206),.PCURVE_S1.);
#11195 = LINE('',#11196,#11197);
#11196 = CARTESIAN_POINT('',(-27.96411047216,-2.845481322063,0.));
#11197 = VECTOR('',#11198,1.);
#11198 = DIRECTION('',(-0.946930129495,0.321439465303,0.));
#11199 = PCURVE('',#2307,#11200);
#11200 = DEFINITIONAL_REPRESENTATION('',(#11201),#11205);
#11201 = LINE('',#11202,#11203);
#11202 = CARTESIAN_POINT('',(0.,0.));
#11203 = VECTOR('',#11204,1.);
#11204 = DIRECTION('',(1.,0.));
#11205 = ( GEOMETRIC_REPRESENTATION_CONTEXT(2) 
PARAMETRIC_REPRESENTATION_CONTEXT() REPRESENTATION_CONTEXT('2D SPACE',''
  ) );
#11206 = PCURVE('',#9928,#11207);
#11207 = DEFINITIONAL_REPRESENTATION('',(#11208),#11212);
#11208 = LINE('',#11209,#11210);
#11209 = CARTESIAN_POINT('',(0.414110472164,-1.545481322063));
#11210 = VECTOR('',#11211,1.);
#11211 = DIRECTION('',(0.946930129495,0.321439465303));
#11212 = ( GEOMETRIC_REPRESENTATION_CONTEXT(2) 
PARAMETRIC_REPRESENTATION_CONTEXT() REPRESENTATION_CONTEXT('2D SPACE',''
  ) );
#11213 = ADVANCED_FACE('',(#11214),#2895,.T.);
#11214 = FACE_BOUND('',#11215,.T.);
#11215 = EDGE_LOOP('',(#11216,#11239,#11240,#11241));
#11216 = ORIENTED_EDGE('',*,*,#11217,.T.);
#11217 = EDGE_CURVE('',#11218,#2852,#11220,.T.);
#11218 = VERTEX_POINT('',#11219);
#11219 = CARTESIAN_POINT('',(-27.75884190755,0.286311778198,0.));
#11220 = SURFACE_CURVE('',#11221,(#11225,#11232),.PCURVE_S1.);
#11221 = LINE('',#11222,#11223);
#11222 = CARTESIAN_POINT('',(-27.75884190755,0.286311778198,0.));
#11223 = VECTOR('',#11224,1.);
#11224 = DIRECTION('',(-0.,-0.,1.));
#11225 = PCURVE('',#2895,#11226);
#11226 = DEFINITIONAL_REPRESENTATION('',(#11227),#11231);
#11227 = LINE('',#11228,#11229);
#11228 = CARTESIAN_POINT('',(0.,0.));
#11229 = VECTOR('',#11230,1.);
#11230 = DIRECTION('',(0.,-1.));
#11231 = ( GEOMETRIC_REPRESENTATION_CONTEXT(2) 
PARAMETRIC_REPRESENTATION_CONTEXT() REPRESENTATION_CONTEXT('2D SPACE',''
  ) );
#11232 = PCURVE('',#2867,#11233);
#11233 = DEFINITIONAL_REPRESENTATION('',(#11234),#11238);
#11234 = LINE('',#11235,#11236);
#11235 = CARTESIAN_POINT('',(0.209290013536,0.));
#11236 = VECTOR('',#11237,1.);
#11237 = DIRECTION('',(0.,-1.));
#11238 = ( GEOMETRIC_REPRESENTATION_CONTEXT(2) 
PARAMETRIC_REPRESENTATION_CONTEXT() REPRESENTATION_CONTEXT('2D SPACE',''
  ) );
#11239 = ORIENTED_EDGE('',*,*,#2879,.T.);
#11240 = ORIENTED_EDGE('',*,*,#11119,.F.);
#11241 = ORIENTED_EDGE('',*,*,#11242,.F.);
#11242 = EDGE_CURVE('',#11218,#11120,#11243,.T.);
#11243 = SURFACE_CURVE('',#11244,(#11248,#11255),.PCURVE_S1.);
#11244 = LINE('',#11245,#11246);
#11245 = CARTESIAN_POINT('',(-27.75884190755,0.286311778198,0.));
#11246 = VECTOR('',#11247,1.);
#11247 = DIRECTION('',(0.997858923239,6.540312923014E-02,0.));
#11248 = PCURVE('',#2895,#11249);
#11249 = DEFINITIONAL_REPRESENTATION('',(#11250),#11254);
#11250 = LINE('',#11251,#11252);
#11251 = CARTESIAN_POINT('',(0.,0.));
#11252 = VECTOR('',#11253,1.);
#11253 = DIRECTION('',(1.,0.));
#11254 = ( GEOMETRIC_REPRESENTATION_CONTEXT(2) 
PARAMETRIC_REPRESENTATION_CONTEXT() REPRESENTATION_CONTEXT('2D SPACE',''
  ) );
#11255 = PCURVE('',#9928,#11256);
#11256 = DEFINITIONAL_REPRESENTATION('',(#11257),#11261);
#11257 = LINE('',#11258,#11259);
#11258 = CARTESIAN_POINT('',(0.208841907552,1.586311778198));
#11259 = VECTOR('',#11260,1.);
#11260 = DIRECTION('',(-0.997858923239,6.540312923014E-02));
#11261 = ( GEOMETRIC_REPRESENTATION_CONTEXT(2) 
PARAMETRIC_REPRESENTATION_CONTEXT() REPRESENTATION_CONTEXT('2D SPACE',''
  ) );
#11262 = ADVANCED_FACE('',(#11263),#2335,.T.);
#11263 = FACE_BOUND('',#11264,.T.);
#11264 = EDGE_LOOP('',(#11265,#11266,#11267,#11290));
#11265 = ORIENTED_EDGE('',*,*,#11170,.T.);
#11266 = ORIENTED_EDGE('',*,*,#2319,.T.);
#11267 = ORIENTED_EDGE('',*,*,#11268,.F.);
#11268 = EDGE_CURVE('',#11269,#2320,#11271,.T.);
#11269 = VERTEX_POINT('',#11270);
#11270 = CARTESIAN_POINT('',(-28.35,-2.685640646055,0.));
#11271 = SURFACE_CURVE('',#11272,(#11276,#11283),.PCURVE_S1.);
#11272 = LINE('',#11273,#11274);
#11273 = CARTESIAN_POINT('',(-28.35,-2.685640646055,0.));
#11274 = VECTOR('',#11275,1.);
#11275 = DIRECTION('',(-0.,-0.,1.));
#11276 = PCURVE('',#2335,#11277);
#11277 = DEFINITIONAL_REPRESENTATION('',(#11278),#11282);
#11278 = LINE('',#11279,#11280);
#11279 = CARTESIAN_POINT('',(0.209290013536,0.));
#11280 = VECTOR('',#11281,1.);
#11281 = DIRECTION('',(0.,-1.));
#11282 = ( GEOMETRIC_REPRESENTATION_CONTEXT(2) 
PARAMETRIC_REPRESENTATION_CONTEXT() REPRESENTATION_CONTEXT('2D SPACE',''
  ) );
#11283 = PCURVE('',#2363,#11284);
#11284 = DEFINITIONAL_REPRESENTATION('',(#11285),#11289);
#11285 = LINE('',#11286,#11287);
#11286 = CARTESIAN_POINT('',(0.,0.));
#11287 = VECTOR('',#11288,1.);
#11288 = DIRECTION('',(0.,-1.));
#11289 = ( GEOMETRIC_REPRESENTATION_CONTEXT(2) 
PARAMETRIC_REPRESENTATION_CONTEXT() REPRESENTATION_CONTEXT('2D SPACE',''
  ) );
#11290 = ORIENTED_EDGE('',*,*,#11291,.F.);
#11291 = EDGE_CURVE('',#11171,#11269,#11292,.T.);
#11292 = SURFACE_CURVE('',#11293,(#11297,#11304),.PCURVE_S1.);
#11293 = LINE('',#11294,#11295);
#11294 = CARTESIAN_POINT('',(-28.16229349178,-2.778207252018,0.));
#11295 = VECTOR('',#11296,1.);
#11296 = DIRECTION('',(-0.896872741533,0.442288690219,0.));
#11297 = PCURVE('',#2335,#11298);
#11298 = DEFINITIONAL_REPRESENTATION('',(#11299),#11303);
#11299 = LINE('',#11300,#11301);
#11300 = CARTESIAN_POINT('',(0.,0.));
#11301 = VECTOR('',#11302,1.);
#11302 = DIRECTION('',(1.,0.));
#11303 = ( GEOMETRIC_REPRESENTATION_CONTEXT(2) 
PARAMETRIC_REPRESENTATION_CONTEXT() REPRESENTATION_CONTEXT('2D SPACE',''
  ) );
#11304 = PCURVE('',#9928,#11305);
#11305 = DEFINITIONAL_REPRESENTATION('',(#11306),#11310);
#11306 = LINE('',#11307,#11308);
#11307 = CARTESIAN_POINT('',(0.612293491784,-1.478207252018));
#11308 = VECTOR('',#11309,1.);
#11309 = DIRECTION('',(0.896872741533,0.442288690219));
#11310 = ( GEOMETRIC_REPRESENTATION_CONTEXT(2) 
PARAMETRIC_REPRESENTATION_CONTEXT() REPRESENTATION_CONTEXT('2D SPACE',''
  ) );
#11311 = ADVANCED_FACE('',(#11312),#2867,.T.);
#11312 = FACE_BOUND('',#11313,.T.);
#11313 = EDGE_LOOP('',(#11314,#11337,#11338,#11339));
#11314 = ORIENTED_EDGE('',*,*,#11315,.T.);
#11315 = EDGE_CURVE('',#11316,#2824,#11318,.T.);
#11316 = VERTEX_POINT('',#11317);
#11317 = CARTESIAN_POINT('',(-27.96411047216,0.245481322063,0.));
#11318 = SURFACE_CURVE('',#11319,(#11323,#11330),.PCURVE_S1.);
#11319 = LINE('',#11320,#11321);
#11320 = CARTESIAN_POINT('',(-27.96411047216,0.245481322063,0.));
#11321 = VECTOR('',#11322,1.);
#11322 = DIRECTION('',(-0.,-0.,1.));
#11323 = PCURVE('',#2867,#11324);
#11324 = DEFINITIONAL_REPRESENTATION('',(#11325),#11329);
#11325 = LINE('',#11326,#11327);
#11326 = CARTESIAN_POINT('',(0.,0.));
#11327 = VECTOR('',#11328,1.);
#11328 = DIRECTION('',(0.,-1.));
#11329 = ( GEOMETRIC_REPRESENTATION_CONTEXT(2) 
PARAMETRIC_REPRESENTATION_CONTEXT() REPRESENTATION_CONTEXT('2D SPACE',''
  ) );
#11330 = PCURVE('',#2839,#11331);
#11331 = DEFINITIONAL_REPRESENTATION('',(#11332),#11336);
#11332 = LINE('',#11333,#11334);
#11333 = CARTESIAN_POINT('',(0.209290013536,0.));
#11334 = VECTOR('',#11335,1.);
#11335 = DIRECTION('',(0.,-1.));
#11336 = ( GEOMETRIC_REPRESENTATION_CONTEXT(2) 
PARAMETRIC_REPRESENTATION_CONTEXT() REPRESENTATION_CONTEXT('2D SPACE',''
  ) );
#11337 = ORIENTED_EDGE('',*,*,#2851,.T.);
#11338 = ORIENTED_EDGE('',*,*,#11217,.F.);
#11339 = ORIENTED_EDGE('',*,*,#11340,.F.);
#11340 = EDGE_CURVE('',#11316,#11218,#11341,.T.);
#11341 = SURFACE_CURVE('',#11342,(#11346,#11353),.PCURVE_S1.);
#11342 = LINE('',#11343,#11344);
#11343 = CARTESIAN_POINT('',(-27.96411047216,0.245481322063,0.));
#11344 = VECTOR('',#11345,1.);
#11345 = DIRECTION('',(0.980785280403,0.195090322016,0.));
#11346 = PCURVE('',#2867,#11347);
#11347 = DEFINITIONAL_REPRESENTATION('',(#11348),#11352);
#11348 = LINE('',#11349,#11350);
#11349 = CARTESIAN_POINT('',(0.,0.));
#11350 = VECTOR('',#11351,1.);
#11351 = DIRECTION('',(1.,0.));
#11352 = ( GEOMETRIC_REPRESENTATION_CONTEXT(2) 
PARAMETRIC_REPRESENTATION_CONTEXT() REPRESENTATION_CONTEXT('2D SPACE',''
  ) );
#11353 = PCURVE('',#9928,#11354);
#11354 = DEFINITIONAL_REPRESENTATION('',(#11355),#11359);
#11355 = LINE('',#11356,#11357);
#11356 = CARTESIAN_POINT('',(0.414110472164,1.545481322063));
#11357 = VECTOR('',#11358,1.);
#11358 = DIRECTION('',(-0.980785280403,0.195090322016));
#11359 = ( GEOMETRIC_REPRESENTATION_CONTEXT(2) 
PARAMETRIC_REPRESENTATION_CONTEXT() REPRESENTATION_CONTEXT('2D SPACE',''
  ) );
#11360 = ADVANCED_FACE('',(#11361),#2363,.T.);
#11361 = FACE_BOUND('',#11362,.T.);
#11362 = EDGE_LOOP('',(#11363,#11364,#11365,#11388));
#11363 = ORIENTED_EDGE('',*,*,#11268,.T.);
#11364 = ORIENTED_EDGE('',*,*,#2347,.T.);
#11365 = ORIENTED_EDGE('',*,*,#11366,.F.);
#11366 = EDGE_CURVE('',#11367,#2348,#11369,.T.);
#11367 = VERTEX_POINT('',#11368);
#11368 = CARTESIAN_POINT('',(-28.52401828641,-2.569365344466,0.));
#11369 = SURFACE_CURVE('',#11370,(#11374,#11381),.PCURVE_S1.);
#11370 = LINE('',#11371,#11372);
#11371 = CARTESIAN_POINT('',(-28.52401828641,-2.569365344466,0.));
#11372 = VECTOR('',#11373,1.);
#11373 = DIRECTION('',(-0.,-0.,1.));
#11374 = PCURVE('',#2363,#11375);
#11375 = DEFINITIONAL_REPRESENTATION('',(#11376),#11380);
#11376 = LINE('',#11377,#11378);
#11377 = CARTESIAN_POINT('',(0.209290013536,0.));
#11378 = VECTOR('',#11379,1.);
#11379 = DIRECTION('',(0.,-1.));
#11380 = ( GEOMETRIC_REPRESENTATION_CONTEXT(2) 
PARAMETRIC_REPRESENTATION_CONTEXT() REPRESENTATION_CONTEXT('2D SPACE',''
  ) );
#11381 = PCURVE('',#2391,#11382);
#11382 = DEFINITIONAL_REPRESENTATION('',(#11383),#11387);
#11383 = LINE('',#11384,#11385);
#11384 = CARTESIAN_POINT('',(0.,0.));
#11385 = VECTOR('',#11386,1.);
#11386 = DIRECTION('',(0.,-1.));
#11387 = ( GEOMETRIC_REPRESENTATION_CONTEXT(2) 
PARAMETRIC_REPRESENTATION_CONTEXT() REPRESENTATION_CONTEXT('2D SPACE',''
  ) );
#11388 = ORIENTED_EDGE('',*,*,#11389,.F.);
#11389 = EDGE_CURVE('',#11269,#11367,#11390,.T.);
#11390 = SURFACE_CURVE('',#11391,(#11395,#11402),.PCURVE_S1.);
#11391 = LINE('',#11392,#11393);
#11392 = CARTESIAN_POINT('',(-28.35,-2.685640646055,0.));
#11393 = VECTOR('',#11394,1.);
#11394 = DIRECTION('',(-0.831469612303,0.55557023302,0.));
#11395 = PCURVE('',#2363,#11396);
#11396 = DEFINITIONAL_REPRESENTATION('',(#11397),#11401);
#11397 = LINE('',#11398,#11399);
#11398 = CARTESIAN_POINT('',(0.,0.));
#11399 = VECTOR('',#11400,1.);
#11400 = DIRECTION('',(1.,0.));
#11401 = ( GEOMETRIC_REPRESENTATION_CONTEXT(2) 
PARAMETRIC_REPRESENTATION_CONTEXT() REPRESENTATION_CONTEXT('2D SPACE',''
  ) );
#11402 = PCURVE('',#9928,#11403);
#11403 = DEFINITIONAL_REPRESENTATION('',(#11404),#11408);
#11404 = LINE('',#11405,#11406);
#11405 = CARTESIAN_POINT('',(0.8,-1.385640646055));
#11406 = VECTOR('',#11407,1.);
#11407 = DIRECTION('',(0.831469612303,0.55557023302));
#11408 = ( GEOMETRIC_REPRESENTATION_CONTEXT(2) 
PARAMETRIC_REPRESENTATION_CONTEXT() REPRESENTATION_CONTEXT('2D SPACE',''
  ) );
#11409 = ADVANCED_FACE('',(#11410),#2839,.T.);
#11410 = FACE_BOUND('',#11411,.T.);
#11411 = EDGE_LOOP('',(#11412,#11435,#11436,#11437));
#11412 = ORIENTED_EDGE('',*,*,#11413,.T.);
#11413 = EDGE_CURVE('',#11414,#2796,#11416,.T.);
#11414 = VERTEX_POINT('',#11415);
#11415 = CARTESIAN_POINT('',(-28.16229349178,0.178207252018,0.));
#11416 = SURFACE_CURVE('',#11417,(#11421,#11428),.PCURVE_S1.);
#11417 = LINE('',#11418,#11419);
#11418 = CARTESIAN_POINT('',(-28.16229349178,0.178207252018,0.));
#11419 = VECTOR('',#11420,1.);
#11420 = DIRECTION('',(-0.,-0.,1.));
#11421 = PCURVE('',#2839,#11422);
#11422 = DEFINITIONAL_REPRESENTATION('',(#11423),#11427);
#11423 = LINE('',#11424,#11425);
#11424 = CARTESIAN_POINT('',(0.,0.));
#11425 = VECTOR('',#11426,1.);
#11426 = DIRECTION('',(0.,-1.));
#11427 = ( GEOMETRIC_REPRESENTATION_CONTEXT(2) 
PARAMETRIC_REPRESENTATION_CONTEXT() REPRESENTATION_CONTEXT('2D SPACE',''
  ) );
#11428 = PCURVE('',#2811,#11429);
#11429 = DEFINITIONAL_REPRESENTATION('',(#11430),#11434);
#11430 = LINE('',#11431,#11432);
#11431 = CARTESIAN_POINT('',(0.209290013536,0.));
#11432 = VECTOR('',#11433,1.);
#11433 = DIRECTION('',(0.,-1.));
#11434 = ( GEOMETRIC_REPRESENTATION_CONTEXT(2) 
PARAMETRIC_REPRESENTATION_CONTEXT() REPRESENTATION_CONTEXT('2D SPACE',''
  ) );
#11435 = ORIENTED_EDGE('',*,*,#2823,.T.);
#11436 = ORIENTED_EDGE('',*,*,#11315,.F.);
#11437 = ORIENTED_EDGE('',*,*,#11438,.F.);
#11438 = EDGE_CURVE('',#11414,#11316,#11439,.T.);
#11439 = SURFACE_CURVE('',#11440,(#11444,#11451),.PCURVE_S1.);
#11440 = LINE('',#11441,#11442);
#11441 = CARTESIAN_POINT('',(-28.16229349178,0.178207252018,0.));
#11442 = VECTOR('',#11443,1.);
#11443 = DIRECTION('',(0.946930129495,0.321439465303,0.));
#11444 = PCURVE('',#2839,#11445);
#11445 = DEFINITIONAL_REPRESENTATION('',(#11446),#11450);
#11446 = LINE('',#11447,#11448);
#11447 = CARTESIAN_POINT('',(0.,0.));
#11448 = VECTOR('',#11449,1.);
#11449 = DIRECTION('',(1.,0.));
#11450 = ( GEOMETRIC_REPRESENTATION_CONTEXT(2) 
PARAMETRIC_REPRESENTATION_CONTEXT() REPRESENTATION_CONTEXT('2D SPACE',''
  ) );
#11451 = PCURVE('',#9928,#11452);
#11452 = DEFINITIONAL_REPRESENTATION('',(#11453),#11457);
#11453 = LINE('',#11454,#11455);
#11454 = CARTESIAN_POINT('',(0.612293491784,1.478207252018));
#11455 = VECTOR('',#11456,1.);
#11456 = DIRECTION('',(-0.946930129495,0.321439465303));
#11457 = ( GEOMETRIC_REPRESENTATION_CONTEXT(2) 
PARAMETRIC_REPRESENTATION_CONTEXT() REPRESENTATION_CONTEXT('2D SPACE',''
  ) );
#11458 = ADVANCED_FACE('',(#11459),#2391,.T.);
#11459 = FACE_BOUND('',#11460,.T.);
#11460 = EDGE_LOOP('',(#11461,#11462,#11463,#11486));
#11461 = ORIENTED_EDGE('',*,*,#11366,.T.);
#11462 = ORIENTED_EDGE('',*,*,#2375,.T.);
#11463 = ORIENTED_EDGE('',*,*,#11464,.F.);
#11464 = EDGE_CURVE('',#11465,#2376,#11467,.T.);
#11465 = VERTEX_POINT('',#11466);
#11466 = CARTESIAN_POINT('',(-28.68137084989,-2.431370849898,0.));
#11467 = SURFACE_CURVE('',#11468,(#11472,#11479),.PCURVE_S1.);
#11468 = LINE('',#11469,#11470);
#11469 = CARTESIAN_POINT('',(-28.68137084989,-2.431370849898,0.));
#11470 = VECTOR('',#11471,1.);
#11471 = DIRECTION('',(-0.,-0.,1.));
#11472 = PCURVE('',#2391,#11473);
#11473 = DEFINITIONAL_REPRESENTATION('',(#11474),#11478);
#11474 = LINE('',#11475,#11476);
#11475 = CARTESIAN_POINT('',(0.209290013536,0.));
#11476 = VECTOR('',#11477,1.);
#11477 = DIRECTION('',(0.,-1.));
#11478 = ( GEOMETRIC_REPRESENTATION_CONTEXT(2) 
PARAMETRIC_REPRESENTATION_CONTEXT() REPRESENTATION_CONTEXT('2D SPACE',''
  ) );
#11479 = PCURVE('',#2419,#11480);
#11480 = DEFINITIONAL_REPRESENTATION('',(#11481),#11485);
#11481 = LINE('',#11482,#11483);
#11482 = CARTESIAN_POINT('',(0.,0.));
#11483 = VECTOR('',#11484,1.);
#11484 = DIRECTION('',(0.,-1.));
#11485 = ( GEOMETRIC_REPRESENTATION_CONTEXT(2) 
PARAMETRIC_REPRESENTATION_CONTEXT() REPRESENTATION_CONTEXT('2D SPACE',''
  ) );
#11486 = ORIENTED_EDGE('',*,*,#11487,.F.);
#11487 = EDGE_CURVE('',#11367,#11465,#11488,.T.);
#11488 = SURFACE_CURVE('',#11489,(#11493,#11500),.PCURVE_S1.);
#11489 = LINE('',#11490,#11491);
#11490 = CARTESIAN_POINT('',(-28.52401828641,-2.569365344466,0.));
#11491 = VECTOR('',#11492,1.);
#11492 = DIRECTION('',(-0.751839807479,0.6593458151,0.));
#11493 = PCURVE('',#2391,#11494);
#11494 = DEFINITIONAL_REPRESENTATION('',(#11495),#11499);
#11495 = LINE('',#11496,#11497);
#11496 = CARTESIAN_POINT('',(0.,0.));
#11497 = VECTOR('',#11498,1.);
#11498 = DIRECTION('',(1.,0.));
#11499 = ( GEOMETRIC_REPRESENTATION_CONTEXT(2) 
PARAMETRIC_REPRESENTATION_CONTEXT() REPRESENTATION_CONTEXT('2D SPACE',''
  ) );
#11500 = PCURVE('',#9928,#11501);
#11501 = DEFINITIONAL_REPRESENTATION('',(#11502),#11506);
#11502 = LINE('',#11503,#11504);
#11503 = CARTESIAN_POINT('',(0.974018286414,-1.269365344466));
#11504 = VECTOR('',#11505,1.);
#11505 = DIRECTION('',(0.751839807479,0.6593458151));
#11506 = ( GEOMETRIC_REPRESENTATION_CONTEXT(2) 
PARAMETRIC_REPRESENTATION_CONTEXT() REPRESENTATION_CONTEXT('2D SPACE',''
  ) );
#11507 = ADVANCED_FACE('',(#11508),#2811,.T.);
#11508 = FACE_BOUND('',#11509,.T.);
#11509 = EDGE_LOOP('',(#11510,#11533,#11534,#11535));
#11510 = ORIENTED_EDGE('',*,*,#11511,.T.);
#11511 = EDGE_CURVE('',#11512,#2768,#11514,.T.);
#11512 = VERTEX_POINT('',#11513);
#11513 = CARTESIAN_POINT('',(-28.35,8.56406460551E-02,0.));
#11514 = SURFACE_CURVE('',#11515,(#11519,#11526),.PCURVE_S1.);
#11515 = LINE('',#11516,#11517);
#11516 = CARTESIAN_POINT('',(-28.35,8.56406460551E-02,0.));
#11517 = VECTOR('',#11518,1.);
#11518 = DIRECTION('',(-0.,-0.,1.));
#11519 = PCURVE('',#2811,#11520);
#11520 = DEFINITIONAL_REPRESENTATION('',(#11521),#11525);
#11521 = LINE('',#11522,#11523);
#11522 = CARTESIAN_POINT('',(0.,0.));
#11523 = VECTOR('',#11524,1.);
#11524 = DIRECTION('',(0.,-1.));
#11525 = ( GEOMETRIC_REPRESENTATION_CONTEXT(2) 
PARAMETRIC_REPRESENTATION_CONTEXT() REPRESENTATION_CONTEXT('2D SPACE',''
  ) );
#11526 = PCURVE('',#2783,#11527);
#11527 = DEFINITIONAL_REPRESENTATION('',(#11528),#11532);
#11528 = LINE('',#11529,#11530);
#11529 = CARTESIAN_POINT('',(0.209290013536,0.));
#11530 = VECTOR('',#11531,1.);
#11531 = DIRECTION('',(0.,-1.));
#11532 = ( GEOMETRIC_REPRESENTATION_CONTEXT(2) 
PARAMETRIC_REPRESENTATION_CONTEXT() REPRESENTATION_CONTEXT('2D SPACE',''
  ) );
#11533 = ORIENTED_EDGE('',*,*,#2795,.T.);
#11534 = ORIENTED_EDGE('',*,*,#11413,.F.);
#11535 = ORIENTED_EDGE('',*,*,#11536,.F.);
#11536 = EDGE_CURVE('',#11512,#11414,#11537,.T.);
#11537 = SURFACE_CURVE('',#11538,(#11542,#11549),.PCURVE_S1.);
#11538 = LINE('',#11539,#11540);
#11539 = CARTESIAN_POINT('',(-28.35,8.56406460551E-02,0.));
#11540 = VECTOR('',#11541,1.);
#11541 = DIRECTION('',(0.896872741533,0.442288690219,0.));
#11542 = PCURVE('',#2811,#11543);
#11543 = DEFINITIONAL_REPRESENTATION('',(#11544),#11548);
#11544 = LINE('',#11545,#11546);
#11545 = CARTESIAN_POINT('',(0.,0.));
#11546 = VECTOR('',#11547,1.);
#11547 = DIRECTION('',(1.,0.));
#11548 = ( GEOMETRIC_REPRESENTATION_CONTEXT(2) 
PARAMETRIC_REPRESENTATION_CONTEXT() REPRESENTATION_CONTEXT('2D SPACE',''
  ) );
#11549 = PCURVE('',#9928,#11550);
#11550 = DEFINITIONAL_REPRESENTATION('',(#11551),#11555);
#11551 = LINE('',#11552,#11553);
#11552 = CARTESIAN_POINT('',(0.8,1.385640646055));
#11553 = VECTOR('',#11554,1.);
#11554 = DIRECTION('',(-0.896872741533,0.442288690219));
#11555 = ( GEOMETRIC_REPRESENTATION_CONTEXT(2) 
PARAMETRIC_REPRESENTATION_CONTEXT() REPRESENTATION_CONTEXT('2D SPACE',''
  ) );
#11556 = ADVANCED_FACE('',(#11557),#2419,.T.);
#11557 = FACE_BOUND('',#11558,.T.);
#11558 = EDGE_LOOP('',(#11559,#11560,#11561,#11584));
#11559 = ORIENTED_EDGE('',*,*,#11464,.T.);
#11560 = ORIENTED_EDGE('',*,*,#2403,.T.);
#11561 = ORIENTED_EDGE('',*,*,#11562,.F.);
#11562 = EDGE_CURVE('',#11563,#2404,#11565,.T.);
#11563 = VERTEX_POINT('',#11564);
#11564 = CARTESIAN_POINT('',(-28.81936534446,-2.274018286414,0.));
#11565 = SURFACE_CURVE('',#11566,(#11570,#11577),.PCURVE_S1.);
#11566 = LINE('',#11567,#11568);
#11567 = CARTESIAN_POINT('',(-28.81936534446,-2.274018286414,0.));
#11568 = VECTOR('',#11569,1.);
#11569 = DIRECTION('',(-0.,-0.,1.));
#11570 = PCURVE('',#2419,#11571);
#11571 = DEFINITIONAL_REPRESENTATION('',(#11572),#11576);
#11572 = LINE('',#11573,#11574);
#11573 = CARTESIAN_POINT('',(0.209290013536,0.));
#11574 = VECTOR('',#11575,1.);
#11575 = DIRECTION('',(0.,-1.));
#11576 = ( GEOMETRIC_REPRESENTATION_CONTEXT(2) 
PARAMETRIC_REPRESENTATION_CONTEXT() REPRESENTATION_CONTEXT('2D SPACE',''
  ) );
#11577 = PCURVE('',#2447,#11578);
#11578 = DEFINITIONAL_REPRESENTATION('',(#11579),#11583);
#11579 = LINE('',#11580,#11581);
#11580 = CARTESIAN_POINT('',(0.,0.));
#11581 = VECTOR('',#11582,1.);
#11582 = DIRECTION('',(0.,-1.));
#11583 = ( GEOMETRIC_REPRESENTATION_CONTEXT(2) 
PARAMETRIC_REPRESENTATION_CONTEXT() REPRESENTATION_CONTEXT('2D SPACE',''
  ) );
#11584 = ORIENTED_EDGE('',*,*,#11585,.F.);
#11585 = EDGE_CURVE('',#11465,#11563,#11586,.T.);
#11586 = SURFACE_CURVE('',#11587,(#11591,#11598),.PCURVE_S1.);
#11587 = LINE('',#11588,#11589);
#11588 = CARTESIAN_POINT('',(-28.68137084989,-2.431370849898,0.));
#11589 = VECTOR('',#11590,1.);
#11590 = DIRECTION('',(-0.6593458151,0.751839807479,0.));
#11591 = PCURVE('',#2419,#11592);
#11592 = DEFINITIONAL_REPRESENTATION('',(#11593),#11597);
#11593 = LINE('',#11594,#11595);
#11594 = CARTESIAN_POINT('',(0.,0.));
#11595 = VECTOR('',#11596,1.);
#11596 = DIRECTION('',(1.,0.));
#11597 = ( GEOMETRIC_REPRESENTATION_CONTEXT(2) 
PARAMETRIC_REPRESENTATION_CONTEXT() REPRESENTATION_CONTEXT('2D SPACE',''
  ) );
#11598 = PCURVE('',#9928,#11599);
#11599 = DEFINITIONAL_REPRESENTATION('',(#11600),#11604);
#11600 = LINE('',#11601,#11602);
#11601 = CARTESIAN_POINT('',(1.131370849898,-1.131370849898));
#11602 = VECTOR('',#11603,1.);
#11603 = DIRECTION('',(0.6593458151,0.751839807479));
#11604 = ( GEOMETRIC_REPRESENTATION_CONTEXT(2) 
PARAMETRIC_REPRESENTATION_CONTEXT() REPRESENTATION_CONTEXT('2D SPACE',''
  ) );
#11605 = ADVANCED_FACE('',(#11606),#2783,.T.);
#11606 = FACE_BOUND('',#11607,.T.);
#11607 = EDGE_LOOP('',(#11608,#11631,#11632,#11633));
#11608 = ORIENTED_EDGE('',*,*,#11609,.T.);
#11609 = EDGE_CURVE('',#11610,#2740,#11612,.T.);
#11610 = VERTEX_POINT('',#11611);
#11611 = CARTESIAN_POINT('',(-28.52401828641,-3.063465553402E-02,0.));
#11612 = SURFACE_CURVE('',#11613,(#11617,#11624),.PCURVE_S1.);
#11613 = LINE('',#11614,#11615);
#11614 = CARTESIAN_POINT('',(-28.52401828641,-3.063465553402E-02,0.));
#11615 = VECTOR('',#11616,1.);
#11616 = DIRECTION('',(-0.,-0.,1.));
#11617 = PCURVE('',#2783,#11618);
#11618 = DEFINITIONAL_REPRESENTATION('',(#11619),#11623);
#11619 = LINE('',#11620,#11621);
#11620 = CARTESIAN_POINT('',(0.,0.));
#11621 = VECTOR('',#11622,1.);
#11622 = DIRECTION('',(0.,-1.));
#11623 = ( GEOMETRIC_REPRESENTATION_CONTEXT(2) 
PARAMETRIC_REPRESENTATION_CONTEXT() REPRESENTATION_CONTEXT('2D SPACE',''
  ) );
#11624 = PCURVE('',#2755,#11625);
#11625 = DEFINITIONAL_REPRESENTATION('',(#11626),#11630);
#11626 = LINE('',#11627,#11628);
#11627 = CARTESIAN_POINT('',(0.209290013536,0.));
#11628 = VECTOR('',#11629,1.);
#11629 = DIRECTION('',(0.,-1.));
#11630 = ( GEOMETRIC_REPRESENTATION_CONTEXT(2) 
PARAMETRIC_REPRESENTATION_CONTEXT() REPRESENTATION_CONTEXT('2D SPACE',''
  ) );
#11631 = ORIENTED_EDGE('',*,*,#2767,.T.);
#11632 = ORIENTED_EDGE('',*,*,#11511,.F.);
#11633 = ORIENTED_EDGE('',*,*,#11634,.F.);
#11634 = EDGE_CURVE('',#11610,#11512,#11635,.T.);
#11635 = SURFACE_CURVE('',#11636,(#11640,#11647),.PCURVE_S1.);
#11636 = LINE('',#11637,#11638);
#11637 = CARTESIAN_POINT('',(-28.52401828641,-3.063465553402E-02,0.));
#11638 = VECTOR('',#11639,1.);
#11639 = DIRECTION('',(0.831469612303,0.55557023302,0.));
#11640 = PCURVE('',#2783,#11641);
#11641 = DEFINITIONAL_REPRESENTATION('',(#11642),#11646);
#11642 = LINE('',#11643,#11644);
#11643 = CARTESIAN_POINT('',(0.,0.));
#11644 = VECTOR('',#11645,1.);
#11645 = DIRECTION('',(1.,0.));
#11646 = ( GEOMETRIC_REPRESENTATION_CONTEXT(2) 
PARAMETRIC_REPRESENTATION_CONTEXT() REPRESENTATION_CONTEXT('2D SPACE',''
  ) );
#11647 = PCURVE('',#9928,#11648);
#11648 = DEFINITIONAL_REPRESENTATION('',(#11649),#11653);
#11649 = LINE('',#11650,#11651);
#11650 = CARTESIAN_POINT('',(0.974018286414,1.269365344466));
#11651 = VECTOR('',#11652,1.);
#11652 = DIRECTION('',(-0.831469612303,0.55557023302));
#11653 = ( GEOMETRIC_REPRESENTATION_CONTEXT(2) 
PARAMETRIC_REPRESENTATION_CONTEXT() REPRESENTATION_CONTEXT('2D SPACE',''
  ) );
#11654 = ADVANCED_FACE('',(#11655),#2447,.T.);
#11655 = FACE_BOUND('',#11656,.T.);
#11656 = EDGE_LOOP('',(#11657,#11658,#11659,#11682));
#11657 = ORIENTED_EDGE('',*,*,#11562,.T.);
#11658 = ORIENTED_EDGE('',*,*,#2431,.T.);
#11659 = ORIENTED_EDGE('',*,*,#11660,.F.);
#11660 = EDGE_CURVE('',#11661,#2432,#11663,.T.);
#11661 = VERTEX_POINT('',#11662);
#11662 = CARTESIAN_POINT('',(-28.93564064605,-2.1,0.));
#11663 = SURFACE_CURVE('',#11664,(#11668,#11675),.PCURVE_S1.);
#11664 = LINE('',#11665,#11666);
#11665 = CARTESIAN_POINT('',(-28.93564064605,-2.1,0.));
#11666 = VECTOR('',#11667,1.);
#11667 = DIRECTION('',(-0.,-0.,1.));
#11668 = PCURVE('',#2447,#11669);
#11669 = DEFINITIONAL_REPRESENTATION('',(#11670),#11674);
#11670 = LINE('',#11671,#11672);
#11671 = CARTESIAN_POINT('',(0.209290013536,0.));
#11672 = VECTOR('',#11673,1.);
#11673 = DIRECTION('',(0.,-1.));
#11674 = ( GEOMETRIC_REPRESENTATION_CONTEXT(2) 
PARAMETRIC_REPRESENTATION_CONTEXT() REPRESENTATION_CONTEXT('2D SPACE',''
  ) );
#11675 = PCURVE('',#2475,#11676);
#11676 = DEFINITIONAL_REPRESENTATION('',(#11677),#11681);
#11677 = LINE('',#11678,#11679);
#11678 = CARTESIAN_POINT('',(0.,0.));
#11679 = VECTOR('',#11680,1.);
#11680 = DIRECTION('',(0.,-1.));
#11681 = ( GEOMETRIC_REPRESENTATION_CONTEXT(2) 
PARAMETRIC_REPRESENTATION_CONTEXT() REPRESENTATION_CONTEXT('2D SPACE',''
  ) );
#11682 = ORIENTED_EDGE('',*,*,#11683,.F.);
#11683 = EDGE_CURVE('',#11563,#11661,#11684,.T.);
#11684 = SURFACE_CURVE('',#11685,(#11689,#11696),.PCURVE_S1.);
#11685 = LINE('',#11686,#11687);
#11686 = CARTESIAN_POINT('',(-28.81936534446,-2.274018286414,0.));
#11687 = VECTOR('',#11688,1.);
#11688 = DIRECTION('',(-0.55557023302,0.831469612303,0.));
#11689 = PCURVE('',#2447,#11690);
#11690 = DEFINITIONAL_REPRESENTATION('',(#11691),#11695);
#11691 = LINE('',#11692,#11693);
#11692 = CARTESIAN_POINT('',(0.,0.));
#11693 = VECTOR('',#11694,1.);
#11694 = DIRECTION('',(1.,0.));
#11695 = ( GEOMETRIC_REPRESENTATION_CONTEXT(2) 
PARAMETRIC_REPRESENTATION_CONTEXT() REPRESENTATION_CONTEXT('2D SPACE',''
  ) );
#11696 = PCURVE('',#9928,#11697);
#11697 = DEFINITIONAL_REPRESENTATION('',(#11698),#11702);
#11698 = LINE('',#11699,#11700);
#11699 = CARTESIAN_POINT('',(1.269365344466,-0.974018286414));
#11700 = VECTOR('',#11701,1.);
#11701 = DIRECTION('',(0.55557023302,0.831469612303));
#11702 = ( GEOMETRIC_REPRESENTATION_CONTEXT(2) 
PARAMETRIC_REPRESENTATION_CONTEXT() REPRESENTATION_CONTEXT('2D SPACE',''
  ) );
#11703 = ADVANCED_FACE('',(#11704),#2755,.T.);
#11704 = FACE_BOUND('',#11705,.T.);
#11705 = EDGE_LOOP('',(#11706,#11729,#11730,#11731));
#11706 = ORIENTED_EDGE('',*,*,#11707,.T.);
#11707 = EDGE_CURVE('',#11708,#2712,#11710,.T.);
#11708 = VERTEX_POINT('',#11709);
#11709 = CARTESIAN_POINT('',(-28.68137084989,-0.168629150102,0.));
#11710 = SURFACE_CURVE('',#11711,(#11715,#11722),.PCURVE_S1.);
#11711 = LINE('',#11712,#11713);
#11712 = CARTESIAN_POINT('',(-28.68137084989,-0.168629150102,0.));
#11713 = VECTOR('',#11714,1.);
#11714 = DIRECTION('',(-0.,-0.,1.));
#11715 = PCURVE('',#2755,#11716);
#11716 = DEFINITIONAL_REPRESENTATION('',(#11717),#11721);
#11717 = LINE('',#11718,#11719);
#11718 = CARTESIAN_POINT('',(0.,0.));
#11719 = VECTOR('',#11720,1.);
#11720 = DIRECTION('',(0.,-1.));
#11721 = ( GEOMETRIC_REPRESENTATION_CONTEXT(2) 
PARAMETRIC_REPRESENTATION_CONTEXT() REPRESENTATION_CONTEXT('2D SPACE',''
  ) );
#11722 = PCURVE('',#2727,#11723);
#11723 = DEFINITIONAL_REPRESENTATION('',(#11724),#11728);
#11724 = LINE('',#11725,#11726);
#11725 = CARTESIAN_POINT('',(0.209290013536,0.));
#11726 = VECTOR('',#11727,1.);
#11727 = DIRECTION('',(0.,-1.));
#11728 = ( GEOMETRIC_REPRESENTATION_CONTEXT(2) 
PARAMETRIC_REPRESENTATION_CONTEXT() REPRESENTATION_CONTEXT('2D SPACE',''
  ) );
#11729 = ORIENTED_EDGE('',*,*,#2739,.T.);
#11730 = ORIENTED_EDGE('',*,*,#11609,.F.);
#11731 = ORIENTED_EDGE('',*,*,#11732,.F.);
#11732 = EDGE_CURVE('',#11708,#11610,#11733,.T.);
#11733 = SURFACE_CURVE('',#11734,(#11738,#11745),.PCURVE_S1.);
#11734 = LINE('',#11735,#11736);
#11735 = CARTESIAN_POINT('',(-28.68137084989,-0.168629150102,0.));
#11736 = VECTOR('',#11737,1.);
#11737 = DIRECTION('',(0.751839807479,0.6593458151,0.));
#11738 = PCURVE('',#2755,#11739);
#11739 = DEFINITIONAL_REPRESENTATION('',(#11740),#11744);
#11740 = LINE('',#11741,#11742);
#11741 = CARTESIAN_POINT('',(0.,0.));
#11742 = VECTOR('',#11743,1.);
#11743 = DIRECTION('',(1.,0.));
#11744 = ( GEOMETRIC_REPRESENTATION_CONTEXT(2) 
PARAMETRIC_REPRESENTATION_CONTEXT() REPRESENTATION_CONTEXT('2D SPACE',''
  ) );
#11745 = PCURVE('',#9928,#11746);
#11746 = DEFINITIONAL_REPRESENTATION('',(#11747),#11751);
#11747 = LINE('',#11748,#11749);
#11748 = CARTESIAN_POINT('',(1.131370849898,1.131370849898));
#11749 = VECTOR('',#11750,1.);
#11750 = DIRECTION('',(-0.751839807479,0.6593458151));
#11751 = ( GEOMETRIC_REPRESENTATION_CONTEXT(2) 
PARAMETRIC_REPRESENTATION_CONTEXT() REPRESENTATION_CONTEXT('2D SPACE',''
  ) );
#11752 = ADVANCED_FACE('',(#11753),#2475,.T.);
#11753 = FACE_BOUND('',#11754,.T.);
#11754 = EDGE_LOOP('',(#11755,#11756,#11757,#11780));
#11755 = ORIENTED_EDGE('',*,*,#11660,.T.);
#11756 = ORIENTED_EDGE('',*,*,#2459,.T.);
#11757 = ORIENTED_EDGE('',*,*,#11758,.F.);
#11758 = EDGE_CURVE('',#11759,#2460,#11761,.T.);
#11759 = VERTEX_POINT('',#11760);
#11760 = CARTESIAN_POINT('',(-29.02820725201,-1.912293491784,0.));
#11761 = SURFACE_CURVE('',#11762,(#11766,#11773),.PCURVE_S1.);
#11762 = LINE('',#11763,#11764);
#11763 = CARTESIAN_POINT('',(-29.02820725201,-1.912293491784,0.));
#11764 = VECTOR('',#11765,1.);
#11765 = DIRECTION('',(-0.,-0.,1.));
#11766 = PCURVE('',#2475,#11767);
#11767 = DEFINITIONAL_REPRESENTATION('',(#11768),#11772);
#11768 = LINE('',#11769,#11770);
#11769 = CARTESIAN_POINT('',(0.209290013536,0.));
#11770 = VECTOR('',#11771,1.);
#11771 = DIRECTION('',(0.,-1.));
#11772 = ( GEOMETRIC_REPRESENTATION_CONTEXT(2) 
PARAMETRIC_REPRESENTATION_CONTEXT() REPRESENTATION_CONTEXT('2D SPACE',''
  ) );
#11773 = PCURVE('',#2503,#11774);
#11774 = DEFINITIONAL_REPRESENTATION('',(#11775),#11779);
#11775 = LINE('',#11776,#11777);
#11776 = CARTESIAN_POINT('',(0.,0.));
#11777 = VECTOR('',#11778,1.);
#11778 = DIRECTION('',(0.,-1.));
#11779 = ( GEOMETRIC_REPRESENTATION_CONTEXT(2) 
PARAMETRIC_REPRESENTATION_CONTEXT() REPRESENTATION_CONTEXT('2D SPACE',''
  ) );
#11780 = ORIENTED_EDGE('',*,*,#11781,.F.);
#11781 = EDGE_CURVE('',#11661,#11759,#11782,.T.);
#11782 = SURFACE_CURVE('',#11783,(#11787,#11794),.PCURVE_S1.);
#11783 = LINE('',#11784,#11785);
#11784 = CARTESIAN_POINT('',(-28.93564064605,-2.1,0.));
#11785 = VECTOR('',#11786,1.);
#11786 = DIRECTION('',(-0.442288690219,0.896872741533,0.));
#11787 = PCURVE('',#2475,#11788);
#11788 = DEFINITIONAL_REPRESENTATION('',(#11789),#11793);
#11789 = LINE('',#11790,#11791);
#11790 = CARTESIAN_POINT('',(0.,0.));
#11791 = VECTOR('',#11792,1.);
#11792 = DIRECTION('',(1.,0.));
#11793 = ( GEOMETRIC_REPRESENTATION_CONTEXT(2) 
PARAMETRIC_REPRESENTATION_CONTEXT() REPRESENTATION_CONTEXT('2D SPACE',''
  ) );
#11794 = PCURVE('',#9928,#11795);
#11795 = DEFINITIONAL_REPRESENTATION('',(#11796),#11800);
#11796 = LINE('',#11797,#11798);
#11797 = CARTESIAN_POINT('',(1.385640646055,-0.8));
#11798 = VECTOR('',#11799,1.);
#11799 = DIRECTION('',(0.442288690219,0.896872741533));
#11800 = ( GEOMETRIC_REPRESENTATION_CONTEXT(2) 
PARAMETRIC_REPRESENTATION_CONTEXT() REPRESENTATION_CONTEXT('2D SPACE',''
  ) );
#11801 = ADVANCED_FACE('',(#11802),#2727,.T.);
#11802 = FACE_BOUND('',#11803,.T.);
#11803 = EDGE_LOOP('',(#11804,#11827,#11828,#11829));
#11804 = ORIENTED_EDGE('',*,*,#11805,.T.);
#11805 = EDGE_CURVE('',#11806,#2684,#11808,.T.);
#11806 = VERTEX_POINT('',#11807);
#11807 = CARTESIAN_POINT('',(-28.81936534446,-0.325981713586,0.));
#11808 = SURFACE_CURVE('',#11809,(#11813,#11820),.PCURVE_S1.);
#11809 = LINE('',#11810,#11811);
#11810 = CARTESIAN_POINT('',(-28.81936534446,-0.325981713586,0.));
#11811 = VECTOR('',#11812,1.);
#11812 = DIRECTION('',(-0.,-0.,1.));
#11813 = PCURVE('',#2727,#11814);
#11814 = DEFINITIONAL_REPRESENTATION('',(#11815),#11819);
#11815 = LINE('',#11816,#11817);
#11816 = CARTESIAN_POINT('',(0.,0.));
#11817 = VECTOR('',#11818,1.);
#11818 = DIRECTION('',(0.,-1.));
#11819 = ( GEOMETRIC_REPRESENTATION_CONTEXT(2) 
PARAMETRIC_REPRESENTATION_CONTEXT() REPRESENTATION_CONTEXT('2D SPACE',''
  ) );
#11820 = PCURVE('',#2699,#11821);
#11821 = DEFINITIONAL_REPRESENTATION('',(#11822),#11826);
#11822 = LINE('',#11823,#11824);
#11823 = CARTESIAN_POINT('',(0.209290013536,0.));
#11824 = VECTOR('',#11825,1.);
#11825 = DIRECTION('',(0.,-1.));
#11826 = ( GEOMETRIC_REPRESENTATION_CONTEXT(2) 
PARAMETRIC_REPRESENTATION_CONTEXT() REPRESENTATION_CONTEXT('2D SPACE',''
  ) );
#11827 = ORIENTED_EDGE('',*,*,#2711,.T.);
#11828 = ORIENTED_EDGE('',*,*,#11707,.F.);
#11829 = ORIENTED_EDGE('',*,*,#11830,.F.);
#11830 = EDGE_CURVE('',#11806,#11708,#11831,.T.);
#11831 = SURFACE_CURVE('',#11832,(#11836,#11843),.PCURVE_S1.);
#11832 = LINE('',#11833,#11834);
#11833 = CARTESIAN_POINT('',(-28.81936534446,-0.325981713586,0.));
#11834 = VECTOR('',#11835,1.);
#11835 = DIRECTION('',(0.6593458151,0.751839807479,0.));
#11836 = PCURVE('',#2727,#11837);
#11837 = DEFINITIONAL_REPRESENTATION('',(#11838),#11842);
#11838 = LINE('',#11839,#11840);
#11839 = CARTESIAN_POINT('',(0.,0.));
#11840 = VECTOR('',#11841,1.);
#11841 = DIRECTION('',(1.,0.));
#11842 = ( GEOMETRIC_REPRESENTATION_CONTEXT(2) 
PARAMETRIC_REPRESENTATION_CONTEXT() REPRESENTATION_CONTEXT('2D SPACE',''
  ) );
#11843 = PCURVE('',#9928,#11844);
#11844 = DEFINITIONAL_REPRESENTATION('',(#11845),#11849);
#11845 = LINE('',#11846,#11847);
#11846 = CARTESIAN_POINT('',(1.269365344466,0.974018286414));
#11847 = VECTOR('',#11848,1.);
#11848 = DIRECTION('',(-0.6593458151,0.751839807479));
#11849 = ( GEOMETRIC_REPRESENTATION_CONTEXT(2) 
PARAMETRIC_REPRESENTATION_CONTEXT() REPRESENTATION_CONTEXT('2D SPACE',''
  ) );
#11850 = ADVANCED_FACE('',(#11851),#2503,.T.);
#11851 = FACE_BOUND('',#11852,.T.);
#11852 = EDGE_LOOP('',(#11853,#11854,#11855,#11878));
#11853 = ORIENTED_EDGE('',*,*,#11758,.T.);
#11854 = ORIENTED_EDGE('',*,*,#2487,.T.);
#11855 = ORIENTED_EDGE('',*,*,#11856,.F.);
#11856 = EDGE_CURVE('',#11857,#2488,#11859,.T.);
#11857 = VERTEX_POINT('',#11858);
#11858 = CARTESIAN_POINT('',(-29.09548132206,-1.714110472164,0.));
#11859 = SURFACE_CURVE('',#11860,(#11864,#11871),.PCURVE_S1.);
#11860 = LINE('',#11861,#11862);
#11861 = CARTESIAN_POINT('',(-29.09548132206,-1.714110472164,0.));
#11862 = VECTOR('',#11863,1.);
#11863 = DIRECTION('',(-0.,-0.,1.));
#11864 = PCURVE('',#2503,#11865);
#11865 = DEFINITIONAL_REPRESENTATION('',(#11866),#11870);
#11866 = LINE('',#11867,#11868);
#11867 = CARTESIAN_POINT('',(0.209290013536,0.));
#11868 = VECTOR('',#11869,1.);
#11869 = DIRECTION('',(0.,-1.));
#11870 = ( GEOMETRIC_REPRESENTATION_CONTEXT(2) 
PARAMETRIC_REPRESENTATION_CONTEXT() REPRESENTATION_CONTEXT('2D SPACE',''
  ) );
#11871 = PCURVE('',#2531,#11872);
#11872 = DEFINITIONAL_REPRESENTATION('',(#11873),#11877);
#11873 = LINE('',#11874,#11875);
#11874 = CARTESIAN_POINT('',(0.,0.));
#11875 = VECTOR('',#11876,1.);
#11876 = DIRECTION('',(0.,-1.));
#11877 = ( GEOMETRIC_REPRESENTATION_CONTEXT(2) 
PARAMETRIC_REPRESENTATION_CONTEXT() REPRESENTATION_CONTEXT('2D SPACE',''
  ) );
#11878 = ORIENTED_EDGE('',*,*,#11879,.F.);
#11879 = EDGE_CURVE('',#11759,#11857,#11880,.T.);
#11880 = SURFACE_CURVE('',#11881,(#11885,#11892),.PCURVE_S1.);
#11881 = LINE('',#11882,#11883);
#11882 = CARTESIAN_POINT('',(-29.02820725201,-1.912293491784,0.));
#11883 = VECTOR('',#11884,1.);
#11884 = DIRECTION('',(-0.321439465303,0.946930129495,0.));
#11885 = PCURVE('',#2503,#11886);
#11886 = DEFINITIONAL_REPRESENTATION('',(#11887),#11891);
#11887 = LINE('',#11888,#11889);
#11888 = CARTESIAN_POINT('',(0.,0.));
#11889 = VECTOR('',#11890,1.);
#11890 = DIRECTION('',(1.,0.));
#11891 = ( GEOMETRIC_REPRESENTATION_CONTEXT(2) 
PARAMETRIC_REPRESENTATION_CONTEXT() REPRESENTATION_CONTEXT('2D SPACE',''
  ) );
#11892 = PCURVE('',#9928,#11893);
#11893 = DEFINITIONAL_REPRESENTATION('',(#11894),#11898);
#11894 = LINE('',#11895,#11896);
#11895 = CARTESIAN_POINT('',(1.478207252018,-0.612293491784));
#11896 = VECTOR('',#11897,1.);
#11897 = DIRECTION('',(0.321439465303,0.946930129495));
#11898 = ( GEOMETRIC_REPRESENTATION_CONTEXT(2) 
PARAMETRIC_REPRESENTATION_CONTEXT() REPRESENTATION_CONTEXT('2D SPACE',''
  ) );
#11899 = ADVANCED_FACE('',(#11900),#2699,.T.);
#11900 = FACE_BOUND('',#11901,.T.);
#11901 = EDGE_LOOP('',(#11902,#11925,#11926,#11927));
#11902 = ORIENTED_EDGE('',*,*,#11903,.T.);
#11903 = EDGE_CURVE('',#11904,#2656,#11906,.T.);
#11904 = VERTEX_POINT('',#11905);
#11905 = CARTESIAN_POINT('',(-28.93564064605,-0.5,0.));
#11906 = SURFACE_CURVE('',#11907,(#11911,#11918),.PCURVE_S1.);
#11907 = LINE('',#11908,#11909);
#11908 = CARTESIAN_POINT('',(-28.93564064605,-0.5,0.));
#11909 = VECTOR('',#11910,1.);
#11910 = DIRECTION('',(-0.,-0.,1.));
#11911 = PCURVE('',#2699,#11912);
#11912 = DEFINITIONAL_REPRESENTATION('',(#11913),#11917);
#11913 = LINE('',#11914,#11915);
#11914 = CARTESIAN_POINT('',(0.,0.));
#11915 = VECTOR('',#11916,1.);
#11916 = DIRECTION('',(0.,-1.));
#11917 = ( GEOMETRIC_REPRESENTATION_CONTEXT(2) 
PARAMETRIC_REPRESENTATION_CONTEXT() REPRESENTATION_CONTEXT('2D SPACE',''
  ) );
#11918 = PCURVE('',#2671,#11919);
#11919 = DEFINITIONAL_REPRESENTATION('',(#11920),#11924);
#11920 = LINE('',#11921,#11922);
#11921 = CARTESIAN_POINT('',(0.209290013536,0.));
#11922 = VECTOR('',#11923,1.);
#11923 = DIRECTION('',(0.,-1.));
#11924 = ( GEOMETRIC_REPRESENTATION_CONTEXT(2) 
PARAMETRIC_REPRESENTATION_CONTEXT() REPRESENTATION_CONTEXT('2D SPACE',''
  ) );
#11925 = ORIENTED_EDGE('',*,*,#2683,.T.);
#11926 = ORIENTED_EDGE('',*,*,#11805,.F.);
#11927 = ORIENTED_EDGE('',*,*,#11928,.F.);
#11928 = EDGE_CURVE('',#11904,#11806,#11929,.T.);
#11929 = SURFACE_CURVE('',#11930,(#11934,#11941),.PCURVE_S1.);
#11930 = LINE('',#11931,#11932);
#11931 = CARTESIAN_POINT('',(-28.93564064605,-0.5,0.));
#11932 = VECTOR('',#11933,1.);
#11933 = DIRECTION('',(0.55557023302,0.831469612303,0.));
#11934 = PCURVE('',#2699,#11935);
#11935 = DEFINITIONAL_REPRESENTATION('',(#11936),#11940);
#11936 = LINE('',#11937,#11938);
#11937 = CARTESIAN_POINT('',(0.,0.));
#11938 = VECTOR('',#11939,1.);
#11939 = DIRECTION('',(1.,0.));
#11940 = ( GEOMETRIC_REPRESENTATION_CONTEXT(2) 
PARAMETRIC_REPRESENTATION_CONTEXT() REPRESENTATION_CONTEXT('2D SPACE',''
  ) );
#11941 = PCURVE('',#9928,#11942);
#11942 = DEFINITIONAL_REPRESENTATION('',(#11943),#11947);
#11943 = LINE('',#11944,#11945);
#11944 = CARTESIAN_POINT('',(1.385640646055,0.8));
#11945 = VECTOR('',#11946,1.);
#11946 = DIRECTION('',(-0.55557023302,0.831469612303));
#11947 = ( GEOMETRIC_REPRESENTATION_CONTEXT(2) 
PARAMETRIC_REPRESENTATION_CONTEXT() REPRESENTATION_CONTEXT('2D SPACE',''
  ) );
#11948 = ADVANCED_FACE('',(#11949),#2531,.T.);
#11949 = FACE_BOUND('',#11950,.T.);
#11950 = EDGE_LOOP('',(#11951,#11952,#11953,#11976));
#11951 = ORIENTED_EDGE('',*,*,#11856,.T.);
#11952 = ORIENTED_EDGE('',*,*,#2515,.T.);
#11953 = ORIENTED_EDGE('',*,*,#11954,.F.);
#11954 = EDGE_CURVE('',#11955,#2516,#11957,.T.);
#11955 = VERTEX_POINT('',#11956);
#11956 = CARTESIAN_POINT('',(-29.13631177819,-1.508841907552,0.));
#11957 = SURFACE_CURVE('',#11958,(#11962,#11969),.PCURVE_S1.);
#11958 = LINE('',#11959,#11960);
#11959 = CARTESIAN_POINT('',(-29.13631177819,-1.508841907552,0.));
#11960 = VECTOR('',#11961,1.);
#11961 = DIRECTION('',(-0.,-0.,1.));
#11962 = PCURVE('',#2531,#11963);
#11963 = DEFINITIONAL_REPRESENTATION('',(#11964),#11968);
#11964 = LINE('',#11965,#11966);
#11965 = CARTESIAN_POINT('',(0.209290013536,0.));
#11966 = VECTOR('',#11967,1.);
#11967 = DIRECTION('',(0.,-1.));
#11968 = ( GEOMETRIC_REPRESENTATION_CONTEXT(2) 
PARAMETRIC_REPRESENTATION_CONTEXT() REPRESENTATION_CONTEXT('2D SPACE',''
  ) );
#11969 = PCURVE('',#2559,#11970);
#11970 = DEFINITIONAL_REPRESENTATION('',(#11971),#11975);
#11971 = LINE('',#11972,#11973);
#11972 = CARTESIAN_POINT('',(0.,0.));
#11973 = VECTOR('',#11974,1.);
#11974 = DIRECTION('',(0.,-1.));
#11975 = ( GEOMETRIC_REPRESENTATION_CONTEXT(2) 
PARAMETRIC_REPRESENTATION_CONTEXT() REPRESENTATION_CONTEXT('2D SPACE',''
  ) );
#11976 = ORIENTED_EDGE('',*,*,#11977,.F.);
#11977 = EDGE_CURVE('',#11857,#11955,#11978,.T.);
#11978 = SURFACE_CURVE('',#11979,(#11983,#11990),.PCURVE_S1.);
#11979 = LINE('',#11980,#11981);
#11980 = CARTESIAN_POINT('',(-29.09548132206,-1.714110472164,0.));
#11981 = VECTOR('',#11982,1.);
#11982 = DIRECTION('',(-0.195090322016,0.980785280403,0.));
#11983 = PCURVE('',#2531,#11984);
#11984 = DEFINITIONAL_REPRESENTATION('',(#11985),#11989);
#11985 = LINE('',#11986,#11987);
#11986 = CARTESIAN_POINT('',(0.,0.));
#11987 = VECTOR('',#11988,1.);
#11988 = DIRECTION('',(1.,0.));
#11989 = ( GEOMETRIC_REPRESENTATION_CONTEXT(2) 
PARAMETRIC_REPRESENTATION_CONTEXT() REPRESENTATION_CONTEXT('2D SPACE',''
  ) );
#11990 = PCURVE('',#9928,#11991);
#11991 = DEFINITIONAL_REPRESENTATION('',(#11992),#11996);
#11992 = LINE('',#11993,#11994);
#11993 = CARTESIAN_POINT('',(1.545481322063,-0.414110472164));
#11994 = VECTOR('',#11995,1.);
#11995 = DIRECTION('',(0.195090322016,0.980785280403));
#11996 = ( GEOMETRIC_REPRESENTATION_CONTEXT(2) 
PARAMETRIC_REPRESENTATION_CONTEXT() REPRESENTATION_CONTEXT('2D SPACE',''
  ) );
#11997 = ADVANCED_FACE('',(#11998),#2671,.T.);
#11998 = FACE_BOUND('',#11999,.T.);
#11999 = EDGE_LOOP('',(#12000,#12023,#12024,#12025));
#12000 = ORIENTED_EDGE('',*,*,#12001,.T.);
#12001 = EDGE_CURVE('',#12002,#2628,#12004,.T.);
#12002 = VERTEX_POINT('',#12003);
#12003 = CARTESIAN_POINT('',(-29.02820725201,-0.687706508216,0.));
#12004 = SURFACE_CURVE('',#12005,(#12009,#12016),.PCURVE_S1.);
#12005 = LINE('',#12006,#12007);
#12006 = CARTESIAN_POINT('',(-29.02820725201,-0.687706508216,0.));
#12007 = VECTOR('',#12008,1.);
#12008 = DIRECTION('',(-0.,-0.,1.));
#12009 = PCURVE('',#2671,#12010);
#12010 = DEFINITIONAL_REPRESENTATION('',(#12011),#12015);
#12011 = LINE('',#12012,#12013);
#12012 = CARTESIAN_POINT('',(0.,0.));
#12013 = VECTOR('',#12014,1.);
#12014 = DIRECTION('',(0.,-1.));
#12015 = ( GEOMETRIC_REPRESENTATION_CONTEXT(2) 
PARAMETRIC_REPRESENTATION_CONTEXT() REPRESENTATION_CONTEXT('2D SPACE',''
  ) );
#12016 = PCURVE('',#2643,#12017);
#12017 = DEFINITIONAL_REPRESENTATION('',(#12018),#12022);
#12018 = LINE('',#12019,#12020);
#12019 = CARTESIAN_POINT('',(0.209290013536,0.));
#12020 = VECTOR('',#12021,1.);
#12021 = DIRECTION('',(0.,-1.));
#12022 = ( GEOMETRIC_REPRESENTATION_CONTEXT(2) 
PARAMETRIC_REPRESENTATION_CONTEXT() REPRESENTATION_CONTEXT('2D SPACE',''
  ) );
#12023 = ORIENTED_EDGE('',*,*,#2655,.T.);
#12024 = ORIENTED_EDGE('',*,*,#11903,.F.);
#12025 = ORIENTED_EDGE('',*,*,#12026,.F.);
#12026 = EDGE_CURVE('',#12002,#11904,#12027,.T.);
#12027 = SURFACE_CURVE('',#12028,(#12032,#12039),.PCURVE_S1.);
#12028 = LINE('',#12029,#12030);
#12029 = CARTESIAN_POINT('',(-29.02820725201,-0.687706508216,0.));
#12030 = VECTOR('',#12031,1.);
#12031 = DIRECTION('',(0.442288690219,0.896872741533,0.));
#12032 = PCURVE('',#2671,#12033);
#12033 = DEFINITIONAL_REPRESENTATION('',(#12034),#12038);
#12034 = LINE('',#12035,#12036);
#12035 = CARTESIAN_POINT('',(0.,0.));
#12036 = VECTOR('',#12037,1.);
#12037 = DIRECTION('',(1.,0.));
#12038 = ( GEOMETRIC_REPRESENTATION_CONTEXT(2) 
PARAMETRIC_REPRESENTATION_CONTEXT() REPRESENTATION_CONTEXT('2D SPACE',''
  ) );
#12039 = PCURVE('',#9928,#12040);
#12040 = DEFINITIONAL_REPRESENTATION('',(#12041),#12045);
#12041 = LINE('',#12042,#12043);
#12042 = CARTESIAN_POINT('',(1.478207252018,0.612293491784));
#12043 = VECTOR('',#12044,1.);
#12044 = DIRECTION('',(-0.442288690219,0.896872741533));
#12045 = ( GEOMETRIC_REPRESENTATION_CONTEXT(2) 
PARAMETRIC_REPRESENTATION_CONTEXT() REPRESENTATION_CONTEXT('2D SPACE',''
  ) );
#12046 = ADVANCED_FACE('',(#12047),#2559,.T.);
#12047 = FACE_BOUND('',#12048,.T.);
#12048 = EDGE_LOOP('',(#12049,#12050,#12051,#12074));
#12049 = ORIENTED_EDGE('',*,*,#11954,.T.);
#12050 = ORIENTED_EDGE('',*,*,#2543,.T.);
#12051 = ORIENTED_EDGE('',*,*,#12052,.F.);
#12052 = EDGE_CURVE('',#12053,#2544,#12055,.T.);
#12053 = VERTEX_POINT('',#12054);
#12054 = CARTESIAN_POINT('',(-29.15,-1.3,0.));
#12055 = SURFACE_CURVE('',#12056,(#12060,#12067),.PCURVE_S1.);
#12056 = LINE('',#12057,#12058);
#12057 = CARTESIAN_POINT('',(-29.15,-1.3,0.));
#12058 = VECTOR('',#12059,1.);
#12059 = DIRECTION('',(-0.,-0.,1.));
#12060 = PCURVE('',#2559,#12061);
#12061 = DEFINITIONAL_REPRESENTATION('',(#12062),#12066);
#12062 = LINE('',#12063,#12064);
#12063 = CARTESIAN_POINT('',(0.209290013536,0.));
#12064 = VECTOR('',#12065,1.);
#12065 = DIRECTION('',(0.,-1.));
#12066 = ( GEOMETRIC_REPRESENTATION_CONTEXT(2) 
PARAMETRIC_REPRESENTATION_CONTEXT() REPRESENTATION_CONTEXT('2D SPACE',''
  ) );
#12067 = PCURVE('',#2587,#12068);
#12068 = DEFINITIONAL_REPRESENTATION('',(#12069),#12073);
#12069 = LINE('',#12070,#12071);
#12070 = CARTESIAN_POINT('',(0.,0.));
#12071 = VECTOR('',#12072,1.);
#12072 = DIRECTION('',(0.,-1.));
#12073 = ( GEOMETRIC_REPRESENTATION_CONTEXT(2) 
PARAMETRIC_REPRESENTATION_CONTEXT() REPRESENTATION_CONTEXT('2D SPACE',''
  ) );
#12074 = ORIENTED_EDGE('',*,*,#12075,.F.);
#12075 = EDGE_CURVE('',#11955,#12053,#12076,.T.);
#12076 = SURFACE_CURVE('',#12077,(#12081,#12088),.PCURVE_S1.);
#12077 = LINE('',#12078,#12079);
#12078 = CARTESIAN_POINT('',(-29.13631177819,-1.508841907552,0.));
#12079 = VECTOR('',#12080,1.);
#12080 = DIRECTION('',(-6.540312923014E-02,0.997858923239,0.));
#12081 = PCURVE('',#2559,#12082);
#12082 = DEFINITIONAL_REPRESENTATION('',(#12083),#12087);
#12083 = LINE('',#12084,#12085);
#12084 = CARTESIAN_POINT('',(0.,0.));
#12085 = VECTOR('',#12086,1.);
#12086 = DIRECTION('',(1.,0.));
#12087 = ( GEOMETRIC_REPRESENTATION_CONTEXT(2) 
PARAMETRIC_REPRESENTATION_CONTEXT() REPRESENTATION_CONTEXT('2D SPACE',''
  ) );
#12088 = PCURVE('',#9928,#12089);
#12089 = DEFINITIONAL_REPRESENTATION('',(#12090),#12094);
#12090 = LINE('',#12091,#12092);
#12091 = CARTESIAN_POINT('',(1.586311778198,-0.208841907552));
#12092 = VECTOR('',#12093,1.);
#12093 = DIRECTION('',(6.540312923014E-02,0.997858923239));
#12094 = ( GEOMETRIC_REPRESENTATION_CONTEXT(2) 
PARAMETRIC_REPRESENTATION_CONTEXT() REPRESENTATION_CONTEXT('2D SPACE',''
  ) );
#12095 = ADVANCED_FACE('',(#12096),#2643,.T.);
#12096 = FACE_BOUND('',#12097,.T.);
#12097 = EDGE_LOOP('',(#12098,#12121,#12122,#12123));
#12098 = ORIENTED_EDGE('',*,*,#12099,.T.);
#12099 = EDGE_CURVE('',#12100,#2600,#12102,.T.);
#12100 = VERTEX_POINT('',#12101);
#12101 = CARTESIAN_POINT('',(-29.09548132206,-0.885889527836,0.));
#12102 = SURFACE_CURVE('',#12103,(#12107,#12114),.PCURVE_S1.);
#12103 = LINE('',#12104,#12105);
#12104 = CARTESIAN_POINT('',(-29.09548132206,-0.885889527836,0.));
#12105 = VECTOR('',#12106,1.);
#12106 = DIRECTION('',(-0.,-0.,1.));
#12107 = PCURVE('',#2643,#12108);
#12108 = DEFINITIONAL_REPRESENTATION('',(#12109),#12113);
#12109 = LINE('',#12110,#12111);
#12110 = CARTESIAN_POINT('',(0.,0.));
#12111 = VECTOR('',#12112,1.);
#12112 = DIRECTION('',(0.,-1.));
#12113 = ( GEOMETRIC_REPRESENTATION_CONTEXT(2) 
PARAMETRIC_REPRESENTATION_CONTEXT() REPRESENTATION_CONTEXT('2D SPACE',''
  ) );
#12114 = PCURVE('',#2615,#12115);
#12115 = DEFINITIONAL_REPRESENTATION('',(#12116),#12120);
#12116 = LINE('',#12117,#12118);
#12117 = CARTESIAN_POINT('',(0.209290013536,0.));
#12118 = VECTOR('',#12119,1.);
#12119 = DIRECTION('',(0.,-1.));
#12120 = ( GEOMETRIC_REPRESENTATION_CONTEXT(2) 
PARAMETRIC_REPRESENTATION_CONTEXT() REPRESENTATION_CONTEXT('2D SPACE',''
  ) );
#12121 = ORIENTED_EDGE('',*,*,#2627,.T.);
#12122 = ORIENTED_EDGE('',*,*,#12001,.F.);
#12123 = ORIENTED_EDGE('',*,*,#12124,.F.);
#12124 = EDGE_CURVE('',#12100,#12002,#12125,.T.);
#12125 = SURFACE_CURVE('',#12126,(#12130,#12137),.PCURVE_S1.);
#12126 = LINE('',#12127,#12128);
#12127 = CARTESIAN_POINT('',(-29.09548132206,-0.885889527836,0.));
#12128 = VECTOR('',#12129,1.);
#12129 = DIRECTION('',(0.321439465303,0.946930129495,0.));
#12130 = PCURVE('',#2643,#12131);
#12131 = DEFINITIONAL_REPRESENTATION('',(#12132),#12136);
#12132 = LINE('',#12133,#12134);
#12133 = CARTESIAN_POINT('',(0.,0.));
#12134 = VECTOR('',#12135,1.);
#12135 = DIRECTION('',(1.,0.));
#12136 = ( GEOMETRIC_REPRESENTATION_CONTEXT(2) 
PARAMETRIC_REPRESENTATION_CONTEXT() REPRESENTATION_CONTEXT('2D SPACE',''
  ) );
#12137 = PCURVE('',#9928,#12138);
#12138 = DEFINITIONAL_REPRESENTATION('',(#12139),#12143);
#12139 = LINE('',#12140,#12141);
#12140 = CARTESIAN_POINT('',(1.545481322063,0.414110472164));
#12141 = VECTOR('',#12142,1.);
#12142 = DIRECTION('',(-0.321439465303,0.946930129495));
#12143 = ( GEOMETRIC_REPRESENTATION_CONTEXT(2) 
PARAMETRIC_REPRESENTATION_CONTEXT() REPRESENTATION_CONTEXT('2D SPACE',''
  ) );
#12144 = ADVANCED_FACE('',(#12145),#2587,.T.);
#12145 = FACE_BOUND('',#12146,.T.);
#12146 = EDGE_LOOP('',(#12147,#12148,#12149,#12172));
#12147 = ORIENTED_EDGE('',*,*,#12052,.T.);
#12148 = ORIENTED_EDGE('',*,*,#2571,.T.);
#12149 = ORIENTED_EDGE('',*,*,#12150,.F.);
#12150 = EDGE_CURVE('',#12151,#2572,#12153,.T.);
#12151 = VERTEX_POINT('',#12152);
#12152 = CARTESIAN_POINT('',(-29.13631177819,-1.091158092448,0.));
#12153 = SURFACE_CURVE('',#12154,(#12158,#12165),.PCURVE_S1.);
#12154 = LINE('',#12155,#12156);
#12155 = CARTESIAN_POINT('',(-29.13631177819,-1.091158092448,0.));
#12156 = VECTOR('',#12157,1.);
#12157 = DIRECTION('',(-0.,-0.,1.));
#12158 = PCURVE('',#2587,#12159);
#12159 = DEFINITIONAL_REPRESENTATION('',(#12160),#12164);
#12160 = LINE('',#12161,#12162);
#12161 = CARTESIAN_POINT('',(0.209290013536,0.));
#12162 = VECTOR('',#12163,1.);
#12163 = DIRECTION('',(0.,-1.));
#12164 = ( GEOMETRIC_REPRESENTATION_CONTEXT(2) 
PARAMETRIC_REPRESENTATION_CONTEXT() REPRESENTATION_CONTEXT('2D SPACE',''
  ) );
#12165 = PCURVE('',#2615,#12166);
#12166 = DEFINITIONAL_REPRESENTATION('',(#12167),#12171);
#12167 = LINE('',#12168,#12169);
#12168 = CARTESIAN_POINT('',(0.,0.));
#12169 = VECTOR('',#12170,1.);
#12170 = DIRECTION('',(0.,-1.));
#12171 = ( GEOMETRIC_REPRESENTATION_CONTEXT(2) 
PARAMETRIC_REPRESENTATION_CONTEXT() REPRESENTATION_CONTEXT('2D SPACE',''
  ) );
#12172 = ORIENTED_EDGE('',*,*,#12173,.F.);
#12173 = EDGE_CURVE('',#12053,#12151,#12174,.T.);
#12174 = SURFACE_CURVE('',#12175,(#12179,#12186),.PCURVE_S1.);
#12175 = LINE('',#12176,#12177);
#12176 = CARTESIAN_POINT('',(-29.15,-1.3,0.));
#12177 = VECTOR('',#12178,1.);
#12178 = DIRECTION('',(6.540312923014E-02,0.997858923239,0.));
#12179 = PCURVE('',#2587,#12180);
#12180 = DEFINITIONAL_REPRESENTATION('',(#12181),#12185);
#12181 = LINE('',#12182,#12183);
#12182 = CARTESIAN_POINT('',(0.,0.));
#12183 = VECTOR('',#12184,1.);
#12184 = DIRECTION('',(1.,0.));
#12185 = ( GEOMETRIC_REPRESENTATION_CONTEXT(2) 
PARAMETRIC_REPRESENTATION_CONTEXT() REPRESENTATION_CONTEXT('2D SPACE',''
  ) );
#12186 = PCURVE('',#9928,#12187);
#12187 = DEFINITIONAL_REPRESENTATION('',(#12188),#12192);
#12188 = LINE('',#12189,#12190);
#12189 = CARTESIAN_POINT('',(1.6,2.22044604925E-16));
#12190 = VECTOR('',#12191,1.);
#12191 = DIRECTION('',(-6.540312923014E-02,0.997858923239));
#12192 = ( GEOMETRIC_REPRESENTATION_CONTEXT(2) 
PARAMETRIC_REPRESENTATION_CONTEXT() REPRESENTATION_CONTEXT('2D SPACE',''
  ) );
#12193 = ADVANCED_FACE('',(#12194),#2615,.T.);
#12194 = FACE_BOUND('',#12195,.T.);
#12195 = EDGE_LOOP('',(#12196,#12197,#12198,#12199));
#12196 = ORIENTED_EDGE('',*,*,#12150,.T.);
#12197 = ORIENTED_EDGE('',*,*,#2599,.T.);
#12198 = ORIENTED_EDGE('',*,*,#12099,.F.);
#12199 = ORIENTED_EDGE('',*,*,#12200,.F.);
#12200 = EDGE_CURVE('',#12151,#12100,#12201,.T.);
#12201 = SURFACE_CURVE('',#12202,(#12206,#12213),.PCURVE_S1.);
#12202 = LINE('',#12203,#12204);
#12203 = CARTESIAN_POINT('',(-29.13631177819,-1.091158092448,0.));
#12204 = VECTOR('',#12205,1.);
#12205 = DIRECTION('',(0.195090322016,0.980785280403,0.));
#12206 = PCURVE('',#2615,#12207);
#12207 = DEFINITIONAL_REPRESENTATION('',(#12208),#12212);
#12208 = LINE('',#12209,#12210);
#12209 = CARTESIAN_POINT('',(0.,0.));
#12210 = VECTOR('',#12211,1.);
#12211 = DIRECTION('',(1.,0.));
#12212 = ( GEOMETRIC_REPRESENTATION_CONTEXT(2) 
PARAMETRIC_REPRESENTATION_CONTEXT() REPRESENTATION_CONTEXT('2D SPACE',''
  ) );
#12213 = PCURVE('',#9928,#12214);
#12214 = DEFINITIONAL_REPRESENTATION('',(#12215),#12219);
#12215 = LINE('',#12216,#12217);
#12216 = CARTESIAN_POINT('',(1.586311778198,0.208841907552));
#12217 = VECTOR('',#12218,1.);
#12218 = DIRECTION('',(-0.195090322016,0.980785280403));
#12219 = ( GEOMETRIC_REPRESENTATION_CONTEXT(2) 
PARAMETRIC_REPRESENTATION_CONTEXT() REPRESENTATION_CONTEXT('2D SPACE',''
  ) );
#12220 = ADVANCED_FACE('',(#12221),#3289,.T.);
#12221 = FACE_BOUND('',#12222,.T.);
#12222 = EDGE_LOOP('',(#12223,#12246,#12247,#12270));
#12223 = ORIENTED_EDGE('',*,*,#12224,.T.);
#12224 = EDGE_CURVE('',#12225,#3272,#12227,.T.);
#12225 = VERTEX_POINT('',#12226);
#12226 = CARTESIAN_POINT('',(-12.7136882218,-8.258841907552,0.));
#12227 = SURFACE_CURVE('',#12228,(#12232,#12239),.PCURVE_S1.);
#12228 = LINE('',#12229,#12230);
#12229 = CARTESIAN_POINT('',(-12.7136882218,-8.258841907552,0.));
#12230 = VECTOR('',#12231,1.);
#12231 = DIRECTION('',(-0.,-0.,1.));
#12232 = PCURVE('',#3289,#12233);
#12233 = DEFINITIONAL_REPRESENTATION('',(#12234),#12238);
#12234 = LINE('',#12235,#12236);
#12235 = CARTESIAN_POINT('',(0.,0.));
#12236 = VECTOR('',#12237,1.);
#12237 = DIRECTION('',(0.,-1.));
#12238 = ( GEOMETRIC_REPRESENTATION_CONTEXT(2) 
PARAMETRIC_REPRESENTATION_CONTEXT() REPRESENTATION_CONTEXT('2D SPACE',''
  ) );
#12239 = PCURVE('',#4603,#12240);
#12240 = DEFINITIONAL_REPRESENTATION('',(#12241),#12245);
#12241 = LINE('',#12242,#12243);
#12242 = CARTESIAN_POINT('',(0.209290013536,0.));
#12243 = VECTOR('',#12244,1.);
#12244 = DIRECTION('',(0.,-1.));
#12245 = ( GEOMETRIC_REPRESENTATION_CONTEXT(2) 
PARAMETRIC_REPRESENTATION_CONTEXT() REPRESENTATION_CONTEXT('2D SPACE',''
  ) );
#12246 = ORIENTED_EDGE('',*,*,#3271,.T.);
#12247 = ORIENTED_EDGE('',*,*,#12248,.F.);
#12248 = EDGE_CURVE('',#12249,#3274,#12251,.T.);
#12249 = VERTEX_POINT('',#12250);
#12250 = CARTESIAN_POINT('',(-12.75451867793,-8.464110472164,0.));
#12251 = SURFACE_CURVE('',#12252,(#12256,#12263),.PCURVE_S1.);
#12252 = LINE('',#12253,#12254);
#12253 = CARTESIAN_POINT('',(-12.75451867793,-8.464110472164,0.));
#12254 = VECTOR('',#12255,1.);
#12255 = DIRECTION('',(-0.,-0.,1.));
#12256 = PCURVE('',#3289,#12257);
#12257 = DEFINITIONAL_REPRESENTATION('',(#12258),#12262);
#12258 = LINE('',#12259,#12260);
#12259 = CARTESIAN_POINT('',(0.209290013536,0.));
#12260 = VECTOR('',#12261,1.);
#12261 = DIRECTION('',(0.,-1.));
#12262 = ( GEOMETRIC_REPRESENTATION_CONTEXT(2) 
PARAMETRIC_REPRESENTATION_CONTEXT() REPRESENTATION_CONTEXT('2D SPACE',''
  ) );
#12263 = PCURVE('',#3317,#12264);
#12264 = DEFINITIONAL_REPRESENTATION('',(#12265),#12269);
#12265 = LINE('',#12266,#12267);
#12266 = CARTESIAN_POINT('',(0.,0.));
#12267 = VECTOR('',#12268,1.);
#12268 = DIRECTION('',(0.,-1.));
#12269 = ( GEOMETRIC_REPRESENTATION_CONTEXT(2) 
PARAMETRIC_REPRESENTATION_CONTEXT() REPRESENTATION_CONTEXT('2D SPACE',''
  ) );
#12270 = ORIENTED_EDGE('',*,*,#12271,.F.);
#12271 = EDGE_CURVE('',#12225,#12249,#12272,.T.);
#12272 = SURFACE_CURVE('',#12273,(#12277,#12284),.PCURVE_S1.);
#12273 = LINE('',#12274,#12275);
#12274 = CARTESIAN_POINT('',(-12.7136882218,-8.258841907552,0.));
#12275 = VECTOR('',#12276,1.);
#12276 = DIRECTION('',(-0.195090322016,-0.980785280403,0.));
#12277 = PCURVE('',#3289,#12278);
#12278 = DEFINITIONAL_REPRESENTATION('',(#12279),#12283);
#12279 = LINE('',#12280,#12281);
#12280 = CARTESIAN_POINT('',(0.,0.));
#12281 = VECTOR('',#12282,1.);
#12282 = DIRECTION('',(1.,0.));
#12283 = ( GEOMETRIC_REPRESENTATION_CONTEXT(2) 
PARAMETRIC_REPRESENTATION_CONTEXT() REPRESENTATION_CONTEXT('2D SPACE',''
  ) );
#12284 = PCURVE('',#12285,#12290);
#12285 = PLANE('',#12286);
#12286 = AXIS2_PLACEMENT_3D('',#12287,#12288,#12289);
#12287 = CARTESIAN_POINT('',(-14.3,-8.05,0.));
#12288 = DIRECTION('',(0.,-0.,-1.));
#12289 = DIRECTION('',(-1.,0.,0.));
#12290 = DEFINITIONAL_REPRESENTATION('',(#12291),#12295);
#12291 = LINE('',#12292,#12293);
#12292 = CARTESIAN_POINT('',(-1.586311778198,-0.208841907552));
#12293 = VECTOR('',#12294,1.);
#12294 = DIRECTION('',(0.195090322016,-0.980785280403));
#12295 = ( GEOMETRIC_REPRESENTATION_CONTEXT(2) 
PARAMETRIC_REPRESENTATION_CONTEXT() REPRESENTATION_CONTEXT('2D SPACE',''
  ) );
#12296 = ADVANCED_FACE('',(#12297),#4603,.T.);
#12297 = FACE_BOUND('',#12298,.T.);
#12298 = EDGE_LOOP('',(#12299,#12322,#12323,#12324));
#12299 = ORIENTED_EDGE('',*,*,#12300,.T.);
#12300 = EDGE_CURVE('',#12301,#4562,#12303,.T.);
#12301 = VERTEX_POINT('',#12302);
#12302 = CARTESIAN_POINT('',(-12.7,-8.05,0.));
#12303 = SURFACE_CURVE('',#12304,(#12308,#12315),.PCURVE_S1.);
#12304 = LINE('',#12305,#12306);
#12305 = CARTESIAN_POINT('',(-12.7,-8.05,0.));
#12306 = VECTOR('',#12307,1.);
#12307 = DIRECTION('',(-0.,-0.,1.));
#12308 = PCURVE('',#4603,#12309);
#12309 = DEFINITIONAL_REPRESENTATION('',(#12310),#12314);
#12310 = LINE('',#12311,#12312);
#12311 = CARTESIAN_POINT('',(0.,0.));
#12312 = VECTOR('',#12313,1.);
#12313 = DIRECTION('',(0.,-1.));
#12314 = ( GEOMETRIC_REPRESENTATION_CONTEXT(2) 
PARAMETRIC_REPRESENTATION_CONTEXT() REPRESENTATION_CONTEXT('2D SPACE',''
  ) );
#12315 = PCURVE('',#4577,#12316);
#12316 = DEFINITIONAL_REPRESENTATION('',(#12317),#12321);
#12317 = LINE('',#12318,#12319);
#12318 = CARTESIAN_POINT('',(0.209290013536,0.));
#12319 = VECTOR('',#12320,1.);
#12320 = DIRECTION('',(0.,-1.));
#12321 = ( GEOMETRIC_REPRESENTATION_CONTEXT(2) 
PARAMETRIC_REPRESENTATION_CONTEXT() REPRESENTATION_CONTEXT('2D SPACE',''
  ) );
#12322 = ORIENTED_EDGE('',*,*,#4589,.T.);
#12323 = ORIENTED_EDGE('',*,*,#12224,.F.);
#12324 = ORIENTED_EDGE('',*,*,#12325,.F.);
#12325 = EDGE_CURVE('',#12301,#12225,#12326,.T.);
#12326 = SURFACE_CURVE('',#12327,(#12331,#12338),.PCURVE_S1.);
#12327 = LINE('',#12328,#12329);
#12328 = CARTESIAN_POINT('',(-12.7,-8.05,0.));
#12329 = VECTOR('',#12330,1.);
#12330 = DIRECTION('',(-6.540312923014E-02,-0.997858923239,0.));
#12331 = PCURVE('',#4603,#12332);
#12332 = DEFINITIONAL_REPRESENTATION('',(#12333),#12337);
#12333 = LINE('',#12334,#12335);
#12334 = CARTESIAN_POINT('',(0.,0.));
#12335 = VECTOR('',#12336,1.);
#12336 = DIRECTION('',(1.,0.));
#12337 = ( GEOMETRIC_REPRESENTATION_CONTEXT(2) 
PARAMETRIC_REPRESENTATION_CONTEXT() REPRESENTATION_CONTEXT('2D SPACE',''
  ) );
#12338 = PCURVE('',#12285,#12339);
#12339 = DEFINITIONAL_REPRESENTATION('',(#12340),#12344);
#12340 = LINE('',#12341,#12342);
#12341 = CARTESIAN_POINT('',(-1.6,3.552713678801E-15));
#12342 = VECTOR('',#12343,1.);
#12343 = DIRECTION('',(6.540312923014E-02,-0.997858923239));
#12344 = ( GEOMETRIC_REPRESENTATION_CONTEXT(2) 
PARAMETRIC_REPRESENTATION_CONTEXT() REPRESENTATION_CONTEXT('2D SPACE',''
  ) );
#12345 = ADVANCED_FACE('',(#12346),#3317,.T.);
#12346 = FACE_BOUND('',#12347,.T.);
#12347 = EDGE_LOOP('',(#12348,#12349,#12350,#12373));
#12348 = ORIENTED_EDGE('',*,*,#12248,.T.);
#12349 = ORIENTED_EDGE('',*,*,#3301,.T.);
#12350 = ORIENTED_EDGE('',*,*,#12351,.F.);
#12351 = EDGE_CURVE('',#12352,#3302,#12354,.T.);
#12352 = VERTEX_POINT('',#12353);
#12353 = CARTESIAN_POINT('',(-12.82179274798,-8.662293491784,0.));
#12354 = SURFACE_CURVE('',#12355,(#12359,#12366),.PCURVE_S1.);
#12355 = LINE('',#12356,#12357);
#12356 = CARTESIAN_POINT('',(-12.82179274798,-8.662293491784,0.));
#12357 = VECTOR('',#12358,1.);
#12358 = DIRECTION('',(-0.,-0.,1.));
#12359 = PCURVE('',#3317,#12360);
#12360 = DEFINITIONAL_REPRESENTATION('',(#12361),#12365);
#12361 = LINE('',#12362,#12363);
#12362 = CARTESIAN_POINT('',(0.209290013536,0.));
#12363 = VECTOR('',#12364,1.);
#12364 = DIRECTION('',(0.,-1.));
#12365 = ( GEOMETRIC_REPRESENTATION_CONTEXT(2) 
PARAMETRIC_REPRESENTATION_CONTEXT() REPRESENTATION_CONTEXT('2D SPACE',''
  ) );
#12366 = PCURVE('',#3345,#12367);
#12367 = DEFINITIONAL_REPRESENTATION('',(#12368),#12372);
#12368 = LINE('',#12369,#12370);
#12369 = CARTESIAN_POINT('',(0.,0.));
#12370 = VECTOR('',#12371,1.);
#12371 = DIRECTION('',(0.,-1.));
#12372 = ( GEOMETRIC_REPRESENTATION_CONTEXT(2) 
PARAMETRIC_REPRESENTATION_CONTEXT() REPRESENTATION_CONTEXT('2D SPACE',''
  ) );
#12373 = ORIENTED_EDGE('',*,*,#12374,.F.);
#12374 = EDGE_CURVE('',#12249,#12352,#12375,.T.);
#12375 = SURFACE_CURVE('',#12376,(#12380,#12387),.PCURVE_S1.);
#12376 = LINE('',#12377,#12378);
#12377 = CARTESIAN_POINT('',(-12.75451867793,-8.464110472164,0.));
#12378 = VECTOR('',#12379,1.);
#12379 = DIRECTION('',(-0.321439465303,-0.946930129495,0.));
#12380 = PCURVE('',#3317,#12381);
#12381 = DEFINITIONAL_REPRESENTATION('',(#12382),#12386);
#12382 = LINE('',#12383,#12384);
#12383 = CARTESIAN_POINT('',(0.,0.));
#12384 = VECTOR('',#12385,1.);
#12385 = DIRECTION('',(1.,0.));
#12386 = ( GEOMETRIC_REPRESENTATION_CONTEXT(2) 
PARAMETRIC_REPRESENTATION_CONTEXT() REPRESENTATION_CONTEXT('2D SPACE',''
  ) );
#12387 = PCURVE('',#12285,#12388);
#12388 = DEFINITIONAL_REPRESENTATION('',(#12389),#12393);
#12389 = LINE('',#12390,#12391);
#12390 = CARTESIAN_POINT('',(-1.545481322063,-0.414110472164));
#12391 = VECTOR('',#12392,1.);
#12392 = DIRECTION('',(0.321439465303,-0.946930129495));
#12393 = ( GEOMETRIC_REPRESENTATION_CONTEXT(2) 
PARAMETRIC_REPRESENTATION_CONTEXT() REPRESENTATION_CONTEXT('2D SPACE',''
  ) );
#12394 = ADVANCED_FACE('',(#12395),#4577,.T.);
#12395 = FACE_BOUND('',#12396,.T.);
#12396 = EDGE_LOOP('',(#12397,#12420,#12421,#12422));
#12397 = ORIENTED_EDGE('',*,*,#12398,.T.);
#12398 = EDGE_CURVE('',#12399,#4534,#12401,.T.);
#12399 = VERTEX_POINT('',#12400);
#12400 = CARTESIAN_POINT('',(-12.7136882218,-7.841158092448,0.));
#12401 = SURFACE_CURVE('',#12402,(#12406,#12413),.PCURVE_S1.);
#12402 = LINE('',#12403,#12404);
#12403 = CARTESIAN_POINT('',(-12.7136882218,-7.841158092448,0.));
#12404 = VECTOR('',#12405,1.);
#12405 = DIRECTION('',(-0.,-0.,1.));
#12406 = PCURVE('',#4577,#12407);
#12407 = DEFINITIONAL_REPRESENTATION('',(#12408),#12412);
#12408 = LINE('',#12409,#12410);
#12409 = CARTESIAN_POINT('',(0.,0.));
#12410 = VECTOR('',#12411,1.);
#12411 = DIRECTION('',(0.,-1.));
#12412 = ( GEOMETRIC_REPRESENTATION_CONTEXT(2) 
PARAMETRIC_REPRESENTATION_CONTEXT() REPRESENTATION_CONTEXT('2D SPACE',''
  ) );
#12413 = PCURVE('',#4549,#12414);
#12414 = DEFINITIONAL_REPRESENTATION('',(#12415),#12419);
#12415 = LINE('',#12416,#12417);
#12416 = CARTESIAN_POINT('',(0.209290013536,0.));
#12417 = VECTOR('',#12418,1.);
#12418 = DIRECTION('',(0.,-1.));
#12419 = ( GEOMETRIC_REPRESENTATION_CONTEXT(2) 
PARAMETRIC_REPRESENTATION_CONTEXT() REPRESENTATION_CONTEXT('2D SPACE',''
  ) );
#12420 = ORIENTED_EDGE('',*,*,#4561,.T.);
#12421 = ORIENTED_EDGE('',*,*,#12300,.F.);
#12422 = ORIENTED_EDGE('',*,*,#12423,.F.);
#12423 = EDGE_CURVE('',#12399,#12301,#12424,.T.);
#12424 = SURFACE_CURVE('',#12425,(#12429,#12436),.PCURVE_S1.);
#12425 = LINE('',#12426,#12427);
#12426 = CARTESIAN_POINT('',(-12.7136882218,-7.841158092448,0.));
#12427 = VECTOR('',#12428,1.);
#12428 = DIRECTION('',(6.540312923014E-02,-0.997858923239,0.));
#12429 = PCURVE('',#4577,#12430);
#12430 = DEFINITIONAL_REPRESENTATION('',(#12431),#12435);
#12431 = LINE('',#12432,#12433);
#12432 = CARTESIAN_POINT('',(0.,0.));
#12433 = VECTOR('',#12434,1.);
#12434 = DIRECTION('',(1.,0.));
#12435 = ( GEOMETRIC_REPRESENTATION_CONTEXT(2) 
PARAMETRIC_REPRESENTATION_CONTEXT() REPRESENTATION_CONTEXT('2D SPACE',''
  ) );
#12436 = PCURVE('',#12285,#12437);
#12437 = DEFINITIONAL_REPRESENTATION('',(#12438),#12442);
#12438 = LINE('',#12439,#12440);
#12439 = CARTESIAN_POINT('',(-1.586311778198,0.208841907552));
#12440 = VECTOR('',#12441,1.);
#12441 = DIRECTION('',(-6.540312923014E-02,-0.997858923239));
#12442 = ( GEOMETRIC_REPRESENTATION_CONTEXT(2) 
PARAMETRIC_REPRESENTATION_CONTEXT() REPRESENTATION_CONTEXT('2D SPACE',''
  ) );
#12443 = ADVANCED_FACE('',(#12444),#3345,.T.);
#12444 = FACE_BOUND('',#12445,.T.);
#12445 = EDGE_LOOP('',(#12446,#12447,#12448,#12471));
#12446 = ORIENTED_EDGE('',*,*,#12351,.T.);
#12447 = ORIENTED_EDGE('',*,*,#3329,.T.);
#12448 = ORIENTED_EDGE('',*,*,#12449,.F.);
#12449 = EDGE_CURVE('',#12450,#3330,#12452,.T.);
#12450 = VERTEX_POINT('',#12451);
#12451 = CARTESIAN_POINT('',(-12.91435935394,-8.85,0.));
#12452 = SURFACE_CURVE('',#12453,(#12457,#12464),.PCURVE_S1.);
#12453 = LINE('',#12454,#12455);
#12454 = CARTESIAN_POINT('',(-12.91435935394,-8.85,0.));
#12455 = VECTOR('',#12456,1.);
#12456 = DIRECTION('',(-0.,-0.,1.));
#12457 = PCURVE('',#3345,#12458);
#12458 = DEFINITIONAL_REPRESENTATION('',(#12459),#12463);
#12459 = LINE('',#12460,#12461);
#12460 = CARTESIAN_POINT('',(0.209290013536,0.));
#12461 = VECTOR('',#12462,1.);
#12462 = DIRECTION('',(0.,-1.));
#12463 = ( GEOMETRIC_REPRESENTATION_CONTEXT(2) 
PARAMETRIC_REPRESENTATION_CONTEXT() REPRESENTATION_CONTEXT('2D SPACE',''
  ) );
#12464 = PCURVE('',#3373,#12465);
#12465 = DEFINITIONAL_REPRESENTATION('',(#12466),#12470);
#12466 = LINE('',#12467,#12468);
#12467 = CARTESIAN_POINT('',(0.,0.));
#12468 = VECTOR('',#12469,1.);
#12469 = DIRECTION('',(0.,-1.));
#12470 = ( GEOMETRIC_REPRESENTATION_CONTEXT(2) 
PARAMETRIC_REPRESENTATION_CONTEXT() REPRESENTATION_CONTEXT('2D SPACE',''
  ) );
#12471 = ORIENTED_EDGE('',*,*,#12472,.F.);
#12472 = EDGE_CURVE('',#12352,#12450,#12473,.T.);
#12473 = SURFACE_CURVE('',#12474,(#12478,#12485),.PCURVE_S1.);
#12474 = LINE('',#12475,#12476);
#12475 = CARTESIAN_POINT('',(-12.82179274798,-8.662293491784,0.));
#12476 = VECTOR('',#12477,1.);
#12477 = DIRECTION('',(-0.442288690219,-0.896872741533,0.));
#12478 = PCURVE('',#3345,#12479);
#12479 = DEFINITIONAL_REPRESENTATION('',(#12480),#12484);
#12480 = LINE('',#12481,#12482);
#12481 = CARTESIAN_POINT('',(0.,0.));
#12482 = VECTOR('',#12483,1.);
#12483 = DIRECTION('',(1.,0.));
#12484 = ( GEOMETRIC_REPRESENTATION_CONTEXT(2) 
PARAMETRIC_REPRESENTATION_CONTEXT() REPRESENTATION_CONTEXT('2D SPACE',''
  ) );
#12485 = PCURVE('',#12285,#12486);
#12486 = DEFINITIONAL_REPRESENTATION('',(#12487),#12491);
#12487 = LINE('',#12488,#12489);
#12488 = CARTESIAN_POINT('',(-1.478207252018,-0.612293491784));
#12489 = VECTOR('',#12490,1.);
#12490 = DIRECTION('',(0.442288690219,-0.896872741533));
#12491 = ( GEOMETRIC_REPRESENTATION_CONTEXT(2) 
PARAMETRIC_REPRESENTATION_CONTEXT() REPRESENTATION_CONTEXT('2D SPACE',''
  ) );
#12492 = ADVANCED_FACE('',(#12493),#4549,.T.);
#12493 = FACE_BOUND('',#12494,.T.);
#12494 = EDGE_LOOP('',(#12495,#12518,#12519,#12520));
#12495 = ORIENTED_EDGE('',*,*,#12496,.T.);
#12496 = EDGE_CURVE('',#12497,#4506,#12499,.T.);
#12497 = VERTEX_POINT('',#12498);
#12498 = CARTESIAN_POINT('',(-12.75451867793,-7.635889527836,0.));
#12499 = SURFACE_CURVE('',#12500,(#12504,#12511),.PCURVE_S1.);
#12500 = LINE('',#12501,#12502);
#12501 = CARTESIAN_POINT('',(-12.75451867793,-7.635889527836,0.));
#12502 = VECTOR('',#12503,1.);
#12503 = DIRECTION('',(-0.,-0.,1.));
#12504 = PCURVE('',#4549,#12505);
#12505 = DEFINITIONAL_REPRESENTATION('',(#12506),#12510);
#12506 = LINE('',#12507,#12508);
#12507 = CARTESIAN_POINT('',(0.,0.));
#12508 = VECTOR('',#12509,1.);
#12509 = DIRECTION('',(0.,-1.));
#12510 = ( GEOMETRIC_REPRESENTATION_CONTEXT(2) 
PARAMETRIC_REPRESENTATION_CONTEXT() REPRESENTATION_CONTEXT('2D SPACE',''
  ) );
#12511 = PCURVE('',#4521,#12512);
#12512 = DEFINITIONAL_REPRESENTATION('',(#12513),#12517);
#12513 = LINE('',#12514,#12515);
#12514 = CARTESIAN_POINT('',(0.209290013536,0.));
#12515 = VECTOR('',#12516,1.);
#12516 = DIRECTION('',(0.,-1.));
#12517 = ( GEOMETRIC_REPRESENTATION_CONTEXT(2) 
PARAMETRIC_REPRESENTATION_CONTEXT() REPRESENTATION_CONTEXT('2D SPACE',''
  ) );
#12518 = ORIENTED_EDGE('',*,*,#4533,.T.);
#12519 = ORIENTED_EDGE('',*,*,#12398,.F.);
#12520 = ORIENTED_EDGE('',*,*,#12521,.F.);
#12521 = EDGE_CURVE('',#12497,#12399,#12522,.T.);
#12522 = SURFACE_CURVE('',#12523,(#12527,#12534),.PCURVE_S1.);
#12523 = LINE('',#12524,#12525);
#12524 = CARTESIAN_POINT('',(-12.75451867793,-7.635889527836,0.));
#12525 = VECTOR('',#12526,1.);
#12526 = DIRECTION('',(0.195090322016,-0.980785280403,0.));
#12527 = PCURVE('',#4549,#12528);
#12528 = DEFINITIONAL_REPRESENTATION('',(#12529),#12533);
#12529 = LINE('',#12530,#12531);
#12530 = CARTESIAN_POINT('',(0.,0.));
#12531 = VECTOR('',#12532,1.);
#12532 = DIRECTION('',(1.,0.));
#12533 = ( GEOMETRIC_REPRESENTATION_CONTEXT(2) 
PARAMETRIC_REPRESENTATION_CONTEXT() REPRESENTATION_CONTEXT('2D SPACE',''
  ) );
#12534 = PCURVE('',#12285,#12535);
#12535 = DEFINITIONAL_REPRESENTATION('',(#12536),#12540);
#12536 = LINE('',#12537,#12538);
#12537 = CARTESIAN_POINT('',(-1.545481322063,0.414110472164));
#12538 = VECTOR('',#12539,1.);
#12539 = DIRECTION('',(-0.195090322016,-0.980785280403));
#12540 = ( GEOMETRIC_REPRESENTATION_CONTEXT(2) 
PARAMETRIC_REPRESENTATION_CONTEXT() REPRESENTATION_CONTEXT('2D SPACE',''
  ) );
#12541 = ADVANCED_FACE('',(#12542),#3373,.T.);
#12542 = FACE_BOUND('',#12543,.T.);
#12543 = EDGE_LOOP('',(#12544,#12545,#12546,#12569));
#12544 = ORIENTED_EDGE('',*,*,#12449,.T.);
#12545 = ORIENTED_EDGE('',*,*,#3357,.T.);
#12546 = ORIENTED_EDGE('',*,*,#12547,.F.);
#12547 = EDGE_CURVE('',#12548,#3358,#12550,.T.);
#12548 = VERTEX_POINT('',#12549);
#12549 = CARTESIAN_POINT('',(-13.03063465553,-9.024018286414,0.));
#12550 = SURFACE_CURVE('',#12551,(#12555,#12562),.PCURVE_S1.);
#12551 = LINE('',#12552,#12553);
#12552 = CARTESIAN_POINT('',(-13.03063465553,-9.024018286414,0.));
#12553 = VECTOR('',#12554,1.);
#12554 = DIRECTION('',(-0.,-0.,1.));
#12555 = PCURVE('',#3373,#12556);
#12556 = DEFINITIONAL_REPRESENTATION('',(#12557),#12561);
#12557 = LINE('',#12558,#12559);
#12558 = CARTESIAN_POINT('',(0.209290013536,0.));
#12559 = VECTOR('',#12560,1.);
#12560 = DIRECTION('',(0.,-1.));
#12561 = ( GEOMETRIC_REPRESENTATION_CONTEXT(2) 
PARAMETRIC_REPRESENTATION_CONTEXT() REPRESENTATION_CONTEXT('2D SPACE',''
  ) );
#12562 = PCURVE('',#3401,#12563);
#12563 = DEFINITIONAL_REPRESENTATION('',(#12564),#12568);
#12564 = LINE('',#12565,#12566);
#12565 = CARTESIAN_POINT('',(0.,0.));
#12566 = VECTOR('',#12567,1.);
#12567 = DIRECTION('',(0.,-1.));
#12568 = ( GEOMETRIC_REPRESENTATION_CONTEXT(2) 
PARAMETRIC_REPRESENTATION_CONTEXT() REPRESENTATION_CONTEXT('2D SPACE',''
  ) );
#12569 = ORIENTED_EDGE('',*,*,#12570,.F.);
#12570 = EDGE_CURVE('',#12450,#12548,#12571,.T.);
#12571 = SURFACE_CURVE('',#12572,(#12576,#12583),.PCURVE_S1.);
#12572 = LINE('',#12573,#12574);
#12573 = CARTESIAN_POINT('',(-12.91435935394,-8.85,0.));
#12574 = VECTOR('',#12575,1.);
#12575 = DIRECTION('',(-0.55557023302,-0.831469612303,0.));
#12576 = PCURVE('',#3373,#12577);
#12577 = DEFINITIONAL_REPRESENTATION('',(#12578),#12582);
#12578 = LINE('',#12579,#12580);
#12579 = CARTESIAN_POINT('',(0.,0.));
#12580 = VECTOR('',#12581,1.);
#12581 = DIRECTION('',(1.,0.));
#12582 = ( GEOMETRIC_REPRESENTATION_CONTEXT(2) 
PARAMETRIC_REPRESENTATION_CONTEXT() REPRESENTATION_CONTEXT('2D SPACE',''
  ) );
#12583 = PCURVE('',#12285,#12584);
#12584 = DEFINITIONAL_REPRESENTATION('',(#12585),#12589);
#12585 = LINE('',#12586,#12587);
#12586 = CARTESIAN_POINT('',(-1.385640646055,-0.8));
#12587 = VECTOR('',#12588,1.);
#12588 = DIRECTION('',(0.55557023302,-0.831469612303));
#12589 = ( GEOMETRIC_REPRESENTATION_CONTEXT(2) 
PARAMETRIC_REPRESENTATION_CONTEXT() REPRESENTATION_CONTEXT('2D SPACE',''
  ) );
#12590 = ADVANCED_FACE('',(#12591),#4521,.T.);
#12591 = FACE_BOUND('',#12592,.T.);
#12592 = EDGE_LOOP('',(#12593,#12616,#12617,#12618));
#12593 = ORIENTED_EDGE('',*,*,#12594,.T.);
#12594 = EDGE_CURVE('',#12595,#4478,#12597,.T.);
#12595 = VERTEX_POINT('',#12596);
#12596 = CARTESIAN_POINT('',(-12.82179274798,-7.437706508216,0.));
#12597 = SURFACE_CURVE('',#12598,(#12602,#12609),.PCURVE_S1.);
#12598 = LINE('',#12599,#12600);
#12599 = CARTESIAN_POINT('',(-12.82179274798,-7.437706508216,0.));
#12600 = VECTOR('',#12601,1.);
#12601 = DIRECTION('',(-0.,-0.,1.));
#12602 = PCURVE('',#4521,#12603);
#12603 = DEFINITIONAL_REPRESENTATION('',(#12604),#12608);
#12604 = LINE('',#12605,#12606);
#12605 = CARTESIAN_POINT('',(0.,0.));
#12606 = VECTOR('',#12607,1.);
#12607 = DIRECTION('',(0.,-1.));
#12608 = ( GEOMETRIC_REPRESENTATION_CONTEXT(2) 
PARAMETRIC_REPRESENTATION_CONTEXT() REPRESENTATION_CONTEXT('2D SPACE',''
  ) );
#12609 = PCURVE('',#4493,#12610);
#12610 = DEFINITIONAL_REPRESENTATION('',(#12611),#12615);
#12611 = LINE('',#12612,#12613);
#12612 = CARTESIAN_POINT('',(0.209290013536,0.));
#12613 = VECTOR('',#12614,1.);
#12614 = DIRECTION('',(0.,-1.));
#12615 = ( GEOMETRIC_REPRESENTATION_CONTEXT(2) 
PARAMETRIC_REPRESENTATION_CONTEXT() REPRESENTATION_CONTEXT('2D SPACE',''
  ) );
#12616 = ORIENTED_EDGE('',*,*,#4505,.T.);
#12617 = ORIENTED_EDGE('',*,*,#12496,.F.);
#12618 = ORIENTED_EDGE('',*,*,#12619,.F.);
#12619 = EDGE_CURVE('',#12595,#12497,#12620,.T.);
#12620 = SURFACE_CURVE('',#12621,(#12625,#12632),.PCURVE_S1.);
#12621 = LINE('',#12622,#12623);
#12622 = CARTESIAN_POINT('',(-12.82179274798,-7.437706508216,0.));
#12623 = VECTOR('',#12624,1.);
#12624 = DIRECTION('',(0.321439465303,-0.946930129495,0.));
#12625 = PCURVE('',#4521,#12626);
#12626 = DEFINITIONAL_REPRESENTATION('',(#12627),#12631);
#12627 = LINE('',#12628,#12629);
#12628 = CARTESIAN_POINT('',(0.,0.));
#12629 = VECTOR('',#12630,1.);
#12630 = DIRECTION('',(1.,0.));
#12631 = ( GEOMETRIC_REPRESENTATION_CONTEXT(2) 
PARAMETRIC_REPRESENTATION_CONTEXT() REPRESENTATION_CONTEXT('2D SPACE',''
  ) );
#12632 = PCURVE('',#12285,#12633);
#12633 = DEFINITIONAL_REPRESENTATION('',(#12634),#12638);
#12634 = LINE('',#12635,#12636);
#12635 = CARTESIAN_POINT('',(-1.478207252018,0.612293491784));
#12636 = VECTOR('',#12637,1.);
#12637 = DIRECTION('',(-0.321439465303,-0.946930129495));
#12638 = ( GEOMETRIC_REPRESENTATION_CONTEXT(2) 
PARAMETRIC_REPRESENTATION_CONTEXT() REPRESENTATION_CONTEXT('2D SPACE',''
  ) );
#12639 = ADVANCED_FACE('',(#12640),#3401,.T.);
#12640 = FACE_BOUND('',#12641,.T.);
#12641 = EDGE_LOOP('',(#12642,#12643,#12644,#12667));
#12642 = ORIENTED_EDGE('',*,*,#12547,.T.);
#12643 = ORIENTED_EDGE('',*,*,#3385,.T.);
#12644 = ORIENTED_EDGE('',*,*,#12645,.F.);
#12645 = EDGE_CURVE('',#12646,#3386,#12648,.T.);
#12646 = VERTEX_POINT('',#12647);
#12647 = CARTESIAN_POINT('',(-13.1686291501,-9.181370849898,0.));
#12648 = SURFACE_CURVE('',#12649,(#12653,#12660),.PCURVE_S1.);
#12649 = LINE('',#12650,#12651);
#12650 = CARTESIAN_POINT('',(-13.1686291501,-9.181370849898,0.));
#12651 = VECTOR('',#12652,1.);
#12652 = DIRECTION('',(-0.,-0.,1.));
#12653 = PCURVE('',#3401,#12654);
#12654 = DEFINITIONAL_REPRESENTATION('',(#12655),#12659);
#12655 = LINE('',#12656,#12657);
#12656 = CARTESIAN_POINT('',(0.209290013536,0.));
#12657 = VECTOR('',#12658,1.);
#12658 = DIRECTION('',(0.,-1.));
#12659 = ( GEOMETRIC_REPRESENTATION_CONTEXT(2) 
PARAMETRIC_REPRESENTATION_CONTEXT() REPRESENTATION_CONTEXT('2D SPACE',''
  ) );
#12660 = PCURVE('',#3429,#12661);
#12661 = DEFINITIONAL_REPRESENTATION('',(#12662),#12666);
#12662 = LINE('',#12663,#12664);
#12663 = CARTESIAN_POINT('',(0.,0.));
#12664 = VECTOR('',#12665,1.);
#12665 = DIRECTION('',(0.,-1.));
#12666 = ( GEOMETRIC_REPRESENTATION_CONTEXT(2) 
PARAMETRIC_REPRESENTATION_CONTEXT() REPRESENTATION_CONTEXT('2D SPACE',''
  ) );
#12667 = ORIENTED_EDGE('',*,*,#12668,.F.);
#12668 = EDGE_CURVE('',#12548,#12646,#12669,.T.);
#12669 = SURFACE_CURVE('',#12670,(#12674,#12681),.PCURVE_S1.);
#12670 = LINE('',#12671,#12672);
#12671 = CARTESIAN_POINT('',(-13.03063465553,-9.024018286414,0.));
#12672 = VECTOR('',#12673,1.);
#12673 = DIRECTION('',(-0.6593458151,-0.751839807479,0.));
#12674 = PCURVE('',#3401,#12675);
#12675 = DEFINITIONAL_REPRESENTATION('',(#12676),#12680);
#12676 = LINE('',#12677,#12678);
#12677 = CARTESIAN_POINT('',(0.,0.));
#12678 = VECTOR('',#12679,1.);
#12679 = DIRECTION('',(1.,0.));
#12680 = ( GEOMETRIC_REPRESENTATION_CONTEXT(2) 
PARAMETRIC_REPRESENTATION_CONTEXT() REPRESENTATION_CONTEXT('2D SPACE',''
  ) );
#12681 = PCURVE('',#12285,#12682);
#12682 = DEFINITIONAL_REPRESENTATION('',(#12683),#12687);
#12683 = LINE('',#12684,#12685);
#12684 = CARTESIAN_POINT('',(-1.269365344466,-0.974018286414));
#12685 = VECTOR('',#12686,1.);
#12686 = DIRECTION('',(0.6593458151,-0.751839807479));
#12687 = ( GEOMETRIC_REPRESENTATION_CONTEXT(2) 
PARAMETRIC_REPRESENTATION_CONTEXT() REPRESENTATION_CONTEXT('2D SPACE',''
  ) );
#12688 = ADVANCED_FACE('',(#12689),#4493,.T.);
#12689 = FACE_BOUND('',#12690,.T.);
#12690 = EDGE_LOOP('',(#12691,#12714,#12715,#12716));
#12691 = ORIENTED_EDGE('',*,*,#12692,.T.);
#12692 = EDGE_CURVE('',#12693,#4450,#12695,.T.);
#12693 = VERTEX_POINT('',#12694);
#12694 = CARTESIAN_POINT('',(-12.91435935394,-7.25,0.));
#12695 = SURFACE_CURVE('',#12696,(#12700,#12707),.PCURVE_S1.);
#12696 = LINE('',#12697,#12698);
#12697 = CARTESIAN_POINT('',(-12.91435935394,-7.25,0.));
#12698 = VECTOR('',#12699,1.);
#12699 = DIRECTION('',(-0.,-0.,1.));
#12700 = PCURVE('',#4493,#12701);
#12701 = DEFINITIONAL_REPRESENTATION('',(#12702),#12706);
#12702 = LINE('',#12703,#12704);
#12703 = CARTESIAN_POINT('',(0.,0.));
#12704 = VECTOR('',#12705,1.);
#12705 = DIRECTION('',(0.,-1.));
#12706 = ( GEOMETRIC_REPRESENTATION_CONTEXT(2) 
PARAMETRIC_REPRESENTATION_CONTEXT() REPRESENTATION_CONTEXT('2D SPACE',''
  ) );
#12707 = PCURVE('',#4465,#12708);
#12708 = DEFINITIONAL_REPRESENTATION('',(#12709),#12713);
#12709 = LINE('',#12710,#12711);
#12710 = CARTESIAN_POINT('',(0.209290013536,0.));
#12711 = VECTOR('',#12712,1.);
#12712 = DIRECTION('',(0.,-1.));
#12713 = ( GEOMETRIC_REPRESENTATION_CONTEXT(2) 
PARAMETRIC_REPRESENTATION_CONTEXT() REPRESENTATION_CONTEXT('2D SPACE',''
  ) );
#12714 = ORIENTED_EDGE('',*,*,#4477,.T.);
#12715 = ORIENTED_EDGE('',*,*,#12594,.F.);
#12716 = ORIENTED_EDGE('',*,*,#12717,.F.);
#12717 = EDGE_CURVE('',#12693,#12595,#12718,.T.);
#12718 = SURFACE_CURVE('',#12719,(#12723,#12730),.PCURVE_S1.);
#12719 = LINE('',#12720,#12721);
#12720 = CARTESIAN_POINT('',(-12.91435935394,-7.25,0.));
#12721 = VECTOR('',#12722,1.);
#12722 = DIRECTION('',(0.442288690219,-0.896872741533,0.));
#12723 = PCURVE('',#4493,#12724);
#12724 = DEFINITIONAL_REPRESENTATION('',(#12725),#12729);
#12725 = LINE('',#12726,#12727);
#12726 = CARTESIAN_POINT('',(0.,0.));
#12727 = VECTOR('',#12728,1.);
#12728 = DIRECTION('',(1.,0.));
#12729 = ( GEOMETRIC_REPRESENTATION_CONTEXT(2) 
PARAMETRIC_REPRESENTATION_CONTEXT() REPRESENTATION_CONTEXT('2D SPACE',''
  ) );
#12730 = PCURVE('',#12285,#12731);
#12731 = DEFINITIONAL_REPRESENTATION('',(#12732),#12736);
#12732 = LINE('',#12733,#12734);
#12733 = CARTESIAN_POINT('',(-1.385640646055,0.8));
#12734 = VECTOR('',#12735,1.);
#12735 = DIRECTION('',(-0.442288690219,-0.896872741533));
#12736 = ( GEOMETRIC_REPRESENTATION_CONTEXT(2) 
PARAMETRIC_REPRESENTATION_CONTEXT() REPRESENTATION_CONTEXT('2D SPACE',''
  ) );
#12737 = ADVANCED_FACE('',(#12738),#3429,.T.);
#12738 = FACE_BOUND('',#12739,.T.);
#12739 = EDGE_LOOP('',(#12740,#12741,#12742,#12765));
#12740 = ORIENTED_EDGE('',*,*,#12645,.T.);
#12741 = ORIENTED_EDGE('',*,*,#3413,.T.);
#12742 = ORIENTED_EDGE('',*,*,#12743,.F.);
#12743 = EDGE_CURVE('',#12744,#3414,#12746,.T.);
#12744 = VERTEX_POINT('',#12745);
#12745 = CARTESIAN_POINT('',(-13.32598171358,-9.319365344466,0.));
#12746 = SURFACE_CURVE('',#12747,(#12751,#12758),.PCURVE_S1.);
#12747 = LINE('',#12748,#12749);
#12748 = CARTESIAN_POINT('',(-13.32598171358,-9.319365344466,0.));
#12749 = VECTOR('',#12750,1.);
#12750 = DIRECTION('',(-0.,-0.,1.));
#12751 = PCURVE('',#3429,#12752);
#12752 = DEFINITIONAL_REPRESENTATION('',(#12753),#12757);
#12753 = LINE('',#12754,#12755);
#12754 = CARTESIAN_POINT('',(0.209290013536,0.));
#12755 = VECTOR('',#12756,1.);
#12756 = DIRECTION('',(0.,-1.));
#12757 = ( GEOMETRIC_REPRESENTATION_CONTEXT(2) 
PARAMETRIC_REPRESENTATION_CONTEXT() REPRESENTATION_CONTEXT('2D SPACE',''
  ) );
#12758 = PCURVE('',#3457,#12759);
#12759 = DEFINITIONAL_REPRESENTATION('',(#12760),#12764);
#12760 = LINE('',#12761,#12762);
#12761 = CARTESIAN_POINT('',(0.,0.));
#12762 = VECTOR('',#12763,1.);
#12763 = DIRECTION('',(0.,-1.));
#12764 = ( GEOMETRIC_REPRESENTATION_CONTEXT(2) 
PARAMETRIC_REPRESENTATION_CONTEXT() REPRESENTATION_CONTEXT('2D SPACE',''
  ) );
#12765 = ORIENTED_EDGE('',*,*,#12766,.F.);
#12766 = EDGE_CURVE('',#12646,#12744,#12767,.T.);
#12767 = SURFACE_CURVE('',#12768,(#12772,#12779),.PCURVE_S1.);
#12768 = LINE('',#12769,#12770);
#12769 = CARTESIAN_POINT('',(-13.1686291501,-9.181370849898,0.));
#12770 = VECTOR('',#12771,1.);
#12771 = DIRECTION('',(-0.751839807479,-0.6593458151,0.));
#12772 = PCURVE('',#3429,#12773);
#12773 = DEFINITIONAL_REPRESENTATION('',(#12774),#12778);
#12774 = LINE('',#12775,#12776);
#12775 = CARTESIAN_POINT('',(0.,0.));
#12776 = VECTOR('',#12777,1.);
#12777 = DIRECTION('',(1.,0.));
#12778 = ( GEOMETRIC_REPRESENTATION_CONTEXT(2) 
PARAMETRIC_REPRESENTATION_CONTEXT() REPRESENTATION_CONTEXT('2D SPACE',''
  ) );
#12779 = PCURVE('',#12285,#12780);
#12780 = DEFINITIONAL_REPRESENTATION('',(#12781),#12785);
#12781 = LINE('',#12782,#12783);
#12782 = CARTESIAN_POINT('',(-1.131370849898,-1.131370849898));
#12783 = VECTOR('',#12784,1.);
#12784 = DIRECTION('',(0.751839807479,-0.6593458151));
#12785 = ( GEOMETRIC_REPRESENTATION_CONTEXT(2) 
PARAMETRIC_REPRESENTATION_CONTEXT() REPRESENTATION_CONTEXT('2D SPACE',''
  ) );
#12786 = ADVANCED_FACE('',(#12787),#4465,.T.);
#12787 = FACE_BOUND('',#12788,.T.);
#12788 = EDGE_LOOP('',(#12789,#12812,#12813,#12814));
#12789 = ORIENTED_EDGE('',*,*,#12790,.T.);
#12790 = EDGE_CURVE('',#12791,#4422,#12793,.T.);
#12791 = VERTEX_POINT('',#12792);
#12792 = CARTESIAN_POINT('',(-13.03063465553,-7.075981713586,0.));
#12793 = SURFACE_CURVE('',#12794,(#12798,#12805),.PCURVE_S1.);
#12794 = LINE('',#12795,#12796);
#12795 = CARTESIAN_POINT('',(-13.03063465553,-7.075981713586,0.));
#12796 = VECTOR('',#12797,1.);
#12797 = DIRECTION('',(-0.,-0.,1.));
#12798 = PCURVE('',#4465,#12799);
#12799 = DEFINITIONAL_REPRESENTATION('',(#12800),#12804);
#12800 = LINE('',#12801,#12802);
#12801 = CARTESIAN_POINT('',(0.,0.));
#12802 = VECTOR('',#12803,1.);
#12803 = DIRECTION('',(0.,-1.));
#12804 = ( GEOMETRIC_REPRESENTATION_CONTEXT(2) 
PARAMETRIC_REPRESENTATION_CONTEXT() REPRESENTATION_CONTEXT('2D SPACE',''
  ) );
#12805 = PCURVE('',#4437,#12806);
#12806 = DEFINITIONAL_REPRESENTATION('',(#12807),#12811);
#12807 = LINE('',#12808,#12809);
#12808 = CARTESIAN_POINT('',(0.209290013536,0.));
#12809 = VECTOR('',#12810,1.);
#12810 = DIRECTION('',(0.,-1.));
#12811 = ( GEOMETRIC_REPRESENTATION_CONTEXT(2) 
PARAMETRIC_REPRESENTATION_CONTEXT() REPRESENTATION_CONTEXT('2D SPACE',''
  ) );
#12812 = ORIENTED_EDGE('',*,*,#4449,.T.);
#12813 = ORIENTED_EDGE('',*,*,#12692,.F.);
#12814 = ORIENTED_EDGE('',*,*,#12815,.F.);
#12815 = EDGE_CURVE('',#12791,#12693,#12816,.T.);
#12816 = SURFACE_CURVE('',#12817,(#12821,#12828),.PCURVE_S1.);
#12817 = LINE('',#12818,#12819);
#12818 = CARTESIAN_POINT('',(-13.03063465553,-7.075981713586,0.));
#12819 = VECTOR('',#12820,1.);
#12820 = DIRECTION('',(0.55557023302,-0.831469612303,0.));
#12821 = PCURVE('',#4465,#12822);
#12822 = DEFINITIONAL_REPRESENTATION('',(#12823),#12827);
#12823 = LINE('',#12824,#12825);
#12824 = CARTESIAN_POINT('',(0.,0.));
#12825 = VECTOR('',#12826,1.);
#12826 = DIRECTION('',(1.,0.));
#12827 = ( GEOMETRIC_REPRESENTATION_CONTEXT(2) 
PARAMETRIC_REPRESENTATION_CONTEXT() REPRESENTATION_CONTEXT('2D SPACE',''
  ) );
#12828 = PCURVE('',#12285,#12829);
#12829 = DEFINITIONAL_REPRESENTATION('',(#12830),#12834);
#12830 = LINE('',#12831,#12832);
#12831 = CARTESIAN_POINT('',(-1.269365344466,0.974018286414));
#12832 = VECTOR('',#12833,1.);
#12833 = DIRECTION('',(-0.55557023302,-0.831469612303));
#12834 = ( GEOMETRIC_REPRESENTATION_CONTEXT(2) 
PARAMETRIC_REPRESENTATION_CONTEXT() REPRESENTATION_CONTEXT('2D SPACE',''
  ) );
#12835 = ADVANCED_FACE('',(#12836),#3457,.T.);
#12836 = FACE_BOUND('',#12837,.T.);
#12837 = EDGE_LOOP('',(#12838,#12839,#12840,#12863));
#12838 = ORIENTED_EDGE('',*,*,#12743,.T.);
#12839 = ORIENTED_EDGE('',*,*,#3441,.T.);
#12840 = ORIENTED_EDGE('',*,*,#12841,.F.);
#12841 = EDGE_CURVE('',#12842,#3442,#12844,.T.);
#12842 = VERTEX_POINT('',#12843);
#12843 = CARTESIAN_POINT('',(-13.5,-9.435640646055,0.));
#12844 = SURFACE_CURVE('',#12845,(#12849,#12856),.PCURVE_S1.);
#12845 = LINE('',#12846,#12847);
#12846 = CARTESIAN_POINT('',(-13.5,-9.435640646055,0.));
#12847 = VECTOR('',#12848,1.);
#12848 = DIRECTION('',(-0.,-0.,1.));
#12849 = PCURVE('',#3457,#12850);
#12850 = DEFINITIONAL_REPRESENTATION('',(#12851),#12855);
#12851 = LINE('',#12852,#12853);
#12852 = CARTESIAN_POINT('',(0.209290013536,0.));
#12853 = VECTOR('',#12854,1.);
#12854 = DIRECTION('',(0.,-1.));
#12855 = ( GEOMETRIC_REPRESENTATION_CONTEXT(2) 
PARAMETRIC_REPRESENTATION_CONTEXT() REPRESENTATION_CONTEXT('2D SPACE',''
  ) );
#12856 = PCURVE('',#3485,#12857);
#12857 = DEFINITIONAL_REPRESENTATION('',(#12858),#12862);
#12858 = LINE('',#12859,#12860);
#12859 = CARTESIAN_POINT('',(0.,0.));
#12860 = VECTOR('',#12861,1.);
#12861 = DIRECTION('',(0.,-1.));
#12862 = ( GEOMETRIC_REPRESENTATION_CONTEXT(2) 
PARAMETRIC_REPRESENTATION_CONTEXT() REPRESENTATION_CONTEXT('2D SPACE',''
  ) );
#12863 = ORIENTED_EDGE('',*,*,#12864,.F.);
#12864 = EDGE_CURVE('',#12744,#12842,#12865,.T.);
#12865 = SURFACE_CURVE('',#12866,(#12870,#12877),.PCURVE_S1.);
#12866 = LINE('',#12867,#12868);
#12867 = CARTESIAN_POINT('',(-13.32598171358,-9.319365344466,0.));
#12868 = VECTOR('',#12869,1.);
#12869 = DIRECTION('',(-0.831469612303,-0.55557023302,0.));
#12870 = PCURVE('',#3457,#12871);
#12871 = DEFINITIONAL_REPRESENTATION('',(#12872),#12876);
#12872 = LINE('',#12873,#12874);
#12873 = CARTESIAN_POINT('',(0.,0.));
#12874 = VECTOR('',#12875,1.);
#12875 = DIRECTION('',(1.,0.));
#12876 = ( GEOMETRIC_REPRESENTATION_CONTEXT(2) 
PARAMETRIC_REPRESENTATION_CONTEXT() REPRESENTATION_CONTEXT('2D SPACE',''
  ) );
#12877 = PCURVE('',#12285,#12878);
#12878 = DEFINITIONAL_REPRESENTATION('',(#12879),#12883);
#12879 = LINE('',#12880,#12881);
#12880 = CARTESIAN_POINT('',(-0.974018286414,-1.269365344466));
#12881 = VECTOR('',#12882,1.);
#12882 = DIRECTION('',(0.831469612303,-0.55557023302));
#12883 = ( GEOMETRIC_REPRESENTATION_CONTEXT(2) 
PARAMETRIC_REPRESENTATION_CONTEXT() REPRESENTATION_CONTEXT('2D SPACE',''
  ) );
#12884 = ADVANCED_FACE('',(#12885),#4437,.T.);
#12885 = FACE_BOUND('',#12886,.T.);
#12886 = EDGE_LOOP('',(#12887,#12910,#12911,#12912));
#12887 = ORIENTED_EDGE('',*,*,#12888,.T.);
#12888 = EDGE_CURVE('',#12889,#4394,#12891,.T.);
#12889 = VERTEX_POINT('',#12890);
#12890 = CARTESIAN_POINT('',(-13.1686291501,-6.918629150102,0.));
#12891 = SURFACE_CURVE('',#12892,(#12896,#12903),.PCURVE_S1.);
#12892 = LINE('',#12893,#12894);
#12893 = CARTESIAN_POINT('',(-13.1686291501,-6.918629150102,0.));
#12894 = VECTOR('',#12895,1.);
#12895 = DIRECTION('',(-0.,-0.,1.));
#12896 = PCURVE('',#4437,#12897);
#12897 = DEFINITIONAL_REPRESENTATION('',(#12898),#12902);
#12898 = LINE('',#12899,#12900);
#12899 = CARTESIAN_POINT('',(0.,0.));
#12900 = VECTOR('',#12901,1.);
#12901 = DIRECTION('',(0.,-1.));
#12902 = ( GEOMETRIC_REPRESENTATION_CONTEXT(2) 
PARAMETRIC_REPRESENTATION_CONTEXT() REPRESENTATION_CONTEXT('2D SPACE',''
  ) );
#12903 = PCURVE('',#4409,#12904);
#12904 = DEFINITIONAL_REPRESENTATION('',(#12905),#12909);
#12905 = LINE('',#12906,#12907);
#12906 = CARTESIAN_POINT('',(0.209290013536,0.));
#12907 = VECTOR('',#12908,1.);
#12908 = DIRECTION('',(0.,-1.));
#12909 = ( GEOMETRIC_REPRESENTATION_CONTEXT(2) 
PARAMETRIC_REPRESENTATION_CONTEXT() REPRESENTATION_CONTEXT('2D SPACE',''
  ) );
#12910 = ORIENTED_EDGE('',*,*,#4421,.T.);
#12911 = ORIENTED_EDGE('',*,*,#12790,.F.);
#12912 = ORIENTED_EDGE('',*,*,#12913,.F.);
#12913 = EDGE_CURVE('',#12889,#12791,#12914,.T.);
#12914 = SURFACE_CURVE('',#12915,(#12919,#12926),.PCURVE_S1.);
#12915 = LINE('',#12916,#12917);
#12916 = CARTESIAN_POINT('',(-13.1686291501,-6.918629150102,0.));
#12917 = VECTOR('',#12918,1.);
#12918 = DIRECTION('',(0.6593458151,-0.751839807479,0.));
#12919 = PCURVE('',#4437,#12920);
#12920 = DEFINITIONAL_REPRESENTATION('',(#12921),#12925);
#12921 = LINE('',#12922,#12923);
#12922 = CARTESIAN_POINT('',(0.,0.));
#12923 = VECTOR('',#12924,1.);
#12924 = DIRECTION('',(1.,0.));
#12925 = ( GEOMETRIC_REPRESENTATION_CONTEXT(2) 
PARAMETRIC_REPRESENTATION_CONTEXT() REPRESENTATION_CONTEXT('2D SPACE',''
  ) );
#12926 = PCURVE('',#12285,#12927);
#12927 = DEFINITIONAL_REPRESENTATION('',(#12928),#12932);
#12928 = LINE('',#12929,#12930);
#12929 = CARTESIAN_POINT('',(-1.131370849898,1.131370849898));
#12930 = VECTOR('',#12931,1.);
#12931 = DIRECTION('',(-0.6593458151,-0.751839807479));
#12932 = ( GEOMETRIC_REPRESENTATION_CONTEXT(2) 
PARAMETRIC_REPRESENTATION_CONTEXT() REPRESENTATION_CONTEXT('2D SPACE',''
  ) );
#12933 = ADVANCED_FACE('',(#12934),#3485,.T.);
#12934 = FACE_BOUND('',#12935,.T.);
#12935 = EDGE_LOOP('',(#12936,#12937,#12938,#12961));
#12936 = ORIENTED_EDGE('',*,*,#12841,.T.);
#12937 = ORIENTED_EDGE('',*,*,#3469,.T.);
#12938 = ORIENTED_EDGE('',*,*,#12939,.F.);
#12939 = EDGE_CURVE('',#12940,#3470,#12942,.T.);
#12940 = VERTEX_POINT('',#12941);
#12941 = CARTESIAN_POINT('',(-13.68770650821,-9.528207252018,0.));
#12942 = SURFACE_CURVE('',#12943,(#12947,#12954),.PCURVE_S1.);
#12943 = LINE('',#12944,#12945);
#12944 = CARTESIAN_POINT('',(-13.68770650821,-9.528207252018,0.));
#12945 = VECTOR('',#12946,1.);
#12946 = DIRECTION('',(-0.,-0.,1.));
#12947 = PCURVE('',#3485,#12948);
#12948 = DEFINITIONAL_REPRESENTATION('',(#12949),#12953);
#12949 = LINE('',#12950,#12951);
#12950 = CARTESIAN_POINT('',(0.209290013536,0.));
#12951 = VECTOR('',#12952,1.);
#12952 = DIRECTION('',(0.,-1.));
#12953 = ( GEOMETRIC_REPRESENTATION_CONTEXT(2) 
PARAMETRIC_REPRESENTATION_CONTEXT() REPRESENTATION_CONTEXT('2D SPACE',''
  ) );
#12954 = PCURVE('',#3513,#12955);
#12955 = DEFINITIONAL_REPRESENTATION('',(#12956),#12960);
#12956 = LINE('',#12957,#12958);
#12957 = CARTESIAN_POINT('',(0.,0.));
#12958 = VECTOR('',#12959,1.);
#12959 = DIRECTION('',(0.,-1.));
#12960 = ( GEOMETRIC_REPRESENTATION_CONTEXT(2) 
PARAMETRIC_REPRESENTATION_CONTEXT() REPRESENTATION_CONTEXT('2D SPACE',''
  ) );
#12961 = ORIENTED_EDGE('',*,*,#12962,.F.);
#12962 = EDGE_CURVE('',#12842,#12940,#12963,.T.);
#12963 = SURFACE_CURVE('',#12964,(#12968,#12975),.PCURVE_S1.);
#12964 = LINE('',#12965,#12966);
#12965 = CARTESIAN_POINT('',(-13.5,-9.435640646055,0.));
#12966 = VECTOR('',#12967,1.);
#12967 = DIRECTION('',(-0.896872741533,-0.442288690219,0.));
#12968 = PCURVE('',#3485,#12969);
#12969 = DEFINITIONAL_REPRESENTATION('',(#12970),#12974);
#12970 = LINE('',#12971,#12972);
#12971 = CARTESIAN_POINT('',(0.,0.));
#12972 = VECTOR('',#12973,1.);
#12973 = DIRECTION('',(1.,0.));
#12974 = ( GEOMETRIC_REPRESENTATION_CONTEXT(2) 
PARAMETRIC_REPRESENTATION_CONTEXT() REPRESENTATION_CONTEXT('2D SPACE',''
  ) );
#12975 = PCURVE('',#12285,#12976);
#12976 = DEFINITIONAL_REPRESENTATION('',(#12977),#12981);
#12977 = LINE('',#12978,#12979);
#12978 = CARTESIAN_POINT('',(-0.8,-1.385640646055));
#12979 = VECTOR('',#12980,1.);
#12980 = DIRECTION('',(0.896872741533,-0.442288690219));
#12981 = ( GEOMETRIC_REPRESENTATION_CONTEXT(2) 
PARAMETRIC_REPRESENTATION_CONTEXT() REPRESENTATION_CONTEXT('2D SPACE',''
  ) );
#12982 = ADVANCED_FACE('',(#12983),#4409,.T.);
#12983 = FACE_BOUND('',#12984,.T.);
#12984 = EDGE_LOOP('',(#12985,#13008,#13009,#13010));
#12985 = ORIENTED_EDGE('',*,*,#12986,.T.);
#12986 = EDGE_CURVE('',#12987,#4366,#12989,.T.);
#12987 = VERTEX_POINT('',#12988);
#12988 = CARTESIAN_POINT('',(-13.32598171358,-6.780634655534,0.));
#12989 = SURFACE_CURVE('',#12990,(#12994,#13001),.PCURVE_S1.);
#12990 = LINE('',#12991,#12992);
#12991 = CARTESIAN_POINT('',(-13.32598171358,-6.780634655534,0.));
#12992 = VECTOR('',#12993,1.);
#12993 = DIRECTION('',(-0.,-0.,1.));
#12994 = PCURVE('',#4409,#12995);
#12995 = DEFINITIONAL_REPRESENTATION('',(#12996),#13000);
#12996 = LINE('',#12997,#12998);
#12997 = CARTESIAN_POINT('',(0.,0.));
#12998 = VECTOR('',#12999,1.);
#12999 = DIRECTION('',(0.,-1.));
#13000 = ( GEOMETRIC_REPRESENTATION_CONTEXT(2) 
PARAMETRIC_REPRESENTATION_CONTEXT() REPRESENTATION_CONTEXT('2D SPACE',''
  ) );
#13001 = PCURVE('',#4381,#13002);
#13002 = DEFINITIONAL_REPRESENTATION('',(#13003),#13007);
#13003 = LINE('',#13004,#13005);
#13004 = CARTESIAN_POINT('',(0.209290013536,0.));
#13005 = VECTOR('',#13006,1.);
#13006 = DIRECTION('',(0.,-1.));
#13007 = ( GEOMETRIC_REPRESENTATION_CONTEXT(2) 
PARAMETRIC_REPRESENTATION_CONTEXT() REPRESENTATION_CONTEXT('2D SPACE',''
  ) );
#13008 = ORIENTED_EDGE('',*,*,#4393,.T.);
#13009 = ORIENTED_EDGE('',*,*,#12888,.F.);
#13010 = ORIENTED_EDGE('',*,*,#13011,.F.);
#13011 = EDGE_CURVE('',#12987,#12889,#13012,.T.);
#13012 = SURFACE_CURVE('',#13013,(#13017,#13024),.PCURVE_S1.);
#13013 = LINE('',#13014,#13015);
#13014 = CARTESIAN_POINT('',(-13.32598171358,-6.780634655534,0.));
#13015 = VECTOR('',#13016,1.);
#13016 = DIRECTION('',(0.751839807479,-0.6593458151,0.));
#13017 = PCURVE('',#4409,#13018);
#13018 = DEFINITIONAL_REPRESENTATION('',(#13019),#13023);
#13019 = LINE('',#13020,#13021);
#13020 = CARTESIAN_POINT('',(0.,0.));
#13021 = VECTOR('',#13022,1.);
#13022 = DIRECTION('',(1.,0.));
#13023 = ( GEOMETRIC_REPRESENTATION_CONTEXT(2) 
PARAMETRIC_REPRESENTATION_CONTEXT() REPRESENTATION_CONTEXT('2D SPACE',''
  ) );
#13024 = PCURVE('',#12285,#13025);
#13025 = DEFINITIONAL_REPRESENTATION('',(#13026),#13030);
#13026 = LINE('',#13027,#13028);
#13027 = CARTESIAN_POINT('',(-0.974018286414,1.269365344466));
#13028 = VECTOR('',#13029,1.);
#13029 = DIRECTION('',(-0.751839807479,-0.6593458151));
#13030 = ( GEOMETRIC_REPRESENTATION_CONTEXT(2) 
PARAMETRIC_REPRESENTATION_CONTEXT() REPRESENTATION_CONTEXT('2D SPACE',''
  ) );
#13031 = ADVANCED_FACE('',(#13032),#3513,.T.);
#13032 = FACE_BOUND('',#13033,.T.);
#13033 = EDGE_LOOP('',(#13034,#13035,#13036,#13059));
#13034 = ORIENTED_EDGE('',*,*,#12939,.T.);
#13035 = ORIENTED_EDGE('',*,*,#3497,.T.);
#13036 = ORIENTED_EDGE('',*,*,#13037,.F.);
#13037 = EDGE_CURVE('',#13038,#3498,#13040,.T.);
#13038 = VERTEX_POINT('',#13039);
#13039 = CARTESIAN_POINT('',(-13.88588952783,-9.595481322063,0.));
#13040 = SURFACE_CURVE('',#13041,(#13045,#13052),.PCURVE_S1.);
#13041 = LINE('',#13042,#13043);
#13042 = CARTESIAN_POINT('',(-13.88588952783,-9.595481322063,0.));
#13043 = VECTOR('',#13044,1.);
#13044 = DIRECTION('',(-0.,-0.,1.));
#13045 = PCURVE('',#3513,#13046);
#13046 = DEFINITIONAL_REPRESENTATION('',(#13047),#13051);
#13047 = LINE('',#13048,#13049);
#13048 = CARTESIAN_POINT('',(0.209290013536,0.));
#13049 = VECTOR('',#13050,1.);
#13050 = DIRECTION('',(0.,-1.));
#13051 = ( GEOMETRIC_REPRESENTATION_CONTEXT(2) 
PARAMETRIC_REPRESENTATION_CONTEXT() REPRESENTATION_CONTEXT('2D SPACE',''
  ) );
#13052 = PCURVE('',#3541,#13053);
#13053 = DEFINITIONAL_REPRESENTATION('',(#13054),#13058);
#13054 = LINE('',#13055,#13056);
#13055 = CARTESIAN_POINT('',(0.,0.));
#13056 = VECTOR('',#13057,1.);
#13057 = DIRECTION('',(0.,-1.));
#13058 = ( GEOMETRIC_REPRESENTATION_CONTEXT(2) 
PARAMETRIC_REPRESENTATION_CONTEXT() REPRESENTATION_CONTEXT('2D SPACE',''
  ) );
#13059 = ORIENTED_EDGE('',*,*,#13060,.F.);
#13060 = EDGE_CURVE('',#12940,#13038,#13061,.T.);
#13061 = SURFACE_CURVE('',#13062,(#13066,#13073),.PCURVE_S1.);
#13062 = LINE('',#13063,#13064);
#13063 = CARTESIAN_POINT('',(-13.68770650821,-9.528207252018,0.));
#13064 = VECTOR('',#13065,1.);
#13065 = DIRECTION('',(-0.946930129495,-0.321439465303,0.));
#13066 = PCURVE('',#3513,#13067);
#13067 = DEFINITIONAL_REPRESENTATION('',(#13068),#13072);
#13068 = LINE('',#13069,#13070);
#13069 = CARTESIAN_POINT('',(0.,0.));
#13070 = VECTOR('',#13071,1.);
#13071 = DIRECTION('',(1.,0.));
#13072 = ( GEOMETRIC_REPRESENTATION_CONTEXT(2) 
PARAMETRIC_REPRESENTATION_CONTEXT() REPRESENTATION_CONTEXT('2D SPACE',''
  ) );
#13073 = PCURVE('',#12285,#13074);
#13074 = DEFINITIONAL_REPRESENTATION('',(#13075),#13079);
#13075 = LINE('',#13076,#13077);
#13076 = CARTESIAN_POINT('',(-0.612293491784,-1.478207252018));
#13077 = VECTOR('',#13078,1.);
#13078 = DIRECTION('',(0.946930129495,-0.321439465303));
#13079 = ( GEOMETRIC_REPRESENTATION_CONTEXT(2) 
PARAMETRIC_REPRESENTATION_CONTEXT() REPRESENTATION_CONTEXT('2D SPACE',''
  ) );
#13080 = ADVANCED_FACE('',(#13081),#4381,.T.);
#13081 = FACE_BOUND('',#13082,.T.);
#13082 = EDGE_LOOP('',(#13083,#13106,#13107,#13108));
#13083 = ORIENTED_EDGE('',*,*,#13084,.T.);
#13084 = EDGE_CURVE('',#13085,#4338,#13087,.T.);
#13085 = VERTEX_POINT('',#13086);
#13086 = CARTESIAN_POINT('',(-13.5,-6.664359353945,0.));
#13087 = SURFACE_CURVE('',#13088,(#13092,#13099),.PCURVE_S1.);
#13088 = LINE('',#13089,#13090);
#13089 = CARTESIAN_POINT('',(-13.5,-6.664359353945,0.));
#13090 = VECTOR('',#13091,1.);
#13091 = DIRECTION('',(-0.,-0.,1.));
#13092 = PCURVE('',#4381,#13093);
#13093 = DEFINITIONAL_REPRESENTATION('',(#13094),#13098);
#13094 = LINE('',#13095,#13096);
#13095 = CARTESIAN_POINT('',(0.,0.));
#13096 = VECTOR('',#13097,1.);
#13097 = DIRECTION('',(0.,-1.));
#13098 = ( GEOMETRIC_REPRESENTATION_CONTEXT(2) 
PARAMETRIC_REPRESENTATION_CONTEXT() REPRESENTATION_CONTEXT('2D SPACE',''
  ) );
#13099 = PCURVE('',#4353,#13100);
#13100 = DEFINITIONAL_REPRESENTATION('',(#13101),#13105);
#13101 = LINE('',#13102,#13103);
#13102 = CARTESIAN_POINT('',(0.209290013536,0.));
#13103 = VECTOR('',#13104,1.);
#13104 = DIRECTION('',(0.,-1.));
#13105 = ( GEOMETRIC_REPRESENTATION_CONTEXT(2) 
PARAMETRIC_REPRESENTATION_CONTEXT() REPRESENTATION_CONTEXT('2D SPACE',''
  ) );
#13106 = ORIENTED_EDGE('',*,*,#4365,.T.);
#13107 = ORIENTED_EDGE('',*,*,#12986,.F.);
#13108 = ORIENTED_EDGE('',*,*,#13109,.F.);
#13109 = EDGE_CURVE('',#13085,#12987,#13110,.T.);
#13110 = SURFACE_CURVE('',#13111,(#13115,#13122),.PCURVE_S1.);
#13111 = LINE('',#13112,#13113);
#13112 = CARTESIAN_POINT('',(-13.5,-6.664359353945,0.));
#13113 = VECTOR('',#13114,1.);
#13114 = DIRECTION('',(0.831469612303,-0.55557023302,0.));
#13115 = PCURVE('',#4381,#13116);
#13116 = DEFINITIONAL_REPRESENTATION('',(#13117),#13121);
#13117 = LINE('',#13118,#13119);
#13118 = CARTESIAN_POINT('',(0.,0.));
#13119 = VECTOR('',#13120,1.);
#13120 = DIRECTION('',(1.,0.));
#13121 = ( GEOMETRIC_REPRESENTATION_CONTEXT(2) 
PARAMETRIC_REPRESENTATION_CONTEXT() REPRESENTATION_CONTEXT('2D SPACE',''
  ) );
#13122 = PCURVE('',#12285,#13123);
#13123 = DEFINITIONAL_REPRESENTATION('',(#13124),#13128);
#13124 = LINE('',#13125,#13126);
#13125 = CARTESIAN_POINT('',(-0.8,1.385640646055));
#13126 = VECTOR('',#13127,1.);
#13127 = DIRECTION('',(-0.831469612303,-0.55557023302));
#13128 = ( GEOMETRIC_REPRESENTATION_CONTEXT(2) 
PARAMETRIC_REPRESENTATION_CONTEXT() REPRESENTATION_CONTEXT('2D SPACE',''
  ) );
#13129 = ADVANCED_FACE('',(#13130),#3541,.T.);
#13130 = FACE_BOUND('',#13131,.T.);
#13131 = EDGE_LOOP('',(#13132,#13133,#13134,#13157));
#13132 = ORIENTED_EDGE('',*,*,#13037,.T.);
#13133 = ORIENTED_EDGE('',*,*,#3525,.T.);
#13134 = ORIENTED_EDGE('',*,*,#13135,.F.);
#13135 = EDGE_CURVE('',#13136,#3526,#13138,.T.);
#13136 = VERTEX_POINT('',#13137);
#13137 = CARTESIAN_POINT('',(-14.09115809244,-9.636311778198,0.));
#13138 = SURFACE_CURVE('',#13139,(#13143,#13150),.PCURVE_S1.);
#13139 = LINE('',#13140,#13141);
#13140 = CARTESIAN_POINT('',(-14.09115809244,-9.636311778198,0.));
#13141 = VECTOR('',#13142,1.);
#13142 = DIRECTION('',(-0.,-0.,1.));
#13143 = PCURVE('',#3541,#13144);
#13144 = DEFINITIONAL_REPRESENTATION('',(#13145),#13149);
#13145 = LINE('',#13146,#13147);
#13146 = CARTESIAN_POINT('',(0.209290013536,0.));
#13147 = VECTOR('',#13148,1.);
#13148 = DIRECTION('',(0.,-1.));
#13149 = ( GEOMETRIC_REPRESENTATION_CONTEXT(2) 
PARAMETRIC_REPRESENTATION_CONTEXT() REPRESENTATION_CONTEXT('2D SPACE',''
  ) );
#13150 = PCURVE('',#3569,#13151);
#13151 = DEFINITIONAL_REPRESENTATION('',(#13152),#13156);
#13152 = LINE('',#13153,#13154);
#13153 = CARTESIAN_POINT('',(0.,0.));
#13154 = VECTOR('',#13155,1.);
#13155 = DIRECTION('',(0.,-1.));
#13156 = ( GEOMETRIC_REPRESENTATION_CONTEXT(2) 
PARAMETRIC_REPRESENTATION_CONTEXT() REPRESENTATION_CONTEXT('2D SPACE',''
  ) );
#13157 = ORIENTED_EDGE('',*,*,#13158,.F.);
#13158 = EDGE_CURVE('',#13038,#13136,#13159,.T.);
#13159 = SURFACE_CURVE('',#13160,(#13164,#13171),.PCURVE_S1.);
#13160 = LINE('',#13161,#13162);
#13161 = CARTESIAN_POINT('',(-13.88588952783,-9.595481322063,0.));
#13162 = VECTOR('',#13163,1.);
#13163 = DIRECTION('',(-0.980785280403,-0.195090322016,0.));
#13164 = PCURVE('',#3541,#13165);
#13165 = DEFINITIONAL_REPRESENTATION('',(#13166),#13170);
#13166 = LINE('',#13167,#13168);
#13167 = CARTESIAN_POINT('',(0.,0.));
#13168 = VECTOR('',#13169,1.);
#13169 = DIRECTION('',(1.,0.));
#13170 = ( GEOMETRIC_REPRESENTATION_CONTEXT(2) 
PARAMETRIC_REPRESENTATION_CONTEXT() REPRESENTATION_CONTEXT('2D SPACE',''
  ) );
#13171 = PCURVE('',#12285,#13172);
#13172 = DEFINITIONAL_REPRESENTATION('',(#13173),#13177);
#13173 = LINE('',#13174,#13175);
#13174 = CARTESIAN_POINT('',(-0.414110472164,-1.545481322063));
#13175 = VECTOR('',#13176,1.);
#13176 = DIRECTION('',(0.980785280403,-0.195090322016));
#13177 = ( GEOMETRIC_REPRESENTATION_CONTEXT(2) 
PARAMETRIC_REPRESENTATION_CONTEXT() REPRESENTATION_CONTEXT('2D SPACE',''
  ) );
#13178 = ADVANCED_FACE('',(#13179),#4353,.T.);
#13179 = FACE_BOUND('',#13180,.T.);
#13180 = EDGE_LOOP('',(#13181,#13204,#13205,#13206));
#13181 = ORIENTED_EDGE('',*,*,#13182,.T.);
#13182 = EDGE_CURVE('',#13183,#4310,#13185,.T.);
#13183 = VERTEX_POINT('',#13184);
#13184 = CARTESIAN_POINT('',(-13.68770650821,-6.571792747982,0.));
#13185 = SURFACE_CURVE('',#13186,(#13190,#13197),.PCURVE_S1.);
#13186 = LINE('',#13187,#13188);
#13187 = CARTESIAN_POINT('',(-13.68770650821,-6.571792747982,0.));
#13188 = VECTOR('',#13189,1.);
#13189 = DIRECTION('',(-0.,-0.,1.));
#13190 = PCURVE('',#4353,#13191);
#13191 = DEFINITIONAL_REPRESENTATION('',(#13192),#13196);
#13192 = LINE('',#13193,#13194);
#13193 = CARTESIAN_POINT('',(0.,0.));
#13194 = VECTOR('',#13195,1.);
#13195 = DIRECTION('',(0.,-1.));
#13196 = ( GEOMETRIC_REPRESENTATION_CONTEXT(2) 
PARAMETRIC_REPRESENTATION_CONTEXT() REPRESENTATION_CONTEXT('2D SPACE',''
  ) );
#13197 = PCURVE('',#4325,#13198);
#13198 = DEFINITIONAL_REPRESENTATION('',(#13199),#13203);
#13199 = LINE('',#13200,#13201);
#13200 = CARTESIAN_POINT('',(0.209290013536,0.));
#13201 = VECTOR('',#13202,1.);
#13202 = DIRECTION('',(0.,-1.));
#13203 = ( GEOMETRIC_REPRESENTATION_CONTEXT(2) 
PARAMETRIC_REPRESENTATION_CONTEXT() REPRESENTATION_CONTEXT('2D SPACE',''
  ) );
#13204 = ORIENTED_EDGE('',*,*,#4337,.T.);
#13205 = ORIENTED_EDGE('',*,*,#13084,.F.);
#13206 = ORIENTED_EDGE('',*,*,#13207,.F.);
#13207 = EDGE_CURVE('',#13183,#13085,#13208,.T.);
#13208 = SURFACE_CURVE('',#13209,(#13213,#13220),.PCURVE_S1.);
#13209 = LINE('',#13210,#13211);
#13210 = CARTESIAN_POINT('',(-13.68770650821,-6.571792747982,0.));
#13211 = VECTOR('',#13212,1.);
#13212 = DIRECTION('',(0.896872741533,-0.442288690219,0.));
#13213 = PCURVE('',#4353,#13214);
#13214 = DEFINITIONAL_REPRESENTATION('',(#13215),#13219);
#13215 = LINE('',#13216,#13217);
#13216 = CARTESIAN_POINT('',(0.,0.));
#13217 = VECTOR('',#13218,1.);
#13218 = DIRECTION('',(1.,0.));
#13219 = ( GEOMETRIC_REPRESENTATION_CONTEXT(2) 
PARAMETRIC_REPRESENTATION_CONTEXT() REPRESENTATION_CONTEXT('2D SPACE',''
  ) );
#13220 = PCURVE('',#12285,#13221);
#13221 = DEFINITIONAL_REPRESENTATION('',(#13222),#13226);
#13222 = LINE('',#13223,#13224);
#13223 = CARTESIAN_POINT('',(-0.612293491784,1.478207252018));
#13224 = VECTOR('',#13225,1.);
#13225 = DIRECTION('',(-0.896872741533,-0.442288690219));
#13226 = ( GEOMETRIC_REPRESENTATION_CONTEXT(2) 
PARAMETRIC_REPRESENTATION_CONTEXT() REPRESENTATION_CONTEXT('2D SPACE',''
  ) );
#13227 = ADVANCED_FACE('',(#13228),#3569,.T.);
#13228 = FACE_BOUND('',#13229,.T.);
#13229 = EDGE_LOOP('',(#13230,#13231,#13232,#13255));
#13230 = ORIENTED_EDGE('',*,*,#13135,.T.);
#13231 = ORIENTED_EDGE('',*,*,#3553,.T.);
#13232 = ORIENTED_EDGE('',*,*,#13233,.F.);
#13233 = EDGE_CURVE('',#13234,#3554,#13236,.T.);
#13234 = VERTEX_POINT('',#13235);
#13235 = CARTESIAN_POINT('',(-14.3,-9.65,0.));
#13236 = SURFACE_CURVE('',#13237,(#13241,#13248),.PCURVE_S1.);
#13237 = LINE('',#13238,#13239);
#13238 = CARTESIAN_POINT('',(-14.3,-9.65,0.));
#13239 = VECTOR('',#13240,1.);
#13240 = DIRECTION('',(-0.,-0.,1.));
#13241 = PCURVE('',#3569,#13242);
#13242 = DEFINITIONAL_REPRESENTATION('',(#13243),#13247);
#13243 = LINE('',#13244,#13245);
#13244 = CARTESIAN_POINT('',(0.209290013536,0.));
#13245 = VECTOR('',#13246,1.);
#13246 = DIRECTION('',(0.,-1.));
#13247 = ( GEOMETRIC_REPRESENTATION_CONTEXT(2) 
PARAMETRIC_REPRESENTATION_CONTEXT() REPRESENTATION_CONTEXT('2D SPACE',''
  ) );
#13248 = PCURVE('',#3597,#13249);
#13249 = DEFINITIONAL_REPRESENTATION('',(#13250),#13254);
#13250 = LINE('',#13251,#13252);
#13251 = CARTESIAN_POINT('',(0.,0.));
#13252 = VECTOR('',#13253,1.);
#13253 = DIRECTION('',(0.,-1.));
#13254 = ( GEOMETRIC_REPRESENTATION_CONTEXT(2) 
PARAMETRIC_REPRESENTATION_CONTEXT() REPRESENTATION_CONTEXT('2D SPACE',''
  ) );
#13255 = ORIENTED_EDGE('',*,*,#13256,.F.);
#13256 = EDGE_CURVE('',#13136,#13234,#13257,.T.);
#13257 = SURFACE_CURVE('',#13258,(#13262,#13269),.PCURVE_S1.);
#13258 = LINE('',#13259,#13260);
#13259 = CARTESIAN_POINT('',(-14.09115809244,-9.636311778198,0.));
#13260 = VECTOR('',#13261,1.);
#13261 = DIRECTION('',(-0.997858923239,-6.540312923014E-02,0.));
#13262 = PCURVE('',#3569,#13263);
#13263 = DEFINITIONAL_REPRESENTATION('',(#13264),#13268);
#13264 = LINE('',#13265,#13266);
#13265 = CARTESIAN_POINT('',(0.,0.));
#13266 = VECTOR('',#13267,1.);
#13267 = DIRECTION('',(1.,0.));
#13268 = ( GEOMETRIC_REPRESENTATION_CONTEXT(2) 
PARAMETRIC_REPRESENTATION_CONTEXT() REPRESENTATION_CONTEXT('2D SPACE',''
  ) );
#13269 = PCURVE('',#12285,#13270);
#13270 = DEFINITIONAL_REPRESENTATION('',(#13271),#13275);
#13271 = LINE('',#13272,#13273);
#13272 = CARTESIAN_POINT('',(-0.208841907552,-1.586311778198));
#13273 = VECTOR('',#13274,1.);
#13274 = DIRECTION('',(0.997858923239,-6.540312923014E-02));
#13275 = ( GEOMETRIC_REPRESENTATION_CONTEXT(2) 
PARAMETRIC_REPRESENTATION_CONTEXT() REPRESENTATION_CONTEXT('2D SPACE',''
  ) );
#13276 = ADVANCED_FACE('',(#13277),#4325,.T.);
#13277 = FACE_BOUND('',#13278,.T.);
#13278 = EDGE_LOOP('',(#13279,#13302,#13303,#13304));
#13279 = ORIENTED_EDGE('',*,*,#13280,.T.);
#13280 = EDGE_CURVE('',#13281,#4282,#13283,.T.);
#13281 = VERTEX_POINT('',#13282);
#13282 = CARTESIAN_POINT('',(-13.88588952783,-6.504518677937,0.));
#13283 = SURFACE_CURVE('',#13284,(#13288,#13295),.PCURVE_S1.);
#13284 = LINE('',#13285,#13286);
#13285 = CARTESIAN_POINT('',(-13.88588952783,-6.504518677937,0.));
#13286 = VECTOR('',#13287,1.);
#13287 = DIRECTION('',(-0.,-0.,1.));
#13288 = PCURVE('',#4325,#13289);
#13289 = DEFINITIONAL_REPRESENTATION('',(#13290),#13294);
#13290 = LINE('',#13291,#13292);
#13291 = CARTESIAN_POINT('',(0.,0.));
#13292 = VECTOR('',#13293,1.);
#13293 = DIRECTION('',(0.,-1.));
#13294 = ( GEOMETRIC_REPRESENTATION_CONTEXT(2) 
PARAMETRIC_REPRESENTATION_CONTEXT() REPRESENTATION_CONTEXT('2D SPACE',''
  ) );
#13295 = PCURVE('',#4297,#13296);
#13296 = DEFINITIONAL_REPRESENTATION('',(#13297),#13301);
#13297 = LINE('',#13298,#13299);
#13298 = CARTESIAN_POINT('',(0.209290013536,0.));
#13299 = VECTOR('',#13300,1.);
#13300 = DIRECTION('',(0.,-1.));
#13301 = ( GEOMETRIC_REPRESENTATION_CONTEXT(2) 
PARAMETRIC_REPRESENTATION_CONTEXT() REPRESENTATION_CONTEXT('2D SPACE',''
  ) );
#13302 = ORIENTED_EDGE('',*,*,#4309,.T.);
#13303 = ORIENTED_EDGE('',*,*,#13182,.F.);
#13304 = ORIENTED_EDGE('',*,*,#13305,.F.);
#13305 = EDGE_CURVE('',#13281,#13183,#13306,.T.);
#13306 = SURFACE_CURVE('',#13307,(#13311,#13318),.PCURVE_S1.);
#13307 = LINE('',#13308,#13309);
#13308 = CARTESIAN_POINT('',(-13.88588952783,-6.504518677937,0.));
#13309 = VECTOR('',#13310,1.);
#13310 = DIRECTION('',(0.946930129495,-0.321439465303,0.));
#13311 = PCURVE('',#4325,#13312);
#13312 = DEFINITIONAL_REPRESENTATION('',(#13313),#13317);
#13313 = LINE('',#13314,#13315);
#13314 = CARTESIAN_POINT('',(0.,0.));
#13315 = VECTOR('',#13316,1.);
#13316 = DIRECTION('',(1.,0.));
#13317 = ( GEOMETRIC_REPRESENTATION_CONTEXT(2) 
PARAMETRIC_REPRESENTATION_CONTEXT() REPRESENTATION_CONTEXT('2D SPACE',''
  ) );
#13318 = PCURVE('',#12285,#13319);
#13319 = DEFINITIONAL_REPRESENTATION('',(#13320),#13324);
#13320 = LINE('',#13321,#13322);
#13321 = CARTESIAN_POINT('',(-0.414110472164,1.545481322063));
#13322 = VECTOR('',#13323,1.);
#13323 = DIRECTION('',(-0.946930129495,-0.321439465303));
#13324 = ( GEOMETRIC_REPRESENTATION_CONTEXT(2) 
PARAMETRIC_REPRESENTATION_CONTEXT() REPRESENTATION_CONTEXT('2D SPACE',''
  ) );
#13325 = ADVANCED_FACE('',(#13326),#3597,.T.);
#13326 = FACE_BOUND('',#13327,.T.);
#13327 = EDGE_LOOP('',(#13328,#13329,#13330,#13353));
#13328 = ORIENTED_EDGE('',*,*,#13233,.T.);
#13329 = ORIENTED_EDGE('',*,*,#3581,.T.);
#13330 = ORIENTED_EDGE('',*,*,#13331,.F.);
#13331 = EDGE_CURVE('',#13332,#3582,#13334,.T.);
#13332 = VERTEX_POINT('',#13333);
#13333 = CARTESIAN_POINT('',(-14.50884190755,-9.636311778198,0.));
#13334 = SURFACE_CURVE('',#13335,(#13339,#13346),.PCURVE_S1.);
#13335 = LINE('',#13336,#13337);
#13336 = CARTESIAN_POINT('',(-14.50884190755,-9.636311778198,0.));
#13337 = VECTOR('',#13338,1.);
#13338 = DIRECTION('',(-0.,-0.,1.));
#13339 = PCURVE('',#3597,#13340);
#13340 = DEFINITIONAL_REPRESENTATION('',(#13341),#13345);
#13341 = LINE('',#13342,#13343);
#13342 = CARTESIAN_POINT('',(0.209290013536,0.));
#13343 = VECTOR('',#13344,1.);
#13344 = DIRECTION('',(0.,-1.));
#13345 = ( GEOMETRIC_REPRESENTATION_CONTEXT(2) 
PARAMETRIC_REPRESENTATION_CONTEXT() REPRESENTATION_CONTEXT('2D SPACE',''
  ) );
#13346 = PCURVE('',#3625,#13347);
#13347 = DEFINITIONAL_REPRESENTATION('',(#13348),#13352);
#13348 = LINE('',#13349,#13350);
#13349 = CARTESIAN_POINT('',(0.,0.));
#13350 = VECTOR('',#13351,1.);
#13351 = DIRECTION('',(0.,-1.));
#13352 = ( GEOMETRIC_REPRESENTATION_CONTEXT(2) 
PARAMETRIC_REPRESENTATION_CONTEXT() REPRESENTATION_CONTEXT('2D SPACE',''
  ) );
#13353 = ORIENTED_EDGE('',*,*,#13354,.F.);
#13354 = EDGE_CURVE('',#13234,#13332,#13355,.T.);
#13355 = SURFACE_CURVE('',#13356,(#13360,#13367),.PCURVE_S1.);
#13356 = LINE('',#13357,#13358);
#13357 = CARTESIAN_POINT('',(-14.3,-9.65,0.));
#13358 = VECTOR('',#13359,1.);
#13359 = DIRECTION('',(-0.997858923239,6.540312923014E-02,0.));
#13360 = PCURVE('',#3597,#13361);
#13361 = DEFINITIONAL_REPRESENTATION('',(#13362),#13366);
#13362 = LINE('',#13363,#13364);
#13363 = CARTESIAN_POINT('',(0.,0.));
#13364 = VECTOR('',#13365,1.);
#13365 = DIRECTION('',(1.,0.));
#13366 = ( GEOMETRIC_REPRESENTATION_CONTEXT(2) 
PARAMETRIC_REPRESENTATION_CONTEXT() REPRESENTATION_CONTEXT('2D SPACE',''
  ) );
#13367 = PCURVE('',#12285,#13368);
#13368 = DEFINITIONAL_REPRESENTATION('',(#13369),#13373);
#13369 = LINE('',#13370,#13371);
#13370 = CARTESIAN_POINT('',(-1.24344978758E-14,-1.6));
#13371 = VECTOR('',#13372,1.);
#13372 = DIRECTION('',(0.997858923239,6.540312923014E-02));
#13373 = ( GEOMETRIC_REPRESENTATION_CONTEXT(2) 
PARAMETRIC_REPRESENTATION_CONTEXT() REPRESENTATION_CONTEXT('2D SPACE',''
  ) );
#13374 = ADVANCED_FACE('',(#13375),#4297,.T.);
#13375 = FACE_BOUND('',#13376,.T.);
#13376 = EDGE_LOOP('',(#13377,#13400,#13401,#13402));
#13377 = ORIENTED_EDGE('',*,*,#13378,.T.);
#13378 = EDGE_CURVE('',#13379,#4254,#13381,.T.);
#13379 = VERTEX_POINT('',#13380);
#13380 = CARTESIAN_POINT('',(-14.09115809244,-6.463688221802,0.));
#13381 = SURFACE_CURVE('',#13382,(#13386,#13393),.PCURVE_S1.);
#13382 = LINE('',#13383,#13384);
#13383 = CARTESIAN_POINT('',(-14.09115809244,-6.463688221802,0.));
#13384 = VECTOR('',#13385,1.);
#13385 = DIRECTION('',(-0.,-0.,1.));
#13386 = PCURVE('',#4297,#13387);
#13387 = DEFINITIONAL_REPRESENTATION('',(#13388),#13392);
#13388 = LINE('',#13389,#13390);
#13389 = CARTESIAN_POINT('',(0.,0.));
#13390 = VECTOR('',#13391,1.);
#13391 = DIRECTION('',(0.,-1.));
#13392 = ( GEOMETRIC_REPRESENTATION_CONTEXT(2) 
PARAMETRIC_REPRESENTATION_CONTEXT() REPRESENTATION_CONTEXT('2D SPACE',''
  ) );
#13393 = PCURVE('',#4269,#13394);
#13394 = DEFINITIONAL_REPRESENTATION('',(#13395),#13399);
#13395 = LINE('',#13396,#13397);
#13396 = CARTESIAN_POINT('',(0.209290013536,0.));
#13397 = VECTOR('',#13398,1.);
#13398 = DIRECTION('',(0.,-1.));
#13399 = ( GEOMETRIC_REPRESENTATION_CONTEXT(2) 
PARAMETRIC_REPRESENTATION_CONTEXT() REPRESENTATION_CONTEXT('2D SPACE',''
  ) );
#13400 = ORIENTED_EDGE('',*,*,#4281,.T.);
#13401 = ORIENTED_EDGE('',*,*,#13280,.F.);
#13402 = ORIENTED_EDGE('',*,*,#13403,.F.);
#13403 = EDGE_CURVE('',#13379,#13281,#13404,.T.);
#13404 = SURFACE_CURVE('',#13405,(#13409,#13416),.PCURVE_S1.);
#13405 = LINE('',#13406,#13407);
#13406 = CARTESIAN_POINT('',(-14.09115809244,-6.463688221802,0.));
#13407 = VECTOR('',#13408,1.);
#13408 = DIRECTION('',(0.980785280403,-0.195090322016,0.));
#13409 = PCURVE('',#4297,#13410);
#13410 = DEFINITIONAL_REPRESENTATION('',(#13411),#13415);
#13411 = LINE('',#13412,#13413);
#13412 = CARTESIAN_POINT('',(0.,0.));
#13413 = VECTOR('',#13414,1.);
#13414 = DIRECTION('',(1.,0.));
#13415 = ( GEOMETRIC_REPRESENTATION_CONTEXT(2) 
PARAMETRIC_REPRESENTATION_CONTEXT() REPRESENTATION_CONTEXT('2D SPACE',''
  ) );
#13416 = PCURVE('',#12285,#13417);
#13417 = DEFINITIONAL_REPRESENTATION('',(#13418),#13422);
#13418 = LINE('',#13419,#13420);
#13419 = CARTESIAN_POINT('',(-0.208841907552,1.586311778198));
#13420 = VECTOR('',#13421,1.);
#13421 = DIRECTION('',(-0.980785280403,-0.195090322016));
#13422 = ( GEOMETRIC_REPRESENTATION_CONTEXT(2) 
PARAMETRIC_REPRESENTATION_CONTEXT() REPRESENTATION_CONTEXT('2D SPACE',''
  ) );
#13423 = ADVANCED_FACE('',(#13424),#3625,.T.);
#13424 = FACE_BOUND('',#13425,.T.);
#13425 = EDGE_LOOP('',(#13426,#13427,#13428,#13451));
#13426 = ORIENTED_EDGE('',*,*,#13331,.T.);
#13427 = ORIENTED_EDGE('',*,*,#3609,.T.);
#13428 = ORIENTED_EDGE('',*,*,#13429,.F.);
#13429 = EDGE_CURVE('',#13430,#3610,#13432,.T.);
#13430 = VERTEX_POINT('',#13431);
#13431 = CARTESIAN_POINT('',(-14.71411047216,-9.595481322063,0.));
#13432 = SURFACE_CURVE('',#13433,(#13437,#13444),.PCURVE_S1.);
#13433 = LINE('',#13434,#13435);
#13434 = CARTESIAN_POINT('',(-14.71411047216,-9.595481322063,0.));
#13435 = VECTOR('',#13436,1.);
#13436 = DIRECTION('',(-0.,-0.,1.));
#13437 = PCURVE('',#3625,#13438);
#13438 = DEFINITIONAL_REPRESENTATION('',(#13439),#13443);
#13439 = LINE('',#13440,#13441);
#13440 = CARTESIAN_POINT('',(0.209290013536,0.));
#13441 = VECTOR('',#13442,1.);
#13442 = DIRECTION('',(0.,-1.));
#13443 = ( GEOMETRIC_REPRESENTATION_CONTEXT(2) 
PARAMETRIC_REPRESENTATION_CONTEXT() REPRESENTATION_CONTEXT('2D SPACE',''
  ) );
#13444 = PCURVE('',#3653,#13445);
#13445 = DEFINITIONAL_REPRESENTATION('',(#13446),#13450);
#13446 = LINE('',#13447,#13448);
#13447 = CARTESIAN_POINT('',(0.,0.));
#13448 = VECTOR('',#13449,1.);
#13449 = DIRECTION('',(0.,-1.));
#13450 = ( GEOMETRIC_REPRESENTATION_CONTEXT(2) 
PARAMETRIC_REPRESENTATION_CONTEXT() REPRESENTATION_CONTEXT('2D SPACE',''
  ) );
#13451 = ORIENTED_EDGE('',*,*,#13452,.F.);
#13452 = EDGE_CURVE('',#13332,#13430,#13453,.T.);
#13453 = SURFACE_CURVE('',#13454,(#13458,#13465),.PCURVE_S1.);
#13454 = LINE('',#13455,#13456);
#13455 = CARTESIAN_POINT('',(-14.50884190755,-9.636311778198,0.));
#13456 = VECTOR('',#13457,1.);
#13457 = DIRECTION('',(-0.980785280403,0.195090322016,0.));
#13458 = PCURVE('',#3625,#13459);
#13459 = DEFINITIONAL_REPRESENTATION('',(#13460),#13464);
#13460 = LINE('',#13461,#13462);
#13461 = CARTESIAN_POINT('',(0.,0.));
#13462 = VECTOR('',#13463,1.);
#13463 = DIRECTION('',(1.,0.));
#13464 = ( GEOMETRIC_REPRESENTATION_CONTEXT(2) 
PARAMETRIC_REPRESENTATION_CONTEXT() REPRESENTATION_CONTEXT('2D SPACE',''
  ) );
#13465 = PCURVE('',#12285,#13466);
#13466 = DEFINITIONAL_REPRESENTATION('',(#13467),#13471);
#13467 = LINE('',#13468,#13469);
#13468 = CARTESIAN_POINT('',(0.208841907552,-1.586311778198));
#13469 = VECTOR('',#13470,1.);
#13470 = DIRECTION('',(0.980785280403,0.195090322016));
#13471 = ( GEOMETRIC_REPRESENTATION_CONTEXT(2) 
PARAMETRIC_REPRESENTATION_CONTEXT() REPRESENTATION_CONTEXT('2D SPACE',''
  ) );
#13472 = ADVANCED_FACE('',(#13473),#4269,.T.);
#13473 = FACE_BOUND('',#13474,.T.);
#13474 = EDGE_LOOP('',(#13475,#13498,#13499,#13500));
#13475 = ORIENTED_EDGE('',*,*,#13476,.T.);
#13476 = EDGE_CURVE('',#13477,#4226,#13479,.T.);
#13477 = VERTEX_POINT('',#13478);
#13478 = CARTESIAN_POINT('',(-14.3,-6.45,0.));
#13479 = SURFACE_CURVE('',#13480,(#13484,#13491),.PCURVE_S1.);
#13480 = LINE('',#13481,#13482);
#13481 = CARTESIAN_POINT('',(-14.3,-6.45,0.));
#13482 = VECTOR('',#13483,1.);
#13483 = DIRECTION('',(-0.,-0.,1.));
#13484 = PCURVE('',#4269,#13485);
#13485 = DEFINITIONAL_REPRESENTATION('',(#13486),#13490);
#13486 = LINE('',#13487,#13488);
#13487 = CARTESIAN_POINT('',(0.,0.));
#13488 = VECTOR('',#13489,1.);
#13489 = DIRECTION('',(0.,-1.));
#13490 = ( GEOMETRIC_REPRESENTATION_CONTEXT(2) 
PARAMETRIC_REPRESENTATION_CONTEXT() REPRESENTATION_CONTEXT('2D SPACE',''
  ) );
#13491 = PCURVE('',#4241,#13492);
#13492 = DEFINITIONAL_REPRESENTATION('',(#13493),#13497);
#13493 = LINE('',#13494,#13495);
#13494 = CARTESIAN_POINT('',(0.209290013536,0.));
#13495 = VECTOR('',#13496,1.);
#13496 = DIRECTION('',(0.,-1.));
#13497 = ( GEOMETRIC_REPRESENTATION_CONTEXT(2) 
PARAMETRIC_REPRESENTATION_CONTEXT() REPRESENTATION_CONTEXT('2D SPACE',''
  ) );
#13498 = ORIENTED_EDGE('',*,*,#4253,.T.);
#13499 = ORIENTED_EDGE('',*,*,#13378,.F.);
#13500 = ORIENTED_EDGE('',*,*,#13501,.F.);
#13501 = EDGE_CURVE('',#13477,#13379,#13502,.T.);
#13502 = SURFACE_CURVE('',#13503,(#13507,#13514),.PCURVE_S1.);
#13503 = LINE('',#13504,#13505);
#13504 = CARTESIAN_POINT('',(-14.3,-6.45,0.));
#13505 = VECTOR('',#13506,1.);
#13506 = DIRECTION('',(0.997858923239,-6.540312923014E-02,0.));
#13507 = PCURVE('',#4269,#13508);
#13508 = DEFINITIONAL_REPRESENTATION('',(#13509),#13513);
#13509 = LINE('',#13510,#13511);
#13510 = CARTESIAN_POINT('',(0.,0.));
#13511 = VECTOR('',#13512,1.);
#13512 = DIRECTION('',(1.,0.));
#13513 = ( GEOMETRIC_REPRESENTATION_CONTEXT(2) 
PARAMETRIC_REPRESENTATION_CONTEXT() REPRESENTATION_CONTEXT('2D SPACE',''
  ) );
#13514 = PCURVE('',#12285,#13515);
#13515 = DEFINITIONAL_REPRESENTATION('',(#13516),#13520);
#13516 = LINE('',#13517,#13518);
#13517 = CARTESIAN_POINT('',(-1.24344978758E-14,1.6));
#13518 = VECTOR('',#13519,1.);
#13519 = DIRECTION('',(-0.997858923239,-6.540312923014E-02));
#13520 = ( GEOMETRIC_REPRESENTATION_CONTEXT(2) 
PARAMETRIC_REPRESENTATION_CONTEXT() REPRESENTATION_CONTEXT('2D SPACE',''
  ) );
#13521 = ADVANCED_FACE('',(#13522),#3653,.T.);
#13522 = FACE_BOUND('',#13523,.T.);
#13523 = EDGE_LOOP('',(#13524,#13525,#13526,#13549));
#13524 = ORIENTED_EDGE('',*,*,#13429,.T.);
#13525 = ORIENTED_EDGE('',*,*,#3637,.T.);
#13526 = ORIENTED_EDGE('',*,*,#13527,.F.);
#13527 = EDGE_CURVE('',#13528,#3638,#13530,.T.);
#13528 = VERTEX_POINT('',#13529);
#13529 = CARTESIAN_POINT('',(-14.91229349178,-9.528207252018,0.));
#13530 = SURFACE_CURVE('',#13531,(#13535,#13542),.PCURVE_S1.);
#13531 = LINE('',#13532,#13533);
#13532 = CARTESIAN_POINT('',(-14.91229349178,-9.528207252018,0.));
#13533 = VECTOR('',#13534,1.);
#13534 = DIRECTION('',(-0.,-0.,1.));
#13535 = PCURVE('',#3653,#13536);
#13536 = DEFINITIONAL_REPRESENTATION('',(#13537),#13541);
#13537 = LINE('',#13538,#13539);
#13538 = CARTESIAN_POINT('',(0.209290013536,0.));
#13539 = VECTOR('',#13540,1.);
#13540 = DIRECTION('',(0.,-1.));
#13541 = ( GEOMETRIC_REPRESENTATION_CONTEXT(2) 
PARAMETRIC_REPRESENTATION_CONTEXT() REPRESENTATION_CONTEXT('2D SPACE',''
  ) );
#13542 = PCURVE('',#3681,#13543);
#13543 = DEFINITIONAL_REPRESENTATION('',(#13544),#13548);
#13544 = LINE('',#13545,#13546);
#13545 = CARTESIAN_POINT('',(0.,0.));
#13546 = VECTOR('',#13547,1.);
#13547 = DIRECTION('',(0.,-1.));
#13548 = ( GEOMETRIC_REPRESENTATION_CONTEXT(2) 
PARAMETRIC_REPRESENTATION_CONTEXT() REPRESENTATION_CONTEXT('2D SPACE',''
  ) );
#13549 = ORIENTED_EDGE('',*,*,#13550,.F.);
#13550 = EDGE_CURVE('',#13430,#13528,#13551,.T.);
#13551 = SURFACE_CURVE('',#13552,(#13556,#13563),.PCURVE_S1.);
#13552 = LINE('',#13553,#13554);
#13553 = CARTESIAN_POINT('',(-14.71411047216,-9.595481322063,0.));
#13554 = VECTOR('',#13555,1.);
#13555 = DIRECTION('',(-0.946930129495,0.321439465303,0.));
#13556 = PCURVE('',#3653,#13557);
#13557 = DEFINITIONAL_REPRESENTATION('',(#13558),#13562);
#13558 = LINE('',#13559,#13560);
#13559 = CARTESIAN_POINT('',(0.,0.));
#13560 = VECTOR('',#13561,1.);
#13561 = DIRECTION('',(1.,0.));
#13562 = ( GEOMETRIC_REPRESENTATION_CONTEXT(2) 
PARAMETRIC_REPRESENTATION_CONTEXT() REPRESENTATION_CONTEXT('2D SPACE',''
  ) );
#13563 = PCURVE('',#12285,#13564);
#13564 = DEFINITIONAL_REPRESENTATION('',(#13565),#13569);
#13565 = LINE('',#13566,#13567);
#13566 = CARTESIAN_POINT('',(0.414110472164,-1.545481322063));
#13567 = VECTOR('',#13568,1.);
#13568 = DIRECTION('',(0.946930129495,0.321439465303));
#13569 = ( GEOMETRIC_REPRESENTATION_CONTEXT(2) 
PARAMETRIC_REPRESENTATION_CONTEXT() REPRESENTATION_CONTEXT('2D SPACE',''
  ) );
#13570 = ADVANCED_FACE('',(#13571),#4241,.T.);
#13571 = FACE_BOUND('',#13572,.T.);
#13572 = EDGE_LOOP('',(#13573,#13596,#13597,#13598));
#13573 = ORIENTED_EDGE('',*,*,#13574,.T.);
#13574 = EDGE_CURVE('',#13575,#4198,#13577,.T.);
#13575 = VERTEX_POINT('',#13576);
#13576 = CARTESIAN_POINT('',(-14.50884190755,-6.463688221802,0.));
#13577 = SURFACE_CURVE('',#13578,(#13582,#13589),.PCURVE_S1.);
#13578 = LINE('',#13579,#13580);
#13579 = CARTESIAN_POINT('',(-14.50884190755,-6.463688221802,0.));
#13580 = VECTOR('',#13581,1.);
#13581 = DIRECTION('',(-0.,-0.,1.));
#13582 = PCURVE('',#4241,#13583);
#13583 = DEFINITIONAL_REPRESENTATION('',(#13584),#13588);
#13584 = LINE('',#13585,#13586);
#13585 = CARTESIAN_POINT('',(0.,0.));
#13586 = VECTOR('',#13587,1.);
#13587 = DIRECTION('',(0.,-1.));
#13588 = ( GEOMETRIC_REPRESENTATION_CONTEXT(2) 
PARAMETRIC_REPRESENTATION_CONTEXT() REPRESENTATION_CONTEXT('2D SPACE',''
  ) );
#13589 = PCURVE('',#4213,#13590);
#13590 = DEFINITIONAL_REPRESENTATION('',(#13591),#13595);
#13591 = LINE('',#13592,#13593);
#13592 = CARTESIAN_POINT('',(0.209290013536,0.));
#13593 = VECTOR('',#13594,1.);
#13594 = DIRECTION('',(0.,-1.));
#13595 = ( GEOMETRIC_REPRESENTATION_CONTEXT(2) 
PARAMETRIC_REPRESENTATION_CONTEXT() REPRESENTATION_CONTEXT('2D SPACE',''
  ) );
#13596 = ORIENTED_EDGE('',*,*,#4225,.T.);
#13597 = ORIENTED_EDGE('',*,*,#13476,.F.);
#13598 = ORIENTED_EDGE('',*,*,#13599,.F.);
#13599 = EDGE_CURVE('',#13575,#13477,#13600,.T.);
#13600 = SURFACE_CURVE('',#13601,(#13605,#13612),.PCURVE_S1.);
#13601 = LINE('',#13602,#13603);
#13602 = CARTESIAN_POINT('',(-14.50884190755,-6.463688221802,0.));
#13603 = VECTOR('',#13604,1.);
#13604 = DIRECTION('',(0.997858923239,6.540312923014E-02,0.));
#13605 = PCURVE('',#4241,#13606);
#13606 = DEFINITIONAL_REPRESENTATION('',(#13607),#13611);
#13607 = LINE('',#13608,#13609);
#13608 = CARTESIAN_POINT('',(0.,0.));
#13609 = VECTOR('',#13610,1.);
#13610 = DIRECTION('',(1.,0.));
#13611 = ( GEOMETRIC_REPRESENTATION_CONTEXT(2) 
PARAMETRIC_REPRESENTATION_CONTEXT() REPRESENTATION_CONTEXT('2D SPACE',''
  ) );
#13612 = PCURVE('',#12285,#13613);
#13613 = DEFINITIONAL_REPRESENTATION('',(#13614),#13618);
#13614 = LINE('',#13615,#13616);
#13615 = CARTESIAN_POINT('',(0.208841907552,1.586311778198));
#13616 = VECTOR('',#13617,1.);
#13617 = DIRECTION('',(-0.997858923239,6.540312923014E-02));
#13618 = ( GEOMETRIC_REPRESENTATION_CONTEXT(2) 
PARAMETRIC_REPRESENTATION_CONTEXT() REPRESENTATION_CONTEXT('2D SPACE',''
  ) );
#13619 = ADVANCED_FACE('',(#13620),#3681,.T.);
#13620 = FACE_BOUND('',#13621,.T.);
#13621 = EDGE_LOOP('',(#13622,#13623,#13624,#13647));
#13622 = ORIENTED_EDGE('',*,*,#13527,.T.);
#13623 = ORIENTED_EDGE('',*,*,#3665,.T.);
#13624 = ORIENTED_EDGE('',*,*,#13625,.F.);
#13625 = EDGE_CURVE('',#13626,#3666,#13628,.T.);
#13626 = VERTEX_POINT('',#13627);
#13627 = CARTESIAN_POINT('',(-15.1,-9.435640646055,0.));
#13628 = SURFACE_CURVE('',#13629,(#13633,#13640),.PCURVE_S1.);
#13629 = LINE('',#13630,#13631);
#13630 = CARTESIAN_POINT('',(-15.1,-9.435640646055,0.));
#13631 = VECTOR('',#13632,1.);
#13632 = DIRECTION('',(-0.,-0.,1.));
#13633 = PCURVE('',#3681,#13634);
#13634 = DEFINITIONAL_REPRESENTATION('',(#13635),#13639);
#13635 = LINE('',#13636,#13637);
#13636 = CARTESIAN_POINT('',(0.209290013536,0.));
#13637 = VECTOR('',#13638,1.);
#13638 = DIRECTION('',(0.,-1.));
#13639 = ( GEOMETRIC_REPRESENTATION_CONTEXT(2) 
PARAMETRIC_REPRESENTATION_CONTEXT() REPRESENTATION_CONTEXT('2D SPACE',''
  ) );
#13640 = PCURVE('',#3709,#13641);
#13641 = DEFINITIONAL_REPRESENTATION('',(#13642),#13646);
#13642 = LINE('',#13643,#13644);
#13643 = CARTESIAN_POINT('',(0.,0.));
#13644 = VECTOR('',#13645,1.);
#13645 = DIRECTION('',(0.,-1.));
#13646 = ( GEOMETRIC_REPRESENTATION_CONTEXT(2) 
PARAMETRIC_REPRESENTATION_CONTEXT() REPRESENTATION_CONTEXT('2D SPACE',''
  ) );
#13647 = ORIENTED_EDGE('',*,*,#13648,.F.);
#13648 = EDGE_CURVE('',#13528,#13626,#13649,.T.);
#13649 = SURFACE_CURVE('',#13650,(#13654,#13661),.PCURVE_S1.);
#13650 = LINE('',#13651,#13652);
#13651 = CARTESIAN_POINT('',(-14.91229349178,-9.528207252018,0.));
#13652 = VECTOR('',#13653,1.);
#13653 = DIRECTION('',(-0.896872741533,0.442288690219,0.));
#13654 = PCURVE('',#3681,#13655);
#13655 = DEFINITIONAL_REPRESENTATION('',(#13656),#13660);
#13656 = LINE('',#13657,#13658);
#13657 = CARTESIAN_POINT('',(0.,0.));
#13658 = VECTOR('',#13659,1.);
#13659 = DIRECTION('',(1.,0.));
#13660 = ( GEOMETRIC_REPRESENTATION_CONTEXT(2) 
PARAMETRIC_REPRESENTATION_CONTEXT() REPRESENTATION_CONTEXT('2D SPACE',''
  ) );
#13661 = PCURVE('',#12285,#13662);
#13662 = DEFINITIONAL_REPRESENTATION('',(#13663),#13667);
#13663 = LINE('',#13664,#13665);
#13664 = CARTESIAN_POINT('',(0.612293491784,-1.478207252018));
#13665 = VECTOR('',#13666,1.);
#13666 = DIRECTION('',(0.896872741533,0.442288690219));
#13667 = ( GEOMETRIC_REPRESENTATION_CONTEXT(2) 
PARAMETRIC_REPRESENTATION_CONTEXT() REPRESENTATION_CONTEXT('2D SPACE',''
  ) );
#13668 = ADVANCED_FACE('',(#13669),#4213,.T.);
#13669 = FACE_BOUND('',#13670,.T.);
#13670 = EDGE_LOOP('',(#13671,#13694,#13695,#13696));
#13671 = ORIENTED_EDGE('',*,*,#13672,.T.);
#13672 = EDGE_CURVE('',#13673,#4170,#13675,.T.);
#13673 = VERTEX_POINT('',#13674);
#13674 = CARTESIAN_POINT('',(-14.71411047216,-6.504518677937,0.));
#13675 = SURFACE_CURVE('',#13676,(#13680,#13687),.PCURVE_S1.);
#13676 = LINE('',#13677,#13678);
#13677 = CARTESIAN_POINT('',(-14.71411047216,-6.504518677937,0.));
#13678 = VECTOR('',#13679,1.);
#13679 = DIRECTION('',(-0.,-0.,1.));
#13680 = PCURVE('',#4213,#13681);
#13681 = DEFINITIONAL_REPRESENTATION('',(#13682),#13686);
#13682 = LINE('',#13683,#13684);
#13683 = CARTESIAN_POINT('',(0.,0.));
#13684 = VECTOR('',#13685,1.);
#13685 = DIRECTION('',(0.,-1.));
#13686 = ( GEOMETRIC_REPRESENTATION_CONTEXT(2) 
PARAMETRIC_REPRESENTATION_CONTEXT() REPRESENTATION_CONTEXT('2D SPACE',''
  ) );
#13687 = PCURVE('',#4185,#13688);
#13688 = DEFINITIONAL_REPRESENTATION('',(#13689),#13693);
#13689 = LINE('',#13690,#13691);
#13690 = CARTESIAN_POINT('',(0.209290013536,0.));
#13691 = VECTOR('',#13692,1.);
#13692 = DIRECTION('',(0.,-1.));
#13693 = ( GEOMETRIC_REPRESENTATION_CONTEXT(2) 
PARAMETRIC_REPRESENTATION_CONTEXT() REPRESENTATION_CONTEXT('2D SPACE',''
  ) );
#13694 = ORIENTED_EDGE('',*,*,#4197,.T.);
#13695 = ORIENTED_EDGE('',*,*,#13574,.F.);
#13696 = ORIENTED_EDGE('',*,*,#13697,.F.);
#13697 = EDGE_CURVE('',#13673,#13575,#13698,.T.);
#13698 = SURFACE_CURVE('',#13699,(#13703,#13710),.PCURVE_S1.);
#13699 = LINE('',#13700,#13701);
#13700 = CARTESIAN_POINT('',(-14.71411047216,-6.504518677937,0.));
#13701 = VECTOR('',#13702,1.);
#13702 = DIRECTION('',(0.980785280403,0.195090322016,0.));
#13703 = PCURVE('',#4213,#13704);
#13704 = DEFINITIONAL_REPRESENTATION('',(#13705),#13709);
#13705 = LINE('',#13706,#13707);
#13706 = CARTESIAN_POINT('',(0.,0.));
#13707 = VECTOR('',#13708,1.);
#13708 = DIRECTION('',(1.,0.));
#13709 = ( GEOMETRIC_REPRESENTATION_CONTEXT(2) 
PARAMETRIC_REPRESENTATION_CONTEXT() REPRESENTATION_CONTEXT('2D SPACE',''
  ) );
#13710 = PCURVE('',#12285,#13711);
#13711 = DEFINITIONAL_REPRESENTATION('',(#13712),#13716);
#13712 = LINE('',#13713,#13714);
#13713 = CARTESIAN_POINT('',(0.414110472164,1.545481322063));
#13714 = VECTOR('',#13715,1.);
#13715 = DIRECTION('',(-0.980785280403,0.195090322016));
#13716 = ( GEOMETRIC_REPRESENTATION_CONTEXT(2) 
PARAMETRIC_REPRESENTATION_CONTEXT() REPRESENTATION_CONTEXT('2D SPACE',''
  ) );
#13717 = ADVANCED_FACE('',(#13718),#3709,.T.);
#13718 = FACE_BOUND('',#13719,.T.);
#13719 = EDGE_LOOP('',(#13720,#13721,#13722,#13745));
#13720 = ORIENTED_EDGE('',*,*,#13625,.T.);
#13721 = ORIENTED_EDGE('',*,*,#3693,.T.);
#13722 = ORIENTED_EDGE('',*,*,#13723,.F.);
#13723 = EDGE_CURVE('',#13724,#3694,#13726,.T.);
#13724 = VERTEX_POINT('',#13725);
#13725 = CARTESIAN_POINT('',(-15.27401828641,-9.319365344466,0.));
#13726 = SURFACE_CURVE('',#13727,(#13731,#13738),.PCURVE_S1.);
#13727 = LINE('',#13728,#13729);
#13728 = CARTESIAN_POINT('',(-15.27401828641,-9.319365344466,0.));
#13729 = VECTOR('',#13730,1.);
#13730 = DIRECTION('',(-0.,-0.,1.));
#13731 = PCURVE('',#3709,#13732);
#13732 = DEFINITIONAL_REPRESENTATION('',(#13733),#13737);
#13733 = LINE('',#13734,#13735);
#13734 = CARTESIAN_POINT('',(0.209290013536,0.));
#13735 = VECTOR('',#13736,1.);
#13736 = DIRECTION('',(0.,-1.));
#13737 = ( GEOMETRIC_REPRESENTATION_CONTEXT(2) 
PARAMETRIC_REPRESENTATION_CONTEXT() REPRESENTATION_CONTEXT('2D SPACE',''
  ) );
#13738 = PCURVE('',#3737,#13739);
#13739 = DEFINITIONAL_REPRESENTATION('',(#13740),#13744);
#13740 = LINE('',#13741,#13742);
#13741 = CARTESIAN_POINT('',(0.,0.));
#13742 = VECTOR('',#13743,1.);
#13743 = DIRECTION('',(0.,-1.));
#13744 = ( GEOMETRIC_REPRESENTATION_CONTEXT(2) 
PARAMETRIC_REPRESENTATION_CONTEXT() REPRESENTATION_CONTEXT('2D SPACE',''
  ) );
#13745 = ORIENTED_EDGE('',*,*,#13746,.F.);
#13746 = EDGE_CURVE('',#13626,#13724,#13747,.T.);
#13747 = SURFACE_CURVE('',#13748,(#13752,#13759),.PCURVE_S1.);
#13748 = LINE('',#13749,#13750);
#13749 = CARTESIAN_POINT('',(-15.1,-9.435640646055,0.));
#13750 = VECTOR('',#13751,1.);
#13751 = DIRECTION('',(-0.831469612303,0.55557023302,0.));
#13752 = PCURVE('',#3709,#13753);
#13753 = DEFINITIONAL_REPRESENTATION('',(#13754),#13758);
#13754 = LINE('',#13755,#13756);
#13755 = CARTESIAN_POINT('',(0.,0.));
#13756 = VECTOR('',#13757,1.);
#13757 = DIRECTION('',(1.,0.));
#13758 = ( GEOMETRIC_REPRESENTATION_CONTEXT(2) 
PARAMETRIC_REPRESENTATION_CONTEXT() REPRESENTATION_CONTEXT('2D SPACE',''
  ) );
#13759 = PCURVE('',#12285,#13760);
#13760 = DEFINITIONAL_REPRESENTATION('',(#13761),#13765);
#13761 = LINE('',#13762,#13763);
#13762 = CARTESIAN_POINT('',(0.8,-1.385640646055));
#13763 = VECTOR('',#13764,1.);
#13764 = DIRECTION('',(0.831469612303,0.55557023302));
#13765 = ( GEOMETRIC_REPRESENTATION_CONTEXT(2) 
PARAMETRIC_REPRESENTATION_CONTEXT() REPRESENTATION_CONTEXT('2D SPACE',''
  ) );
#13766 = ADVANCED_FACE('',(#13767),#4185,.T.);
#13767 = FACE_BOUND('',#13768,.T.);
#13768 = EDGE_LOOP('',(#13769,#13792,#13793,#13794));
#13769 = ORIENTED_EDGE('',*,*,#13770,.T.);
#13770 = EDGE_CURVE('',#13771,#4142,#13773,.T.);
#13771 = VERTEX_POINT('',#13772);
#13772 = CARTESIAN_POINT('',(-14.91229349178,-6.571792747982,0.));
#13773 = SURFACE_CURVE('',#13774,(#13778,#13785),.PCURVE_S1.);
#13774 = LINE('',#13775,#13776);
#13775 = CARTESIAN_POINT('',(-14.91229349178,-6.571792747982,0.));
#13776 = VECTOR('',#13777,1.);
#13777 = DIRECTION('',(-0.,-0.,1.));
#13778 = PCURVE('',#4185,#13779);
#13779 = DEFINITIONAL_REPRESENTATION('',(#13780),#13784);
#13780 = LINE('',#13781,#13782);
#13781 = CARTESIAN_POINT('',(0.,0.));
#13782 = VECTOR('',#13783,1.);
#13783 = DIRECTION('',(0.,-1.));
#13784 = ( GEOMETRIC_REPRESENTATION_CONTEXT(2) 
PARAMETRIC_REPRESENTATION_CONTEXT() REPRESENTATION_CONTEXT('2D SPACE',''
  ) );
#13785 = PCURVE('',#4157,#13786);
#13786 = DEFINITIONAL_REPRESENTATION('',(#13787),#13791);
#13787 = LINE('',#13788,#13789);
#13788 = CARTESIAN_POINT('',(0.209290013536,0.));
#13789 = VECTOR('',#13790,1.);
#13790 = DIRECTION('',(0.,-1.));
#13791 = ( GEOMETRIC_REPRESENTATION_CONTEXT(2) 
PARAMETRIC_REPRESENTATION_CONTEXT() REPRESENTATION_CONTEXT('2D SPACE',''
  ) );
#13792 = ORIENTED_EDGE('',*,*,#4169,.T.);
#13793 = ORIENTED_EDGE('',*,*,#13672,.F.);
#13794 = ORIENTED_EDGE('',*,*,#13795,.F.);
#13795 = EDGE_CURVE('',#13771,#13673,#13796,.T.);
#13796 = SURFACE_CURVE('',#13797,(#13801,#13808),.PCURVE_S1.);
#13797 = LINE('',#13798,#13799);
#13798 = CARTESIAN_POINT('',(-14.91229349178,-6.571792747982,0.));
#13799 = VECTOR('',#13800,1.);
#13800 = DIRECTION('',(0.946930129495,0.321439465303,0.));
#13801 = PCURVE('',#4185,#13802);
#13802 = DEFINITIONAL_REPRESENTATION('',(#13803),#13807);
#13803 = LINE('',#13804,#13805);
#13804 = CARTESIAN_POINT('',(0.,0.));
#13805 = VECTOR('',#13806,1.);
#13806 = DIRECTION('',(1.,0.));
#13807 = ( GEOMETRIC_REPRESENTATION_CONTEXT(2) 
PARAMETRIC_REPRESENTATION_CONTEXT() REPRESENTATION_CONTEXT('2D SPACE',''
  ) );
#13808 = PCURVE('',#12285,#13809);
#13809 = DEFINITIONAL_REPRESENTATION('',(#13810),#13814);
#13810 = LINE('',#13811,#13812);
#13811 = CARTESIAN_POINT('',(0.612293491784,1.478207252018));
#13812 = VECTOR('',#13813,1.);
#13813 = DIRECTION('',(-0.946930129495,0.321439465303));
#13814 = ( GEOMETRIC_REPRESENTATION_CONTEXT(2) 
PARAMETRIC_REPRESENTATION_CONTEXT() REPRESENTATION_CONTEXT('2D SPACE',''
  ) );
#13815 = ADVANCED_FACE('',(#13816),#3737,.T.);
#13816 = FACE_BOUND('',#13817,.T.);
#13817 = EDGE_LOOP('',(#13818,#13819,#13820,#13843));
#13818 = ORIENTED_EDGE('',*,*,#13723,.T.);
#13819 = ORIENTED_EDGE('',*,*,#3721,.T.);
#13820 = ORIENTED_EDGE('',*,*,#13821,.F.);
#13821 = EDGE_CURVE('',#13822,#3722,#13824,.T.);
#13822 = VERTEX_POINT('',#13823);
#13823 = CARTESIAN_POINT('',(-15.43137084989,-9.181370849898,0.));
#13824 = SURFACE_CURVE('',#13825,(#13829,#13836),.PCURVE_S1.);
#13825 = LINE('',#13826,#13827);
#13826 = CARTESIAN_POINT('',(-15.43137084989,-9.181370849898,0.));
#13827 = VECTOR('',#13828,1.);
#13828 = DIRECTION('',(-0.,-0.,1.));
#13829 = PCURVE('',#3737,#13830);
#13830 = DEFINITIONAL_REPRESENTATION('',(#13831),#13835);
#13831 = LINE('',#13832,#13833);
#13832 = CARTESIAN_POINT('',(0.209290013536,0.));
#13833 = VECTOR('',#13834,1.);
#13834 = DIRECTION('',(0.,-1.));
#13835 = ( GEOMETRIC_REPRESENTATION_CONTEXT(2) 
PARAMETRIC_REPRESENTATION_CONTEXT() REPRESENTATION_CONTEXT('2D SPACE',''
  ) );
#13836 = PCURVE('',#3765,#13837);
#13837 = DEFINITIONAL_REPRESENTATION('',(#13838),#13842);
#13838 = LINE('',#13839,#13840);
#13839 = CARTESIAN_POINT('',(0.,0.));
#13840 = VECTOR('',#13841,1.);
#13841 = DIRECTION('',(0.,-1.));
#13842 = ( GEOMETRIC_REPRESENTATION_CONTEXT(2) 
PARAMETRIC_REPRESENTATION_CONTEXT() REPRESENTATION_CONTEXT('2D SPACE',''
  ) );
#13843 = ORIENTED_EDGE('',*,*,#13844,.F.);
#13844 = EDGE_CURVE('',#13724,#13822,#13845,.T.);
#13845 = SURFACE_CURVE('',#13846,(#13850,#13857),.PCURVE_S1.);
#13846 = LINE('',#13847,#13848);
#13847 = CARTESIAN_POINT('',(-15.27401828641,-9.319365344466,0.));
#13848 = VECTOR('',#13849,1.);
#13849 = DIRECTION('',(-0.751839807479,0.6593458151,0.));
#13850 = PCURVE('',#3737,#13851);
#13851 = DEFINITIONAL_REPRESENTATION('',(#13852),#13856);
#13852 = LINE('',#13853,#13854);
#13853 = CARTESIAN_POINT('',(0.,0.));
#13854 = VECTOR('',#13855,1.);
#13855 = DIRECTION('',(1.,0.));
#13856 = ( GEOMETRIC_REPRESENTATION_CONTEXT(2) 
PARAMETRIC_REPRESENTATION_CONTEXT() REPRESENTATION_CONTEXT('2D SPACE',''
  ) );
#13857 = PCURVE('',#12285,#13858);
#13858 = DEFINITIONAL_REPRESENTATION('',(#13859),#13863);
#13859 = LINE('',#13860,#13861);
#13860 = CARTESIAN_POINT('',(0.974018286414,-1.269365344466));
#13861 = VECTOR('',#13862,1.);
#13862 = DIRECTION('',(0.751839807479,0.6593458151));
#13863 = ( GEOMETRIC_REPRESENTATION_CONTEXT(2) 
PARAMETRIC_REPRESENTATION_CONTEXT() REPRESENTATION_CONTEXT('2D SPACE',''
  ) );
#13864 = ADVANCED_FACE('',(#13865),#4157,.T.);
#13865 = FACE_BOUND('',#13866,.T.);
#13866 = EDGE_LOOP('',(#13867,#13890,#13891,#13892));
#13867 = ORIENTED_EDGE('',*,*,#13868,.T.);
#13868 = EDGE_CURVE('',#13869,#4114,#13871,.T.);
#13869 = VERTEX_POINT('',#13870);
#13870 = CARTESIAN_POINT('',(-15.1,-6.664359353945,0.));
#13871 = SURFACE_CURVE('',#13872,(#13876,#13883),.PCURVE_S1.);
#13872 = LINE('',#13873,#13874);
#13873 = CARTESIAN_POINT('',(-15.1,-6.664359353945,0.));
#13874 = VECTOR('',#13875,1.);
#13875 = DIRECTION('',(-0.,-0.,1.));
#13876 = PCURVE('',#4157,#13877);
#13877 = DEFINITIONAL_REPRESENTATION('',(#13878),#13882);
#13878 = LINE('',#13879,#13880);
#13879 = CARTESIAN_POINT('',(0.,0.));
#13880 = VECTOR('',#13881,1.);
#13881 = DIRECTION('',(0.,-1.));
#13882 = ( GEOMETRIC_REPRESENTATION_CONTEXT(2) 
PARAMETRIC_REPRESENTATION_CONTEXT() REPRESENTATION_CONTEXT('2D SPACE',''
  ) );
#13883 = PCURVE('',#4129,#13884);
#13884 = DEFINITIONAL_REPRESENTATION('',(#13885),#13889);
#13885 = LINE('',#13886,#13887);
#13886 = CARTESIAN_POINT('',(0.209290013536,0.));
#13887 = VECTOR('',#13888,1.);
#13888 = DIRECTION('',(0.,-1.));
#13889 = ( GEOMETRIC_REPRESENTATION_CONTEXT(2) 
PARAMETRIC_REPRESENTATION_CONTEXT() REPRESENTATION_CONTEXT('2D SPACE',''
  ) );
#13890 = ORIENTED_EDGE('',*,*,#4141,.T.);
#13891 = ORIENTED_EDGE('',*,*,#13770,.F.);
#13892 = ORIENTED_EDGE('',*,*,#13893,.F.);
#13893 = EDGE_CURVE('',#13869,#13771,#13894,.T.);
#13894 = SURFACE_CURVE('',#13895,(#13899,#13906),.PCURVE_S1.);
#13895 = LINE('',#13896,#13897);
#13896 = CARTESIAN_POINT('',(-15.1,-6.664359353945,0.));
#13897 = VECTOR('',#13898,1.);
#13898 = DIRECTION('',(0.896872741533,0.442288690219,0.));
#13899 = PCURVE('',#4157,#13900);
#13900 = DEFINITIONAL_REPRESENTATION('',(#13901),#13905);
#13901 = LINE('',#13902,#13903);
#13902 = CARTESIAN_POINT('',(0.,0.));
#13903 = VECTOR('',#13904,1.);
#13904 = DIRECTION('',(1.,0.));
#13905 = ( GEOMETRIC_REPRESENTATION_CONTEXT(2) 
PARAMETRIC_REPRESENTATION_CONTEXT() REPRESENTATION_CONTEXT('2D SPACE',''
  ) );
#13906 = PCURVE('',#12285,#13907);
#13907 = DEFINITIONAL_REPRESENTATION('',(#13908),#13912);
#13908 = LINE('',#13909,#13910);
#13909 = CARTESIAN_POINT('',(0.8,1.385640646055));
#13910 = VECTOR('',#13911,1.);
#13911 = DIRECTION('',(-0.896872741533,0.442288690219));
#13912 = ( GEOMETRIC_REPRESENTATION_CONTEXT(2) 
PARAMETRIC_REPRESENTATION_CONTEXT() REPRESENTATION_CONTEXT('2D SPACE',''
  ) );
#13913 = ADVANCED_FACE('',(#13914),#3765,.T.);
#13914 = FACE_BOUND('',#13915,.T.);
#13915 = EDGE_LOOP('',(#13916,#13917,#13918,#13941));
#13916 = ORIENTED_EDGE('',*,*,#13821,.T.);
#13917 = ORIENTED_EDGE('',*,*,#3749,.T.);
#13918 = ORIENTED_EDGE('',*,*,#13919,.F.);
#13919 = EDGE_CURVE('',#13920,#3750,#13922,.T.);
#13920 = VERTEX_POINT('',#13921);
#13921 = CARTESIAN_POINT('',(-15.56936534446,-9.024018286414,0.));
#13922 = SURFACE_CURVE('',#13923,(#13927,#13934),.PCURVE_S1.);
#13923 = LINE('',#13924,#13925);
#13924 = CARTESIAN_POINT('',(-15.56936534446,-9.024018286414,0.));
#13925 = VECTOR('',#13926,1.);
#13926 = DIRECTION('',(-0.,-0.,1.));
#13927 = PCURVE('',#3765,#13928);
#13928 = DEFINITIONAL_REPRESENTATION('',(#13929),#13933);
#13929 = LINE('',#13930,#13931);
#13930 = CARTESIAN_POINT('',(0.209290013536,0.));
#13931 = VECTOR('',#13932,1.);
#13932 = DIRECTION('',(0.,-1.));
#13933 = ( GEOMETRIC_REPRESENTATION_CONTEXT(2) 
PARAMETRIC_REPRESENTATION_CONTEXT() REPRESENTATION_CONTEXT('2D SPACE',''
  ) );
#13934 = PCURVE('',#3793,#13935);
#13935 = DEFINITIONAL_REPRESENTATION('',(#13936),#13940);
#13936 = LINE('',#13937,#13938);
#13937 = CARTESIAN_POINT('',(0.,0.));
#13938 = VECTOR('',#13939,1.);
#13939 = DIRECTION('',(0.,-1.));
#13940 = ( GEOMETRIC_REPRESENTATION_CONTEXT(2) 
PARAMETRIC_REPRESENTATION_CONTEXT() REPRESENTATION_CONTEXT('2D SPACE',''
  ) );
#13941 = ORIENTED_EDGE('',*,*,#13942,.F.);
#13942 = EDGE_CURVE('',#13822,#13920,#13943,.T.);
#13943 = SURFACE_CURVE('',#13944,(#13948,#13955),.PCURVE_S1.);
#13944 = LINE('',#13945,#13946);
#13945 = CARTESIAN_POINT('',(-15.43137084989,-9.181370849898,0.));
#13946 = VECTOR('',#13947,1.);
#13947 = DIRECTION('',(-0.6593458151,0.751839807479,0.));
#13948 = PCURVE('',#3765,#13949);
#13949 = DEFINITIONAL_REPRESENTATION('',(#13950),#13954);
#13950 = LINE('',#13951,#13952);
#13951 = CARTESIAN_POINT('',(0.,0.));
#13952 = VECTOR('',#13953,1.);
#13953 = DIRECTION('',(1.,0.));
#13954 = ( GEOMETRIC_REPRESENTATION_CONTEXT(2) 
PARAMETRIC_REPRESENTATION_CONTEXT() REPRESENTATION_CONTEXT('2D SPACE',''
  ) );
#13955 = PCURVE('',#12285,#13956);
#13956 = DEFINITIONAL_REPRESENTATION('',(#13957),#13961);
#13957 = LINE('',#13958,#13959);
#13958 = CARTESIAN_POINT('',(1.131370849898,-1.131370849898));
#13959 = VECTOR('',#13960,1.);
#13960 = DIRECTION('',(0.6593458151,0.751839807479));
#13961 = ( GEOMETRIC_REPRESENTATION_CONTEXT(2) 
PARAMETRIC_REPRESENTATION_CONTEXT() REPRESENTATION_CONTEXT('2D SPACE',''
  ) );
#13962 = ADVANCED_FACE('',(#13963),#4129,.T.);
#13963 = FACE_BOUND('',#13964,.T.);
#13964 = EDGE_LOOP('',(#13965,#13988,#13989,#13990));
#13965 = ORIENTED_EDGE('',*,*,#13966,.T.);
#13966 = EDGE_CURVE('',#13967,#4086,#13969,.T.);
#13967 = VERTEX_POINT('',#13968);
#13968 = CARTESIAN_POINT('',(-15.27401828641,-6.780634655534,0.));
#13969 = SURFACE_CURVE('',#13970,(#13974,#13981),.PCURVE_S1.);
#13970 = LINE('',#13971,#13972);
#13971 = CARTESIAN_POINT('',(-15.27401828641,-6.780634655534,0.));
#13972 = VECTOR('',#13973,1.);
#13973 = DIRECTION('',(-0.,-0.,1.));
#13974 = PCURVE('',#4129,#13975);
#13975 = DEFINITIONAL_REPRESENTATION('',(#13976),#13980);
#13976 = LINE('',#13977,#13978);
#13977 = CARTESIAN_POINT('',(0.,0.));
#13978 = VECTOR('',#13979,1.);
#13979 = DIRECTION('',(0.,-1.));
#13980 = ( GEOMETRIC_REPRESENTATION_CONTEXT(2) 
PARAMETRIC_REPRESENTATION_CONTEXT() REPRESENTATION_CONTEXT('2D SPACE',''
  ) );
#13981 = PCURVE('',#4101,#13982);
#13982 = DEFINITIONAL_REPRESENTATION('',(#13983),#13987);
#13983 = LINE('',#13984,#13985);
#13984 = CARTESIAN_POINT('',(0.209290013536,0.));
#13985 = VECTOR('',#13986,1.);
#13986 = DIRECTION('',(0.,-1.));
#13987 = ( GEOMETRIC_REPRESENTATION_CONTEXT(2) 
PARAMETRIC_REPRESENTATION_CONTEXT() REPRESENTATION_CONTEXT('2D SPACE',''
  ) );
#13988 = ORIENTED_EDGE('',*,*,#4113,.T.);
#13989 = ORIENTED_EDGE('',*,*,#13868,.F.);
#13990 = ORIENTED_EDGE('',*,*,#13991,.F.);
#13991 = EDGE_CURVE('',#13967,#13869,#13992,.T.);
#13992 = SURFACE_CURVE('',#13993,(#13997,#14004),.PCURVE_S1.);
#13993 = LINE('',#13994,#13995);
#13994 = CARTESIAN_POINT('',(-15.27401828641,-6.780634655534,0.));
#13995 = VECTOR('',#13996,1.);
#13996 = DIRECTION('',(0.831469612303,0.55557023302,0.));
#13997 = PCURVE('',#4129,#13998);
#13998 = DEFINITIONAL_REPRESENTATION('',(#13999),#14003);
#13999 = LINE('',#14000,#14001);
#14000 = CARTESIAN_POINT('',(0.,0.));
#14001 = VECTOR('',#14002,1.);
#14002 = DIRECTION('',(1.,0.));
#14003 = ( GEOMETRIC_REPRESENTATION_CONTEXT(2) 
PARAMETRIC_REPRESENTATION_CONTEXT() REPRESENTATION_CONTEXT('2D SPACE',''
  ) );
#14004 = PCURVE('',#12285,#14005);
#14005 = DEFINITIONAL_REPRESENTATION('',(#14006),#14010);
#14006 = LINE('',#14007,#14008);
#14007 = CARTESIAN_POINT('',(0.974018286414,1.269365344466));
#14008 = VECTOR('',#14009,1.);
#14009 = DIRECTION('',(-0.831469612303,0.55557023302));
#14010 = ( GEOMETRIC_REPRESENTATION_CONTEXT(2) 
PARAMETRIC_REPRESENTATION_CONTEXT() REPRESENTATION_CONTEXT('2D SPACE',''
  ) );
#14011 = ADVANCED_FACE('',(#14012),#3793,.T.);
#14012 = FACE_BOUND('',#14013,.T.);
#14013 = EDGE_LOOP('',(#14014,#14015,#14016,#14039));
#14014 = ORIENTED_EDGE('',*,*,#13919,.T.);
#14015 = ORIENTED_EDGE('',*,*,#3777,.T.);
#14016 = ORIENTED_EDGE('',*,*,#14017,.F.);
#14017 = EDGE_CURVE('',#14018,#3778,#14020,.T.);
#14018 = VERTEX_POINT('',#14019);
#14019 = CARTESIAN_POINT('',(-15.68564064605,-8.85,0.));
#14020 = SURFACE_CURVE('',#14021,(#14025,#14032),.PCURVE_S1.);
#14021 = LINE('',#14022,#14023);
#14022 = CARTESIAN_POINT('',(-15.68564064605,-8.85,0.));
#14023 = VECTOR('',#14024,1.);
#14024 = DIRECTION('',(-0.,-0.,1.));
#14025 = PCURVE('',#3793,#14026);
#14026 = DEFINITIONAL_REPRESENTATION('',(#14027),#14031);
#14027 = LINE('',#14028,#14029);
#14028 = CARTESIAN_POINT('',(0.209290013536,0.));
#14029 = VECTOR('',#14030,1.);
#14030 = DIRECTION('',(0.,-1.));
#14031 = ( GEOMETRIC_REPRESENTATION_CONTEXT(2) 
PARAMETRIC_REPRESENTATION_CONTEXT() REPRESENTATION_CONTEXT('2D SPACE',''
  ) );
#14032 = PCURVE('',#3821,#14033);
#14033 = DEFINITIONAL_REPRESENTATION('',(#14034),#14038);
#14034 = LINE('',#14035,#14036);
#14035 = CARTESIAN_POINT('',(0.,0.));
#14036 = VECTOR('',#14037,1.);
#14037 = DIRECTION('',(0.,-1.));
#14038 = ( GEOMETRIC_REPRESENTATION_CONTEXT(2) 
PARAMETRIC_REPRESENTATION_CONTEXT() REPRESENTATION_CONTEXT('2D SPACE',''
  ) );
#14039 = ORIENTED_EDGE('',*,*,#14040,.F.);
#14040 = EDGE_CURVE('',#13920,#14018,#14041,.T.);
#14041 = SURFACE_CURVE('',#14042,(#14046,#14053),.PCURVE_S1.);
#14042 = LINE('',#14043,#14044);
#14043 = CARTESIAN_POINT('',(-15.56936534446,-9.024018286414,0.));
#14044 = VECTOR('',#14045,1.);
#14045 = DIRECTION('',(-0.55557023302,0.831469612303,0.));
#14046 = PCURVE('',#3793,#14047);
#14047 = DEFINITIONAL_REPRESENTATION('',(#14048),#14052);
#14048 = LINE('',#14049,#14050);
#14049 = CARTESIAN_POINT('',(0.,0.));
#14050 = VECTOR('',#14051,1.);
#14051 = DIRECTION('',(1.,0.));
#14052 = ( GEOMETRIC_REPRESENTATION_CONTEXT(2) 
PARAMETRIC_REPRESENTATION_CONTEXT() REPRESENTATION_CONTEXT('2D SPACE',''
  ) );
#14053 = PCURVE('',#12285,#14054);
#14054 = DEFINITIONAL_REPRESENTATION('',(#14055),#14059);
#14055 = LINE('',#14056,#14057);
#14056 = CARTESIAN_POINT('',(1.269365344466,-0.974018286414));
#14057 = VECTOR('',#14058,1.);
#14058 = DIRECTION('',(0.55557023302,0.831469612303));
#14059 = ( GEOMETRIC_REPRESENTATION_CONTEXT(2) 
PARAMETRIC_REPRESENTATION_CONTEXT() REPRESENTATION_CONTEXT('2D SPACE',''
  ) );
#14060 = ADVANCED_FACE('',(#14061),#4101,.T.);
#14061 = FACE_BOUND('',#14062,.T.);
#14062 = EDGE_LOOP('',(#14063,#14086,#14087,#14088));
#14063 = ORIENTED_EDGE('',*,*,#14064,.T.);
#14064 = EDGE_CURVE('',#14065,#4058,#14067,.T.);
#14065 = VERTEX_POINT('',#14066);
#14066 = CARTESIAN_POINT('',(-15.43137084989,-6.918629150102,0.));
#14067 = SURFACE_CURVE('',#14068,(#14072,#14079),.PCURVE_S1.);
#14068 = LINE('',#14069,#14070);
#14069 = CARTESIAN_POINT('',(-15.43137084989,-6.918629150102,0.));
#14070 = VECTOR('',#14071,1.);
#14071 = DIRECTION('',(-0.,-0.,1.));
#14072 = PCURVE('',#4101,#14073);
#14073 = DEFINITIONAL_REPRESENTATION('',(#14074),#14078);
#14074 = LINE('',#14075,#14076);
#14075 = CARTESIAN_POINT('',(0.,0.));
#14076 = VECTOR('',#14077,1.);
#14077 = DIRECTION('',(0.,-1.));
#14078 = ( GEOMETRIC_REPRESENTATION_CONTEXT(2) 
PARAMETRIC_REPRESENTATION_CONTEXT() REPRESENTATION_CONTEXT('2D SPACE',''
  ) );
#14079 = PCURVE('',#4073,#14080);
#14080 = DEFINITIONAL_REPRESENTATION('',(#14081),#14085);
#14081 = LINE('',#14082,#14083);
#14082 = CARTESIAN_POINT('',(0.209290013536,0.));
#14083 = VECTOR('',#14084,1.);
#14084 = DIRECTION('',(0.,-1.));
#14085 = ( GEOMETRIC_REPRESENTATION_CONTEXT(2) 
PARAMETRIC_REPRESENTATION_CONTEXT() REPRESENTATION_CONTEXT('2D SPACE',''
  ) );
#14086 = ORIENTED_EDGE('',*,*,#4085,.T.);
#14087 = ORIENTED_EDGE('',*,*,#13966,.F.);
#14088 = ORIENTED_EDGE('',*,*,#14089,.F.);
#14089 = EDGE_CURVE('',#14065,#13967,#14090,.T.);
#14090 = SURFACE_CURVE('',#14091,(#14095,#14102),.PCURVE_S1.);
#14091 = LINE('',#14092,#14093);
#14092 = CARTESIAN_POINT('',(-15.43137084989,-6.918629150102,0.));
#14093 = VECTOR('',#14094,1.);
#14094 = DIRECTION('',(0.751839807479,0.6593458151,0.));
#14095 = PCURVE('',#4101,#14096);
#14096 = DEFINITIONAL_REPRESENTATION('',(#14097),#14101);
#14097 = LINE('',#14098,#14099);
#14098 = CARTESIAN_POINT('',(0.,0.));
#14099 = VECTOR('',#14100,1.);
#14100 = DIRECTION('',(1.,0.));
#14101 = ( GEOMETRIC_REPRESENTATION_CONTEXT(2) 
PARAMETRIC_REPRESENTATION_CONTEXT() REPRESENTATION_CONTEXT('2D SPACE',''
  ) );
#14102 = PCURVE('',#12285,#14103);
#14103 = DEFINITIONAL_REPRESENTATION('',(#14104),#14108);
#14104 = LINE('',#14105,#14106);
#14105 = CARTESIAN_POINT('',(1.131370849898,1.131370849898));
#14106 = VECTOR('',#14107,1.);
#14107 = DIRECTION('',(-0.751839807479,0.6593458151));
#14108 = ( GEOMETRIC_REPRESENTATION_CONTEXT(2) 
PARAMETRIC_REPRESENTATION_CONTEXT() REPRESENTATION_CONTEXT('2D SPACE',''
  ) );
#14109 = ADVANCED_FACE('',(#14110),#3821,.T.);
#14110 = FACE_BOUND('',#14111,.T.);
#14111 = EDGE_LOOP('',(#14112,#14113,#14114,#14137));
#14112 = ORIENTED_EDGE('',*,*,#14017,.T.);
#14113 = ORIENTED_EDGE('',*,*,#3805,.T.);
#14114 = ORIENTED_EDGE('',*,*,#14115,.F.);
#14115 = EDGE_CURVE('',#14116,#3806,#14118,.T.);
#14116 = VERTEX_POINT('',#14117);
#14117 = CARTESIAN_POINT('',(-15.77820725201,-8.662293491784,0.));
#14118 = SURFACE_CURVE('',#14119,(#14123,#14130),.PCURVE_S1.);
#14119 = LINE('',#14120,#14121);
#14120 = CARTESIAN_POINT('',(-15.77820725201,-8.662293491784,0.));
#14121 = VECTOR('',#14122,1.);
#14122 = DIRECTION('',(-0.,-0.,1.));
#14123 = PCURVE('',#3821,#14124);
#14124 = DEFINITIONAL_REPRESENTATION('',(#14125),#14129);
#14125 = LINE('',#14126,#14127);
#14126 = CARTESIAN_POINT('',(0.209290013536,0.));
#14127 = VECTOR('',#14128,1.);
#14128 = DIRECTION('',(0.,-1.));
#14129 = ( GEOMETRIC_REPRESENTATION_CONTEXT(2) 
PARAMETRIC_REPRESENTATION_CONTEXT() REPRESENTATION_CONTEXT('2D SPACE',''
  ) );
#14130 = PCURVE('',#3849,#14131);
#14131 = DEFINITIONAL_REPRESENTATION('',(#14132),#14136);
#14132 = LINE('',#14133,#14134);
#14133 = CARTESIAN_POINT('',(0.,0.));
#14134 = VECTOR('',#14135,1.);
#14135 = DIRECTION('',(0.,-1.));
#14136 = ( GEOMETRIC_REPRESENTATION_CONTEXT(2) 
PARAMETRIC_REPRESENTATION_CONTEXT() REPRESENTATION_CONTEXT('2D SPACE',''
  ) );
#14137 = ORIENTED_EDGE('',*,*,#14138,.F.);
#14138 = EDGE_CURVE('',#14018,#14116,#14139,.T.);
#14139 = SURFACE_CURVE('',#14140,(#14144,#14151),.PCURVE_S1.);
#14140 = LINE('',#14141,#14142);
#14141 = CARTESIAN_POINT('',(-15.68564064605,-8.85,0.));
#14142 = VECTOR('',#14143,1.);
#14143 = DIRECTION('',(-0.442288690219,0.896872741533,0.));
#14144 = PCURVE('',#3821,#14145);
#14145 = DEFINITIONAL_REPRESENTATION('',(#14146),#14150);
#14146 = LINE('',#14147,#14148);
#14147 = CARTESIAN_POINT('',(0.,0.));
#14148 = VECTOR('',#14149,1.);
#14149 = DIRECTION('',(1.,0.));
#14150 = ( GEOMETRIC_REPRESENTATION_CONTEXT(2) 
PARAMETRIC_REPRESENTATION_CONTEXT() REPRESENTATION_CONTEXT('2D SPACE',''
  ) );
#14151 = PCURVE('',#12285,#14152);
#14152 = DEFINITIONAL_REPRESENTATION('',(#14153),#14157);
#14153 = LINE('',#14154,#14155);
#14154 = CARTESIAN_POINT('',(1.385640646055,-0.8));
#14155 = VECTOR('',#14156,1.);
#14156 = DIRECTION('',(0.442288690219,0.896872741533));
#14157 = ( GEOMETRIC_REPRESENTATION_CONTEXT(2) 
PARAMETRIC_REPRESENTATION_CONTEXT() REPRESENTATION_CONTEXT('2D SPACE',''
  ) );
#14158 = ADVANCED_FACE('',(#14159),#4073,.T.);
#14159 = FACE_BOUND('',#14160,.T.);
#14160 = EDGE_LOOP('',(#14161,#14184,#14185,#14186));
#14161 = ORIENTED_EDGE('',*,*,#14162,.T.);
#14162 = EDGE_CURVE('',#14163,#4030,#14165,.T.);
#14163 = VERTEX_POINT('',#14164);
#14164 = CARTESIAN_POINT('',(-15.56936534446,-7.075981713586,0.));
#14165 = SURFACE_CURVE('',#14166,(#14170,#14177),.PCURVE_S1.);
#14166 = LINE('',#14167,#14168);
#14167 = CARTESIAN_POINT('',(-15.56936534446,-7.075981713586,0.));
#14168 = VECTOR('',#14169,1.);
#14169 = DIRECTION('',(-0.,-0.,1.));
#14170 = PCURVE('',#4073,#14171);
#14171 = DEFINITIONAL_REPRESENTATION('',(#14172),#14176);
#14172 = LINE('',#14173,#14174);
#14173 = CARTESIAN_POINT('',(0.,0.));
#14174 = VECTOR('',#14175,1.);
#14175 = DIRECTION('',(0.,-1.));
#14176 = ( GEOMETRIC_REPRESENTATION_CONTEXT(2) 
PARAMETRIC_REPRESENTATION_CONTEXT() REPRESENTATION_CONTEXT('2D SPACE',''
  ) );
#14177 = PCURVE('',#4045,#14178);
#14178 = DEFINITIONAL_REPRESENTATION('',(#14179),#14183);
#14179 = LINE('',#14180,#14181);
#14180 = CARTESIAN_POINT('',(0.209290013536,0.));
#14181 = VECTOR('',#14182,1.);
#14182 = DIRECTION('',(0.,-1.));
#14183 = ( GEOMETRIC_REPRESENTATION_CONTEXT(2) 
PARAMETRIC_REPRESENTATION_CONTEXT() REPRESENTATION_CONTEXT('2D SPACE',''
  ) );
#14184 = ORIENTED_EDGE('',*,*,#4057,.T.);
#14185 = ORIENTED_EDGE('',*,*,#14064,.F.);
#14186 = ORIENTED_EDGE('',*,*,#14187,.F.);
#14187 = EDGE_CURVE('',#14163,#14065,#14188,.T.);
#14188 = SURFACE_CURVE('',#14189,(#14193,#14200),.PCURVE_S1.);
#14189 = LINE('',#14190,#14191);
#14190 = CARTESIAN_POINT('',(-15.56936534446,-7.075981713586,0.));
#14191 = VECTOR('',#14192,1.);
#14192 = DIRECTION('',(0.6593458151,0.751839807479,0.));
#14193 = PCURVE('',#4073,#14194);
#14194 = DEFINITIONAL_REPRESENTATION('',(#14195),#14199);
#14195 = LINE('',#14196,#14197);
#14196 = CARTESIAN_POINT('',(0.,0.));
#14197 = VECTOR('',#14198,1.);
#14198 = DIRECTION('',(1.,0.));
#14199 = ( GEOMETRIC_REPRESENTATION_CONTEXT(2) 
PARAMETRIC_REPRESENTATION_CONTEXT() REPRESENTATION_CONTEXT('2D SPACE',''
  ) );
#14200 = PCURVE('',#12285,#14201);
#14201 = DEFINITIONAL_REPRESENTATION('',(#14202),#14206);
#14202 = LINE('',#14203,#14204);
#14203 = CARTESIAN_POINT('',(1.269365344466,0.974018286414));
#14204 = VECTOR('',#14205,1.);
#14205 = DIRECTION('',(-0.6593458151,0.751839807479));
#14206 = ( GEOMETRIC_REPRESENTATION_CONTEXT(2) 
PARAMETRIC_REPRESENTATION_CONTEXT() REPRESENTATION_CONTEXT('2D SPACE',''
  ) );
#14207 = ADVANCED_FACE('',(#14208),#3849,.T.);
#14208 = FACE_BOUND('',#14209,.T.);
#14209 = EDGE_LOOP('',(#14210,#14211,#14212,#14235));
#14210 = ORIENTED_EDGE('',*,*,#14115,.T.);
#14211 = ORIENTED_EDGE('',*,*,#3833,.T.);
#14212 = ORIENTED_EDGE('',*,*,#14213,.F.);
#14213 = EDGE_CURVE('',#14214,#3834,#14216,.T.);
#14214 = VERTEX_POINT('',#14215);
#14215 = CARTESIAN_POINT('',(-15.84548132206,-8.464110472164,0.));
#14216 = SURFACE_CURVE('',#14217,(#14221,#14228),.PCURVE_S1.);
#14217 = LINE('',#14218,#14219);
#14218 = CARTESIAN_POINT('',(-15.84548132206,-8.464110472164,0.));
#14219 = VECTOR('',#14220,1.);
#14220 = DIRECTION('',(-0.,-0.,1.));
#14221 = PCURVE('',#3849,#14222);
#14222 = DEFINITIONAL_REPRESENTATION('',(#14223),#14227);
#14223 = LINE('',#14224,#14225);
#14224 = CARTESIAN_POINT('',(0.209290013536,0.));
#14225 = VECTOR('',#14226,1.);
#14226 = DIRECTION('',(0.,-1.));
#14227 = ( GEOMETRIC_REPRESENTATION_CONTEXT(2) 
PARAMETRIC_REPRESENTATION_CONTEXT() REPRESENTATION_CONTEXT('2D SPACE',''
  ) );
#14228 = PCURVE('',#3877,#14229);
#14229 = DEFINITIONAL_REPRESENTATION('',(#14230),#14234);
#14230 = LINE('',#14231,#14232);
#14231 = CARTESIAN_POINT('',(0.,0.));
#14232 = VECTOR('',#14233,1.);
#14233 = DIRECTION('',(0.,-1.));
#14234 = ( GEOMETRIC_REPRESENTATION_CONTEXT(2) 
PARAMETRIC_REPRESENTATION_CONTEXT() REPRESENTATION_CONTEXT('2D SPACE',''
  ) );
#14235 = ORIENTED_EDGE('',*,*,#14236,.F.);
#14236 = EDGE_CURVE('',#14116,#14214,#14237,.T.);
#14237 = SURFACE_CURVE('',#14238,(#14242,#14249),.PCURVE_S1.);
#14238 = LINE('',#14239,#14240);
#14239 = CARTESIAN_POINT('',(-15.77820725201,-8.662293491784,0.));
#14240 = VECTOR('',#14241,1.);
#14241 = DIRECTION('',(-0.321439465303,0.946930129495,0.));
#14242 = PCURVE('',#3849,#14243);
#14243 = DEFINITIONAL_REPRESENTATION('',(#14244),#14248);
#14244 = LINE('',#14245,#14246);
#14245 = CARTESIAN_POINT('',(0.,0.));
#14246 = VECTOR('',#14247,1.);
#14247 = DIRECTION('',(1.,0.));
#14248 = ( GEOMETRIC_REPRESENTATION_CONTEXT(2) 
PARAMETRIC_REPRESENTATION_CONTEXT() REPRESENTATION_CONTEXT('2D SPACE',''
  ) );
#14249 = PCURVE('',#12285,#14250);
#14250 = DEFINITIONAL_REPRESENTATION('',(#14251),#14255);
#14251 = LINE('',#14252,#14253);
#14252 = CARTESIAN_POINT('',(1.478207252018,-0.612293491784));
#14253 = VECTOR('',#14254,1.);
#14254 = DIRECTION('',(0.321439465303,0.946930129495));
#14255 = ( GEOMETRIC_REPRESENTATION_CONTEXT(2) 
PARAMETRIC_REPRESENTATION_CONTEXT() REPRESENTATION_CONTEXT('2D SPACE',''
  ) );
#14256 = ADVANCED_FACE('',(#14257),#4045,.T.);
#14257 = FACE_BOUND('',#14258,.T.);
#14258 = EDGE_LOOP('',(#14259,#14282,#14283,#14284));
#14259 = ORIENTED_EDGE('',*,*,#14260,.T.);
#14260 = EDGE_CURVE('',#14261,#4002,#14263,.T.);
#14261 = VERTEX_POINT('',#14262);
#14262 = CARTESIAN_POINT('',(-15.68564064605,-7.25,0.));
#14263 = SURFACE_CURVE('',#14264,(#14268,#14275),.PCURVE_S1.);
#14264 = LINE('',#14265,#14266);
#14265 = CARTESIAN_POINT('',(-15.68564064605,-7.25,0.));
#14266 = VECTOR('',#14267,1.);
#14267 = DIRECTION('',(-0.,-0.,1.));
#14268 = PCURVE('',#4045,#14269);
#14269 = DEFINITIONAL_REPRESENTATION('',(#14270),#14274);
#14270 = LINE('',#14271,#14272);
#14271 = CARTESIAN_POINT('',(0.,0.));
#14272 = VECTOR('',#14273,1.);
#14273 = DIRECTION('',(0.,-1.));
#14274 = ( GEOMETRIC_REPRESENTATION_CONTEXT(2) 
PARAMETRIC_REPRESENTATION_CONTEXT() REPRESENTATION_CONTEXT('2D SPACE',''
  ) );
#14275 = PCURVE('',#4017,#14276);
#14276 = DEFINITIONAL_REPRESENTATION('',(#14277),#14281);
#14277 = LINE('',#14278,#14279);
#14278 = CARTESIAN_POINT('',(0.209290013536,0.));
#14279 = VECTOR('',#14280,1.);
#14280 = DIRECTION('',(0.,-1.));
#14281 = ( GEOMETRIC_REPRESENTATION_CONTEXT(2) 
PARAMETRIC_REPRESENTATION_CONTEXT() REPRESENTATION_CONTEXT('2D SPACE',''
  ) );
#14282 = ORIENTED_EDGE('',*,*,#4029,.T.);
#14283 = ORIENTED_EDGE('',*,*,#14162,.F.);
#14284 = ORIENTED_EDGE('',*,*,#14285,.F.);
#14285 = EDGE_CURVE('',#14261,#14163,#14286,.T.);
#14286 = SURFACE_CURVE('',#14287,(#14291,#14298),.PCURVE_S1.);
#14287 = LINE('',#14288,#14289);
#14288 = CARTESIAN_POINT('',(-15.68564064605,-7.25,0.));
#14289 = VECTOR('',#14290,1.);
#14290 = DIRECTION('',(0.55557023302,0.831469612303,0.));
#14291 = PCURVE('',#4045,#14292);
#14292 = DEFINITIONAL_REPRESENTATION('',(#14293),#14297);
#14293 = LINE('',#14294,#14295);
#14294 = CARTESIAN_POINT('',(0.,0.));
#14295 = VECTOR('',#14296,1.);
#14296 = DIRECTION('',(1.,0.));
#14297 = ( GEOMETRIC_REPRESENTATION_CONTEXT(2) 
PARAMETRIC_REPRESENTATION_CONTEXT() REPRESENTATION_CONTEXT('2D SPACE',''
  ) );
#14298 = PCURVE('',#12285,#14299);
#14299 = DEFINITIONAL_REPRESENTATION('',(#14300),#14304);
#14300 = LINE('',#14301,#14302);
#14301 = CARTESIAN_POINT('',(1.385640646055,0.8));
#14302 = VECTOR('',#14303,1.);
#14303 = DIRECTION('',(-0.55557023302,0.831469612303));
#14304 = ( GEOMETRIC_REPRESENTATION_CONTEXT(2) 
PARAMETRIC_REPRESENTATION_CONTEXT() REPRESENTATION_CONTEXT('2D SPACE',''
  ) );
#14305 = ADVANCED_FACE('',(#14306),#3877,.T.);
#14306 = FACE_BOUND('',#14307,.T.);
#14307 = EDGE_LOOP('',(#14308,#14309,#14310,#14333));
#14308 = ORIENTED_EDGE('',*,*,#14213,.T.);
#14309 = ORIENTED_EDGE('',*,*,#3861,.T.);
#14310 = ORIENTED_EDGE('',*,*,#14311,.F.);
#14311 = EDGE_CURVE('',#14312,#3862,#14314,.T.);
#14312 = VERTEX_POINT('',#14313);
#14313 = CARTESIAN_POINT('',(-15.88631177819,-8.258841907552,0.));
#14314 = SURFACE_CURVE('',#14315,(#14319,#14326),.PCURVE_S1.);
#14315 = LINE('',#14316,#14317);
#14316 = CARTESIAN_POINT('',(-15.88631177819,-8.258841907552,0.));
#14317 = VECTOR('',#14318,1.);
#14318 = DIRECTION('',(-0.,-0.,1.));
#14319 = PCURVE('',#3877,#14320);
#14320 = DEFINITIONAL_REPRESENTATION('',(#14321),#14325);
#14321 = LINE('',#14322,#14323);
#14322 = CARTESIAN_POINT('',(0.209290013536,0.));
#14323 = VECTOR('',#14324,1.);
#14324 = DIRECTION('',(0.,-1.));
#14325 = ( GEOMETRIC_REPRESENTATION_CONTEXT(2) 
PARAMETRIC_REPRESENTATION_CONTEXT() REPRESENTATION_CONTEXT('2D SPACE',''
  ) );
#14326 = PCURVE('',#3905,#14327);
#14327 = DEFINITIONAL_REPRESENTATION('',(#14328),#14332);
#14328 = LINE('',#14329,#14330);
#14329 = CARTESIAN_POINT('',(0.,0.));
#14330 = VECTOR('',#14331,1.);
#14331 = DIRECTION('',(0.,-1.));
#14332 = ( GEOMETRIC_REPRESENTATION_CONTEXT(2) 
PARAMETRIC_REPRESENTATION_CONTEXT() REPRESENTATION_CONTEXT('2D SPACE',''
  ) );
#14333 = ORIENTED_EDGE('',*,*,#14334,.F.);
#14334 = EDGE_CURVE('',#14214,#14312,#14335,.T.);
#14335 = SURFACE_CURVE('',#14336,(#14340,#14347),.PCURVE_S1.);
#14336 = LINE('',#14337,#14338);
#14337 = CARTESIAN_POINT('',(-15.84548132206,-8.464110472164,0.));
#14338 = VECTOR('',#14339,1.);
#14339 = DIRECTION('',(-0.195090322016,0.980785280403,0.));
#14340 = PCURVE('',#3877,#14341);
#14341 = DEFINITIONAL_REPRESENTATION('',(#14342),#14346);
#14342 = LINE('',#14343,#14344);
#14343 = CARTESIAN_POINT('',(0.,0.));
#14344 = VECTOR('',#14345,1.);
#14345 = DIRECTION('',(1.,0.));
#14346 = ( GEOMETRIC_REPRESENTATION_CONTEXT(2) 
PARAMETRIC_REPRESENTATION_CONTEXT() REPRESENTATION_CONTEXT('2D SPACE',''
  ) );
#14347 = PCURVE('',#12285,#14348);
#14348 = DEFINITIONAL_REPRESENTATION('',(#14349),#14353);
#14349 = LINE('',#14350,#14351);
#14350 = CARTESIAN_POINT('',(1.545481322062,-0.414110472164));
#14351 = VECTOR('',#14352,1.);
#14352 = DIRECTION('',(0.195090322016,0.980785280403));
#14353 = ( GEOMETRIC_REPRESENTATION_CONTEXT(2) 
PARAMETRIC_REPRESENTATION_CONTEXT() REPRESENTATION_CONTEXT('2D SPACE',''
  ) );
#14354 = ADVANCED_FACE('',(#14355),#4017,.T.);
#14355 = FACE_BOUND('',#14356,.T.);
#14356 = EDGE_LOOP('',(#14357,#14380,#14381,#14382));
#14357 = ORIENTED_EDGE('',*,*,#14358,.T.);
#14358 = EDGE_CURVE('',#14359,#3974,#14361,.T.);
#14359 = VERTEX_POINT('',#14360);
#14360 = CARTESIAN_POINT('',(-15.77820725201,-7.437706508216,0.));
#14361 = SURFACE_CURVE('',#14362,(#14366,#14373),.PCURVE_S1.);
#14362 = LINE('',#14363,#14364);
#14363 = CARTESIAN_POINT('',(-15.77820725201,-7.437706508216,0.));
#14364 = VECTOR('',#14365,1.);
#14365 = DIRECTION('',(-0.,-0.,1.));
#14366 = PCURVE('',#4017,#14367);
#14367 = DEFINITIONAL_REPRESENTATION('',(#14368),#14372);
#14368 = LINE('',#14369,#14370);
#14369 = CARTESIAN_POINT('',(0.,0.));
#14370 = VECTOR('',#14371,1.);
#14371 = DIRECTION('',(0.,-1.));
#14372 = ( GEOMETRIC_REPRESENTATION_CONTEXT(2) 
PARAMETRIC_REPRESENTATION_CONTEXT() REPRESENTATION_CONTEXT('2D SPACE',''
  ) );
#14373 = PCURVE('',#3989,#14374);
#14374 = DEFINITIONAL_REPRESENTATION('',(#14375),#14379);
#14375 = LINE('',#14376,#14377);
#14376 = CARTESIAN_POINT('',(0.209290013536,0.));
#14377 = VECTOR('',#14378,1.);
#14378 = DIRECTION('',(0.,-1.));
#14379 = ( GEOMETRIC_REPRESENTATION_CONTEXT(2) 
PARAMETRIC_REPRESENTATION_CONTEXT() REPRESENTATION_CONTEXT('2D SPACE',''
  ) );
#14380 = ORIENTED_EDGE('',*,*,#4001,.T.);
#14381 = ORIENTED_EDGE('',*,*,#14260,.F.);
#14382 = ORIENTED_EDGE('',*,*,#14383,.F.);
#14383 = EDGE_CURVE('',#14359,#14261,#14384,.T.);
#14384 = SURFACE_CURVE('',#14385,(#14389,#14396),.PCURVE_S1.);
#14385 = LINE('',#14386,#14387);
#14386 = CARTESIAN_POINT('',(-15.77820725201,-7.437706508216,0.));
#14387 = VECTOR('',#14388,1.);
#14388 = DIRECTION('',(0.442288690219,0.896872741533,0.));
#14389 = PCURVE('',#4017,#14390);
#14390 = DEFINITIONAL_REPRESENTATION('',(#14391),#14395);
#14391 = LINE('',#14392,#14393);
#14392 = CARTESIAN_POINT('',(0.,0.));
#14393 = VECTOR('',#14394,1.);
#14394 = DIRECTION('',(1.,0.));
#14395 = ( GEOMETRIC_REPRESENTATION_CONTEXT(2) 
PARAMETRIC_REPRESENTATION_CONTEXT() REPRESENTATION_CONTEXT('2D SPACE',''
  ) );
#14396 = PCURVE('',#12285,#14397);
#14397 = DEFINITIONAL_REPRESENTATION('',(#14398),#14402);
#14398 = LINE('',#14399,#14400);
#14399 = CARTESIAN_POINT('',(1.478207252018,0.612293491784));
#14400 = VECTOR('',#14401,1.);
#14401 = DIRECTION('',(-0.442288690219,0.896872741533));
#14402 = ( GEOMETRIC_REPRESENTATION_CONTEXT(2) 
PARAMETRIC_REPRESENTATION_CONTEXT() REPRESENTATION_CONTEXT('2D SPACE',''
  ) );
#14403 = ADVANCED_FACE('',(#14404),#3905,.T.);
#14404 = FACE_BOUND('',#14405,.T.);
#14405 = EDGE_LOOP('',(#14406,#14407,#14408,#14431));
#14406 = ORIENTED_EDGE('',*,*,#14311,.T.);
#14407 = ORIENTED_EDGE('',*,*,#3889,.T.);
#14408 = ORIENTED_EDGE('',*,*,#14409,.F.);
#14409 = EDGE_CURVE('',#14410,#3890,#14412,.T.);
#14410 = VERTEX_POINT('',#14411);
#14411 = CARTESIAN_POINT('',(-15.9,-8.05,0.));
#14412 = SURFACE_CURVE('',#14413,(#14417,#14424),.PCURVE_S1.);
#14413 = LINE('',#14414,#14415);
#14414 = CARTESIAN_POINT('',(-15.9,-8.05,0.));
#14415 = VECTOR('',#14416,1.);
#14416 = DIRECTION('',(-0.,-0.,1.));
#14417 = PCURVE('',#3905,#14418);
#14418 = DEFINITIONAL_REPRESENTATION('',(#14419),#14423);
#14419 = LINE('',#14420,#14421);
#14420 = CARTESIAN_POINT('',(0.209290013536,0.));
#14421 = VECTOR('',#14422,1.);
#14422 = DIRECTION('',(0.,-1.));
#14423 = ( GEOMETRIC_REPRESENTATION_CONTEXT(2) 
PARAMETRIC_REPRESENTATION_CONTEXT() REPRESENTATION_CONTEXT('2D SPACE',''
  ) );
#14424 = PCURVE('',#3933,#14425);
#14425 = DEFINITIONAL_REPRESENTATION('',(#14426),#14430);
#14426 = LINE('',#14427,#14428);
#14427 = CARTESIAN_POINT('',(0.,0.));
#14428 = VECTOR('',#14429,1.);
#14429 = DIRECTION('',(0.,-1.));
#14430 = ( GEOMETRIC_REPRESENTATION_CONTEXT(2) 
PARAMETRIC_REPRESENTATION_CONTEXT() REPRESENTATION_CONTEXT('2D SPACE',''
  ) );
#14431 = ORIENTED_EDGE('',*,*,#14432,.F.);
#14432 = EDGE_CURVE('',#14312,#14410,#14433,.T.);
#14433 = SURFACE_CURVE('',#14434,(#14438,#14445),.PCURVE_S1.);
#14434 = LINE('',#14435,#14436);
#14435 = CARTESIAN_POINT('',(-15.88631177819,-8.258841907552,0.));
#14436 = VECTOR('',#14437,1.);
#14437 = DIRECTION('',(-6.540312923014E-02,0.997858923239,0.));
#14438 = PCURVE('',#3905,#14439);
#14439 = DEFINITIONAL_REPRESENTATION('',(#14440),#14444);
#14440 = LINE('',#14441,#14442);
#14441 = CARTESIAN_POINT('',(0.,0.));
#14442 = VECTOR('',#14443,1.);
#14443 = DIRECTION('',(1.,0.));
#14444 = ( GEOMETRIC_REPRESENTATION_CONTEXT(2) 
PARAMETRIC_REPRESENTATION_CONTEXT() REPRESENTATION_CONTEXT('2D SPACE',''
  ) );
#14445 = PCURVE('',#12285,#14446);
#14446 = DEFINITIONAL_REPRESENTATION('',(#14447),#14451);
#14447 = LINE('',#14448,#14449);
#14448 = CARTESIAN_POINT('',(1.586311778198,-0.208841907552));
#14449 = VECTOR('',#14450,1.);
#14450 = DIRECTION('',(6.540312923014E-02,0.997858923239));
#14451 = ( GEOMETRIC_REPRESENTATION_CONTEXT(2) 
PARAMETRIC_REPRESENTATION_CONTEXT() REPRESENTATION_CONTEXT('2D SPACE',''
  ) );
#14452 = ADVANCED_FACE('',(#14453),#3989,.T.);
#14453 = FACE_BOUND('',#14454,.T.);
#14454 = EDGE_LOOP('',(#14455,#14478,#14479,#14480));
#14455 = ORIENTED_EDGE('',*,*,#14456,.T.);
#14456 = EDGE_CURVE('',#14457,#3946,#14459,.T.);
#14457 = VERTEX_POINT('',#14458);
#14458 = CARTESIAN_POINT('',(-15.84548132206,-7.635889527836,0.));
#14459 = SURFACE_CURVE('',#14460,(#14464,#14471),.PCURVE_S1.);
#14460 = LINE('',#14461,#14462);
#14461 = CARTESIAN_POINT('',(-15.84548132206,-7.635889527836,0.));
#14462 = VECTOR('',#14463,1.);
#14463 = DIRECTION('',(-0.,-0.,1.));
#14464 = PCURVE('',#3989,#14465);
#14465 = DEFINITIONAL_REPRESENTATION('',(#14466),#14470);
#14466 = LINE('',#14467,#14468);
#14467 = CARTESIAN_POINT('',(0.,0.));
#14468 = VECTOR('',#14469,1.);
#14469 = DIRECTION('',(0.,-1.));
#14470 = ( GEOMETRIC_REPRESENTATION_CONTEXT(2) 
PARAMETRIC_REPRESENTATION_CONTEXT() REPRESENTATION_CONTEXT('2D SPACE',''
  ) );
#14471 = PCURVE('',#3961,#14472);
#14472 = DEFINITIONAL_REPRESENTATION('',(#14473),#14477);
#14473 = LINE('',#14474,#14475);
#14474 = CARTESIAN_POINT('',(0.209290013536,0.));
#14475 = VECTOR('',#14476,1.);
#14476 = DIRECTION('',(0.,-1.));
#14477 = ( GEOMETRIC_REPRESENTATION_CONTEXT(2) 
PARAMETRIC_REPRESENTATION_CONTEXT() REPRESENTATION_CONTEXT('2D SPACE',''
  ) );
#14478 = ORIENTED_EDGE('',*,*,#3973,.T.);
#14479 = ORIENTED_EDGE('',*,*,#14358,.F.);
#14480 = ORIENTED_EDGE('',*,*,#14481,.F.);
#14481 = EDGE_CURVE('',#14457,#14359,#14482,.T.);
#14482 = SURFACE_CURVE('',#14483,(#14487,#14494),.PCURVE_S1.);
#14483 = LINE('',#14484,#14485);
#14484 = CARTESIAN_POINT('',(-15.84548132206,-7.635889527836,0.));
#14485 = VECTOR('',#14486,1.);
#14486 = DIRECTION('',(0.321439465303,0.946930129495,0.));
#14487 = PCURVE('',#3989,#14488);
#14488 = DEFINITIONAL_REPRESENTATION('',(#14489),#14493);
#14489 = LINE('',#14490,#14491);
#14490 = CARTESIAN_POINT('',(0.,0.));
#14491 = VECTOR('',#14492,1.);
#14492 = DIRECTION('',(1.,0.));
#14493 = ( GEOMETRIC_REPRESENTATION_CONTEXT(2) 
PARAMETRIC_REPRESENTATION_CONTEXT() REPRESENTATION_CONTEXT('2D SPACE',''
  ) );
#14494 = PCURVE('',#12285,#14495);
#14495 = DEFINITIONAL_REPRESENTATION('',(#14496),#14500);
#14496 = LINE('',#14497,#14498);
#14497 = CARTESIAN_POINT('',(1.545481322062,0.414110472164));
#14498 = VECTOR('',#14499,1.);
#14499 = DIRECTION('',(-0.321439465303,0.946930129495));
#14500 = ( GEOMETRIC_REPRESENTATION_CONTEXT(2) 
PARAMETRIC_REPRESENTATION_CONTEXT() REPRESENTATION_CONTEXT('2D SPACE',''
  ) );
#14501 = ADVANCED_FACE('',(#14502),#3933,.T.);
#14502 = FACE_BOUND('',#14503,.T.);
#14503 = EDGE_LOOP('',(#14504,#14505,#14506,#14529));
#14504 = ORIENTED_EDGE('',*,*,#14409,.T.);
#14505 = ORIENTED_EDGE('',*,*,#3917,.T.);
#14506 = ORIENTED_EDGE('',*,*,#14507,.F.);
#14507 = EDGE_CURVE('',#14508,#3918,#14510,.T.);
#14508 = VERTEX_POINT('',#14509);
#14509 = CARTESIAN_POINT('',(-15.88631177819,-7.841158092448,0.));
#14510 = SURFACE_CURVE('',#14511,(#14515,#14522),.PCURVE_S1.);
#14511 = LINE('',#14512,#14513);
#14512 = CARTESIAN_POINT('',(-15.88631177819,-7.841158092448,0.));
#14513 = VECTOR('',#14514,1.);
#14514 = DIRECTION('',(-0.,-0.,1.));
#14515 = PCURVE('',#3933,#14516);
#14516 = DEFINITIONAL_REPRESENTATION('',(#14517),#14521);
#14517 = LINE('',#14518,#14519);
#14518 = CARTESIAN_POINT('',(0.209290013536,0.));
#14519 = VECTOR('',#14520,1.);
#14520 = DIRECTION('',(0.,-1.));
#14521 = ( GEOMETRIC_REPRESENTATION_CONTEXT(2) 
PARAMETRIC_REPRESENTATION_CONTEXT() REPRESENTATION_CONTEXT('2D SPACE',''
  ) );
#14522 = PCURVE('',#3961,#14523);
#14523 = DEFINITIONAL_REPRESENTATION('',(#14524),#14528);
#14524 = LINE('',#14525,#14526);
#14525 = CARTESIAN_POINT('',(0.,0.));
#14526 = VECTOR('',#14527,1.);
#14527 = DIRECTION('',(0.,-1.));
#14528 = ( GEOMETRIC_REPRESENTATION_CONTEXT(2) 
PARAMETRIC_REPRESENTATION_CONTEXT() REPRESENTATION_CONTEXT('2D SPACE',''
  ) );
#14529 = ORIENTED_EDGE('',*,*,#14530,.F.);
#14530 = EDGE_CURVE('',#14410,#14508,#14531,.T.);
#14531 = SURFACE_CURVE('',#14532,(#14536,#14543),.PCURVE_S1.);
#14532 = LINE('',#14533,#14534);
#14533 = CARTESIAN_POINT('',(-15.9,-8.05,0.));
#14534 = VECTOR('',#14535,1.);
#14535 = DIRECTION('',(6.540312923014E-02,0.997858923239,0.));
#14536 = PCURVE('',#3933,#14537);
#14537 = DEFINITIONAL_REPRESENTATION('',(#14538),#14542);
#14538 = LINE('',#14539,#14540);
#14539 = CARTESIAN_POINT('',(0.,0.));
#14540 = VECTOR('',#14541,1.);
#14541 = DIRECTION('',(1.,0.));
#14542 = ( GEOMETRIC_REPRESENTATION_CONTEXT(2) 
PARAMETRIC_REPRESENTATION_CONTEXT() REPRESENTATION_CONTEXT('2D SPACE',''
  ) );
#14543 = PCURVE('',#12285,#14544);
#14544 = DEFINITIONAL_REPRESENTATION('',(#14545),#14549);
#14545 = LINE('',#14546,#14547);
#14546 = CARTESIAN_POINT('',(1.6,3.552713678801E-15));
#14547 = VECTOR('',#14548,1.);
#14548 = DIRECTION('',(-6.540312923014E-02,0.997858923239));
#14549 = ( GEOMETRIC_REPRESENTATION_CONTEXT(2) 
PARAMETRIC_REPRESENTATION_CONTEXT() REPRESENTATION_CONTEXT('2D SPACE',''
  ) );
#14550 = ADVANCED_FACE('',(#14551),#3961,.T.);
#14551 = FACE_BOUND('',#14552,.T.);
#14552 = EDGE_LOOP('',(#14553,#14554,#14555,#14556));
#14553 = ORIENTED_EDGE('',*,*,#14507,.T.);
#14554 = ORIENTED_EDGE('',*,*,#3945,.T.);
#14555 = ORIENTED_EDGE('',*,*,#14456,.F.);
#14556 = ORIENTED_EDGE('',*,*,#14557,.F.);
#14557 = EDGE_CURVE('',#14508,#14457,#14558,.T.);
#14558 = SURFACE_CURVE('',#14559,(#14563,#14570),.PCURVE_S1.);
#14559 = LINE('',#14560,#14561);
#14560 = CARTESIAN_POINT('',(-15.88631177819,-7.841158092448,0.));
#14561 = VECTOR('',#14562,1.);
#14562 = DIRECTION('',(0.195090322016,0.980785280403,0.));
#14563 = PCURVE('',#3961,#14564);
#14564 = DEFINITIONAL_REPRESENTATION('',(#14565),#14569);
#14565 = LINE('',#14566,#14567);
#14566 = CARTESIAN_POINT('',(0.,0.));
#14567 = VECTOR('',#14568,1.);
#14568 = DIRECTION('',(1.,0.));
#14569 = ( GEOMETRIC_REPRESENTATION_CONTEXT(2) 
PARAMETRIC_REPRESENTATION_CONTEXT() REPRESENTATION_CONTEXT('2D SPACE',''
  ) );
#14570 = PCURVE('',#12285,#14571);
#14571 = DEFINITIONAL_REPRESENTATION('',(#14572),#14576);
#14572 = LINE('',#14573,#14574);
#14573 = CARTESIAN_POINT('',(1.586311778198,0.208841907552));
#14574 = VECTOR('',#14575,1.);
#14575 = DIRECTION('',(-0.195090322016,0.980785280403));
#14576 = ( GEOMETRIC_REPRESENTATION_CONTEXT(2) 
PARAMETRIC_REPRESENTATION_CONTEXT() REPRESENTATION_CONTEXT('2D SPACE',''
  ) );
#14577 = ADVANCED_FACE('',(#14578),#4638,.F.);
#14578 = FACE_BOUND('',#14579,.T.);
#14579 = EDGE_LOOP('',(#14580,#14581,#14602,#14603));
#14580 = ORIENTED_EDGE('',*,*,#4617,.T.);
#14581 = ORIENTED_EDGE('',*,*,#14582,.T.);
#14582 = EDGE_CURVE('',#4618,#7204,#14583,.T.);
#14583 = SEAM_CURVE('',#14584,(#14588,#14595),.PCURVE_S1.);
#14584 = LINE('',#14585,#14586);
#14585 = CARTESIAN_POINT('',(-35.35,8.5,-0.1));
#14586 = VECTOR('',#14587,1.);
#14587 = DIRECTION('',(0.,0.,1.));
#14588 = PCURVE('',#4638,#14589);
#14589 = DEFINITIONAL_REPRESENTATION('',(#14590),#14594);
#14590 = LINE('',#14591,#14592);
#14591 = CARTESIAN_POINT('',(-6.28318530718,0.));
#14592 = VECTOR('',#14593,1.);
#14593 = DIRECTION('',(-0.,-1.));
#14594 = ( GEOMETRIC_REPRESENTATION_CONTEXT(2) 
PARAMETRIC_REPRESENTATION_CONTEXT() REPRESENTATION_CONTEXT('2D SPACE',''
  ) );
#14595 = PCURVE('',#4638,#14596);
#14596 = DEFINITIONAL_REPRESENTATION('',(#14597),#14601);
#14597 = LINE('',#14598,#14599);
#14598 = CARTESIAN_POINT('',(-0.,0.));
#14599 = VECTOR('',#14600,1.);
#14600 = DIRECTION('',(-0.,-1.));
#14601 = ( GEOMETRIC_REPRESENTATION_CONTEXT(2) 
PARAMETRIC_REPRESENTATION_CONTEXT() REPRESENTATION_CONTEXT('2D SPACE',''
  ) );
#14602 = ORIENTED_EDGE('',*,*,#7203,.F.);
#14603 = ORIENTED_EDGE('',*,*,#14582,.F.);
#14604 = ADVANCED_FACE('',(#14605),#4670,.T.);
#14605 = FACE_BOUND('',#14606,.T.);
#14606 = EDGE_LOOP('',(#14607,#14630,#14631,#14654));
#14607 = ORIENTED_EDGE('',*,*,#14608,.T.);
#14608 = EDGE_CURVE('',#14609,#4653,#14611,.T.);
#14609 = VERTEX_POINT('',#14610);
#14610 = CARTESIAN_POINT('',(-25.75451867793,6.535889527836,0.));
#14611 = SURFACE_CURVE('',#14612,(#14616,#14623),.PCURVE_S1.);
#14612 = LINE('',#14613,#14614);
#14613 = CARTESIAN_POINT('',(-25.75451867793,6.535889527836,0.));
#14614 = VECTOR('',#14615,1.);
#14615 = DIRECTION('',(-0.,-0.,1.));
#14616 = PCURVE('',#4670,#14617);
#14617 = DEFINITIONAL_REPRESENTATION('',(#14618),#14622);
#14618 = LINE('',#14619,#14620);
#14619 = CARTESIAN_POINT('',(0.,0.));
#14620 = VECTOR('',#14621,1.);
#14621 = DIRECTION('',(0.,-1.));
#14622 = ( GEOMETRIC_REPRESENTATION_CONTEXT(2) 
PARAMETRIC_REPRESENTATION_CONTEXT() REPRESENTATION_CONTEXT('2D SPACE',''
  ) );
#14623 = PCURVE('',#5984,#14624);
#14624 = DEFINITIONAL_REPRESENTATION('',(#14625),#14629);
#14625 = LINE('',#14626,#14627);
#14626 = CARTESIAN_POINT('',(0.209290013536,0.));
#14627 = VECTOR('',#14628,1.);
#14628 = DIRECTION('',(0.,-1.));
#14629 = ( GEOMETRIC_REPRESENTATION_CONTEXT(2) 
PARAMETRIC_REPRESENTATION_CONTEXT() REPRESENTATION_CONTEXT('2D SPACE',''
  ) );
#14630 = ORIENTED_EDGE('',*,*,#4652,.T.);
#14631 = ORIENTED_EDGE('',*,*,#14632,.F.);
#14632 = EDGE_CURVE('',#14633,#4655,#14635,.T.);
#14633 = VERTEX_POINT('',#14634);
#14634 = CARTESIAN_POINT('',(-25.82179274798,6.337706508216,0.));
#14635 = SURFACE_CURVE('',#14636,(#14640,#14647),.PCURVE_S1.);
#14636 = LINE('',#14637,#14638);
#14637 = CARTESIAN_POINT('',(-25.82179274798,6.337706508216,0.));
#14638 = VECTOR('',#14639,1.);
#14639 = DIRECTION('',(-0.,-0.,1.));
#14640 = PCURVE('',#4670,#14641);
#14641 = DEFINITIONAL_REPRESENTATION('',(#14642),#14646);
#14642 = LINE('',#14643,#14644);
#14643 = CARTESIAN_POINT('',(0.209290013536,0.));
#14644 = VECTOR('',#14645,1.);
#14645 = DIRECTION('',(0.,-1.));
#14646 = ( GEOMETRIC_REPRESENTATION_CONTEXT(2) 
PARAMETRIC_REPRESENTATION_CONTEXT() REPRESENTATION_CONTEXT('2D SPACE',''
  ) );
#14647 = PCURVE('',#4698,#14648);
#14648 = DEFINITIONAL_REPRESENTATION('',(#14649),#14653);
#14649 = LINE('',#14650,#14651);
#14650 = CARTESIAN_POINT('',(0.,0.));
#14651 = VECTOR('',#14652,1.);
#14652 = DIRECTION('',(0.,-1.));
#14653 = ( GEOMETRIC_REPRESENTATION_CONTEXT(2) 
PARAMETRIC_REPRESENTATION_CONTEXT() REPRESENTATION_CONTEXT('2D SPACE',''
  ) );
#14654 = ORIENTED_EDGE('',*,*,#14655,.F.);
#14655 = EDGE_CURVE('',#14609,#14633,#14656,.T.);
#14656 = SURFACE_CURVE('',#14657,(#14661,#14668),.PCURVE_S1.);
#14657 = LINE('',#14658,#14659);
#14658 = CARTESIAN_POINT('',(-25.75451867793,6.535889527836,0.));
#14659 = VECTOR('',#14660,1.);
#14660 = DIRECTION('',(-0.321439465303,-0.946930129495,0.));
#14661 = PCURVE('',#4670,#14662);
#14662 = DEFINITIONAL_REPRESENTATION('',(#14663),#14667);
#14663 = LINE('',#14664,#14665);
#14664 = CARTESIAN_POINT('',(0.,0.));
#14665 = VECTOR('',#14666,1.);
#14666 = DIRECTION('',(1.,0.));
#14667 = ( GEOMETRIC_REPRESENTATION_CONTEXT(2) 
PARAMETRIC_REPRESENTATION_CONTEXT() REPRESENTATION_CONTEXT('2D SPACE',''
  ) );
#14668 = PCURVE('',#14669,#14674);
#14669 = PLANE('',#14670);
#14670 = AXIS2_PLACEMENT_3D('',#14671,#14672,#14673);
#14671 = CARTESIAN_POINT('',(-27.3,6.95,0.));
#14672 = DIRECTION('',(0.,-0.,-1.));
#14673 = DIRECTION('',(-1.,0.,0.));
#14674 = DEFINITIONAL_REPRESENTATION('',(#14675),#14679);
#14675 = LINE('',#14676,#14677);
#14676 = CARTESIAN_POINT('',(-1.545481322063,-0.414110472164));
#14677 = VECTOR('',#14678,1.);
#14678 = DIRECTION('',(0.321439465303,-0.946930129495));
#14679 = ( GEOMETRIC_REPRESENTATION_CONTEXT(2) 
PARAMETRIC_REPRESENTATION_CONTEXT() REPRESENTATION_CONTEXT('2D SPACE',''
  ) );
#14680 = ADVANCED_FACE('',(#14681),#5984,.T.);
#14681 = FACE_BOUND('',#14682,.T.);
#14682 = EDGE_LOOP('',(#14683,#14706,#14707,#14708));
#14683 = ORIENTED_EDGE('',*,*,#14684,.T.);
#14684 = EDGE_CURVE('',#14685,#5943,#14687,.T.);
#14685 = VERTEX_POINT('',#14686);
#14686 = CARTESIAN_POINT('',(-25.7136882218,6.741158092448,0.));
#14687 = SURFACE_CURVE('',#14688,(#14692,#14699),.PCURVE_S1.);
#14688 = LINE('',#14689,#14690);
#14689 = CARTESIAN_POINT('',(-25.7136882218,6.741158092448,0.));
#14690 = VECTOR('',#14691,1.);
#14691 = DIRECTION('',(-0.,-0.,1.));
#14692 = PCURVE('',#5984,#14693);
#14693 = DEFINITIONAL_REPRESENTATION('',(#14694),#14698);
#14694 = LINE('',#14695,#14696);
#14695 = CARTESIAN_POINT('',(0.,0.));
#14696 = VECTOR('',#14697,1.);
#14697 = DIRECTION('',(0.,-1.));
#14698 = ( GEOMETRIC_REPRESENTATION_CONTEXT(2) 
PARAMETRIC_REPRESENTATION_CONTEXT() REPRESENTATION_CONTEXT('2D SPACE',''
  ) );
#14699 = PCURVE('',#5958,#14700);
#14700 = DEFINITIONAL_REPRESENTATION('',(#14701),#14705);
#14701 = LINE('',#14702,#14703);
#14702 = CARTESIAN_POINT('',(0.209290013536,0.));
#14703 = VECTOR('',#14704,1.);
#14704 = DIRECTION('',(0.,-1.));
#14705 = ( GEOMETRIC_REPRESENTATION_CONTEXT(2) 
PARAMETRIC_REPRESENTATION_CONTEXT() REPRESENTATION_CONTEXT('2D SPACE',''
  ) );
#14706 = ORIENTED_EDGE('',*,*,#5970,.T.);
#14707 = ORIENTED_EDGE('',*,*,#14608,.F.);
#14708 = ORIENTED_EDGE('',*,*,#14709,.F.);
#14709 = EDGE_CURVE('',#14685,#14609,#14710,.T.);
#14710 = SURFACE_CURVE('',#14711,(#14715,#14722),.PCURVE_S1.);
#14711 = LINE('',#14712,#14713);
#14712 = CARTESIAN_POINT('',(-25.7136882218,6.741158092448,0.));
#14713 = VECTOR('',#14714,1.);
#14714 = DIRECTION('',(-0.195090322016,-0.980785280403,0.));
#14715 = PCURVE('',#5984,#14716);
#14716 = DEFINITIONAL_REPRESENTATION('',(#14717),#14721);
#14717 = LINE('',#14718,#14719);
#14718 = CARTESIAN_POINT('',(0.,0.));
#14719 = VECTOR('',#14720,1.);
#14720 = DIRECTION('',(1.,0.));
#14721 = ( GEOMETRIC_REPRESENTATION_CONTEXT(2) 
PARAMETRIC_REPRESENTATION_CONTEXT() REPRESENTATION_CONTEXT('2D SPACE',''
  ) );
#14722 = PCURVE('',#14669,#14723);
#14723 = DEFINITIONAL_REPRESENTATION('',(#14724),#14728);
#14724 = LINE('',#14725,#14726);
#14725 = CARTESIAN_POINT('',(-1.586311778198,-0.208841907552));
#14726 = VECTOR('',#14727,1.);
#14727 = DIRECTION('',(0.195090322016,-0.980785280403));
#14728 = ( GEOMETRIC_REPRESENTATION_CONTEXT(2) 
PARAMETRIC_REPRESENTATION_CONTEXT() REPRESENTATION_CONTEXT('2D SPACE',''
  ) );
#14729 = ADVANCED_FACE('',(#14730),#4698,.T.);
#14730 = FACE_BOUND('',#14731,.T.);
#14731 = EDGE_LOOP('',(#14732,#14733,#14734,#14757));
#14732 = ORIENTED_EDGE('',*,*,#14632,.T.);
#14733 = ORIENTED_EDGE('',*,*,#4682,.T.);
#14734 = ORIENTED_EDGE('',*,*,#14735,.F.);
#14735 = EDGE_CURVE('',#14736,#4683,#14738,.T.);
#14736 = VERTEX_POINT('',#14737);
#14737 = CARTESIAN_POINT('',(-25.91435935394,6.15,0.));
#14738 = SURFACE_CURVE('',#14739,(#14743,#14750),.PCURVE_S1.);
#14739 = LINE('',#14740,#14741);
#14740 = CARTESIAN_POINT('',(-25.91435935394,6.15,0.));
#14741 = VECTOR('',#14742,1.);
#14742 = DIRECTION('',(-0.,-0.,1.));
#14743 = PCURVE('',#4698,#14744);
#14744 = DEFINITIONAL_REPRESENTATION('',(#14745),#14749);
#14745 = LINE('',#14746,#14747);
#14746 = CARTESIAN_POINT('',(0.209290013536,0.));
#14747 = VECTOR('',#14748,1.);
#14748 = DIRECTION('',(0.,-1.));
#14749 = ( GEOMETRIC_REPRESENTATION_CONTEXT(2) 
PARAMETRIC_REPRESENTATION_CONTEXT() REPRESENTATION_CONTEXT('2D SPACE',''
  ) );
#14750 = PCURVE('',#4726,#14751);
#14751 = DEFINITIONAL_REPRESENTATION('',(#14752),#14756);
#14752 = LINE('',#14753,#14754);
#14753 = CARTESIAN_POINT('',(0.,0.));
#14754 = VECTOR('',#14755,1.);
#14755 = DIRECTION('',(0.,-1.));
#14756 = ( GEOMETRIC_REPRESENTATION_CONTEXT(2) 
PARAMETRIC_REPRESENTATION_CONTEXT() REPRESENTATION_CONTEXT('2D SPACE',''
  ) );
#14757 = ORIENTED_EDGE('',*,*,#14758,.F.);
#14758 = EDGE_CURVE('',#14633,#14736,#14759,.T.);
#14759 = SURFACE_CURVE('',#14760,(#14764,#14771),.PCURVE_S1.);
#14760 = LINE('',#14761,#14762);
#14761 = CARTESIAN_POINT('',(-25.82179274798,6.337706508216,0.));
#14762 = VECTOR('',#14763,1.);
#14763 = DIRECTION('',(-0.442288690219,-0.896872741533,0.));
#14764 = PCURVE('',#4698,#14765);
#14765 = DEFINITIONAL_REPRESENTATION('',(#14766),#14770);
#14766 = LINE('',#14767,#14768);
#14767 = CARTESIAN_POINT('',(0.,0.));
#14768 = VECTOR('',#14769,1.);
#14769 = DIRECTION('',(1.,0.));
#14770 = ( GEOMETRIC_REPRESENTATION_CONTEXT(2) 
PARAMETRIC_REPRESENTATION_CONTEXT() REPRESENTATION_CONTEXT('2D SPACE',''
  ) );
#14771 = PCURVE('',#14669,#14772);
#14772 = DEFINITIONAL_REPRESENTATION('',(#14773),#14777);
#14773 = LINE('',#14774,#14775);
#14774 = CARTESIAN_POINT('',(-1.478207252018,-0.612293491784));
#14775 = VECTOR('',#14776,1.);
#14776 = DIRECTION('',(0.442288690219,-0.896872741533));
#14777 = ( GEOMETRIC_REPRESENTATION_CONTEXT(2) 
PARAMETRIC_REPRESENTATION_CONTEXT() REPRESENTATION_CONTEXT('2D SPACE',''
  ) );
#14778 = ADVANCED_FACE('',(#14779),#5958,.T.);
#14779 = FACE_BOUND('',#14780,.T.);
#14780 = EDGE_LOOP('',(#14781,#14804,#14805,#14806));
#14781 = ORIENTED_EDGE('',*,*,#14782,.T.);
#14782 = EDGE_CURVE('',#14783,#5915,#14785,.T.);
#14783 = VERTEX_POINT('',#14784);
#14784 = CARTESIAN_POINT('',(-25.7,6.95,0.));
#14785 = SURFACE_CURVE('',#14786,(#14790,#14797),.PCURVE_S1.);
#14786 = LINE('',#14787,#14788);
#14787 = CARTESIAN_POINT('',(-25.7,6.95,0.));
#14788 = VECTOR('',#14789,1.);
#14789 = DIRECTION('',(-0.,-0.,1.));
#14790 = PCURVE('',#5958,#14791);
#14791 = DEFINITIONAL_REPRESENTATION('',(#14792),#14796);
#14792 = LINE('',#14793,#14794);
#14793 = CARTESIAN_POINT('',(0.,0.));
#14794 = VECTOR('',#14795,1.);
#14795 = DIRECTION('',(0.,-1.));
#14796 = ( GEOMETRIC_REPRESENTATION_CONTEXT(2) 
PARAMETRIC_REPRESENTATION_CONTEXT() REPRESENTATION_CONTEXT('2D SPACE',''
  ) );
#14797 = PCURVE('',#5930,#14798);
#14798 = DEFINITIONAL_REPRESENTATION('',(#14799),#14803);
#14799 = LINE('',#14800,#14801);
#14800 = CARTESIAN_POINT('',(0.209290013536,0.));
#14801 = VECTOR('',#14802,1.);
#14802 = DIRECTION('',(0.,-1.));
#14803 = ( GEOMETRIC_REPRESENTATION_CONTEXT(2) 
PARAMETRIC_REPRESENTATION_CONTEXT() REPRESENTATION_CONTEXT('2D SPACE',''
  ) );
#14804 = ORIENTED_EDGE('',*,*,#5942,.T.);
#14805 = ORIENTED_EDGE('',*,*,#14684,.F.);
#14806 = ORIENTED_EDGE('',*,*,#14807,.F.);
#14807 = EDGE_CURVE('',#14783,#14685,#14808,.T.);
#14808 = SURFACE_CURVE('',#14809,(#14813,#14820),.PCURVE_S1.);
#14809 = LINE('',#14810,#14811);
#14810 = CARTESIAN_POINT('',(-25.7,6.95,0.));
#14811 = VECTOR('',#14812,1.);
#14812 = DIRECTION('',(-6.540312923014E-02,-0.997858923239,0.));
#14813 = PCURVE('',#5958,#14814);
#14814 = DEFINITIONAL_REPRESENTATION('',(#14815),#14819);
#14815 = LINE('',#14816,#14817);
#14816 = CARTESIAN_POINT('',(0.,0.));
#14817 = VECTOR('',#14818,1.);
#14818 = DIRECTION('',(1.,0.));
#14819 = ( GEOMETRIC_REPRESENTATION_CONTEXT(2) 
PARAMETRIC_REPRESENTATION_CONTEXT() REPRESENTATION_CONTEXT('2D SPACE',''
  ) );
#14820 = PCURVE('',#14669,#14821);
#14821 = DEFINITIONAL_REPRESENTATION('',(#14822),#14826);
#14822 = LINE('',#14823,#14824);
#14823 = CARTESIAN_POINT('',(-1.6,-1.7763568394E-15));
#14824 = VECTOR('',#14825,1.);
#14825 = DIRECTION('',(6.540312923014E-02,-0.997858923239));
#14826 = ( GEOMETRIC_REPRESENTATION_CONTEXT(2) 
PARAMETRIC_REPRESENTATION_CONTEXT() REPRESENTATION_CONTEXT('2D SPACE',''
  ) );
#14827 = ADVANCED_FACE('',(#14828),#4726,.T.);
#14828 = FACE_BOUND('',#14829,.T.);
#14829 = EDGE_LOOP('',(#14830,#14831,#14832,#14855));
#14830 = ORIENTED_EDGE('',*,*,#14735,.T.);
#14831 = ORIENTED_EDGE('',*,*,#4710,.T.);
#14832 = ORIENTED_EDGE('',*,*,#14833,.F.);
#14833 = EDGE_CURVE('',#14834,#4711,#14836,.T.);
#14834 = VERTEX_POINT('',#14835);
#14835 = CARTESIAN_POINT('',(-26.03063465553,5.975981713586,0.));
#14836 = SURFACE_CURVE('',#14837,(#14841,#14848),.PCURVE_S1.);
#14837 = LINE('',#14838,#14839);
#14838 = CARTESIAN_POINT('',(-26.03063465553,5.975981713586,0.));
#14839 = VECTOR('',#14840,1.);
#14840 = DIRECTION('',(-0.,-0.,1.));
#14841 = PCURVE('',#4726,#14842);
#14842 = DEFINITIONAL_REPRESENTATION('',(#14843),#14847);
#14843 = LINE('',#14844,#14845);
#14844 = CARTESIAN_POINT('',(0.209290013536,0.));
#14845 = VECTOR('',#14846,1.);
#14846 = DIRECTION('',(0.,-1.));
#14847 = ( GEOMETRIC_REPRESENTATION_CONTEXT(2) 
PARAMETRIC_REPRESENTATION_CONTEXT() REPRESENTATION_CONTEXT('2D SPACE',''
  ) );
#14848 = PCURVE('',#4754,#14849);
#14849 = DEFINITIONAL_REPRESENTATION('',(#14850),#14854);
#14850 = LINE('',#14851,#14852);
#14851 = CARTESIAN_POINT('',(0.,0.));
#14852 = VECTOR('',#14853,1.);
#14853 = DIRECTION('',(0.,-1.));
#14854 = ( GEOMETRIC_REPRESENTATION_CONTEXT(2) 
PARAMETRIC_REPRESENTATION_CONTEXT() REPRESENTATION_CONTEXT('2D SPACE',''
  ) );
#14855 = ORIENTED_EDGE('',*,*,#14856,.F.);
#14856 = EDGE_CURVE('',#14736,#14834,#14857,.T.);
#14857 = SURFACE_CURVE('',#14858,(#14862,#14869),.PCURVE_S1.);
#14858 = LINE('',#14859,#14860);
#14859 = CARTESIAN_POINT('',(-25.91435935394,6.15,0.));
#14860 = VECTOR('',#14861,1.);
#14861 = DIRECTION('',(-0.55557023302,-0.831469612303,0.));
#14862 = PCURVE('',#4726,#14863);
#14863 = DEFINITIONAL_REPRESENTATION('',(#14864),#14868);
#14864 = LINE('',#14865,#14866);
#14865 = CARTESIAN_POINT('',(0.,0.));
#14866 = VECTOR('',#14867,1.);
#14867 = DIRECTION('',(1.,0.));
#14868 = ( GEOMETRIC_REPRESENTATION_CONTEXT(2) 
PARAMETRIC_REPRESENTATION_CONTEXT() REPRESENTATION_CONTEXT('2D SPACE',''
  ) );
#14869 = PCURVE('',#14669,#14870);
#14870 = DEFINITIONAL_REPRESENTATION('',(#14871),#14875);
#14871 = LINE('',#14872,#14873);
#14872 = CARTESIAN_POINT('',(-1.385640646055,-0.8));
#14873 = VECTOR('',#14874,1.);
#14874 = DIRECTION('',(0.55557023302,-0.831469612303));
#14875 = ( GEOMETRIC_REPRESENTATION_CONTEXT(2) 
PARAMETRIC_REPRESENTATION_CONTEXT() REPRESENTATION_CONTEXT('2D SPACE',''
  ) );
#14876 = ADVANCED_FACE('',(#14877),#5930,.T.);
#14877 = FACE_BOUND('',#14878,.T.);
#14878 = EDGE_LOOP('',(#14879,#14902,#14903,#14904));
#14879 = ORIENTED_EDGE('',*,*,#14880,.T.);
#14880 = EDGE_CURVE('',#14881,#5887,#14883,.T.);
#14881 = VERTEX_POINT('',#14882);
#14882 = CARTESIAN_POINT('',(-25.7136882218,7.158841907552,0.));
#14883 = SURFACE_CURVE('',#14884,(#14888,#14895),.PCURVE_S1.);
#14884 = LINE('',#14885,#14886);
#14885 = CARTESIAN_POINT('',(-25.7136882218,7.158841907552,0.));
#14886 = VECTOR('',#14887,1.);
#14887 = DIRECTION('',(-0.,-0.,1.));
#14888 = PCURVE('',#5930,#14889);
#14889 = DEFINITIONAL_REPRESENTATION('',(#14890),#14894);
#14890 = LINE('',#14891,#14892);
#14891 = CARTESIAN_POINT('',(0.,0.));
#14892 = VECTOR('',#14893,1.);
#14893 = DIRECTION('',(0.,-1.));
#14894 = ( GEOMETRIC_REPRESENTATION_CONTEXT(2) 
PARAMETRIC_REPRESENTATION_CONTEXT() REPRESENTATION_CONTEXT('2D SPACE',''
  ) );
#14895 = PCURVE('',#5902,#14896);
#14896 = DEFINITIONAL_REPRESENTATION('',(#14897),#14901);
#14897 = LINE('',#14898,#14899);
#14898 = CARTESIAN_POINT('',(0.209290013536,0.));
#14899 = VECTOR('',#14900,1.);
#14900 = DIRECTION('',(0.,-1.));
#14901 = ( GEOMETRIC_REPRESENTATION_CONTEXT(2) 
PARAMETRIC_REPRESENTATION_CONTEXT() REPRESENTATION_CONTEXT('2D SPACE',''
  ) );
#14902 = ORIENTED_EDGE('',*,*,#5914,.T.);
#14903 = ORIENTED_EDGE('',*,*,#14782,.F.);
#14904 = ORIENTED_EDGE('',*,*,#14905,.F.);
#14905 = EDGE_CURVE('',#14881,#14783,#14906,.T.);
#14906 = SURFACE_CURVE('',#14907,(#14911,#14918),.PCURVE_S1.);
#14907 = LINE('',#14908,#14909);
#14908 = CARTESIAN_POINT('',(-25.7136882218,7.158841907552,0.));
#14909 = VECTOR('',#14910,1.);
#14910 = DIRECTION('',(6.540312923014E-02,-0.997858923239,0.));
#14911 = PCURVE('',#5930,#14912);
#14912 = DEFINITIONAL_REPRESENTATION('',(#14913),#14917);
#14913 = LINE('',#14914,#14915);
#14914 = CARTESIAN_POINT('',(0.,0.));
#14915 = VECTOR('',#14916,1.);
#14916 = DIRECTION('',(1.,0.));
#14917 = ( GEOMETRIC_REPRESENTATION_CONTEXT(2) 
PARAMETRIC_REPRESENTATION_CONTEXT() REPRESENTATION_CONTEXT('2D SPACE',''
  ) );
#14918 = PCURVE('',#14669,#14919);
#14919 = DEFINITIONAL_REPRESENTATION('',(#14920),#14924);
#14920 = LINE('',#14921,#14922);
#14921 = CARTESIAN_POINT('',(-1.586311778198,0.208841907552));
#14922 = VECTOR('',#14923,1.);
#14923 = DIRECTION('',(-6.540312923014E-02,-0.997858923239));
#14924 = ( GEOMETRIC_REPRESENTATION_CONTEXT(2) 
PARAMETRIC_REPRESENTATION_CONTEXT() REPRESENTATION_CONTEXT('2D SPACE',''
  ) );
#14925 = ADVANCED_FACE('',(#14926),#4754,.T.);
#14926 = FACE_BOUND('',#14927,.T.);
#14927 = EDGE_LOOP('',(#14928,#14929,#14930,#14953));
#14928 = ORIENTED_EDGE('',*,*,#14833,.T.);
#14929 = ORIENTED_EDGE('',*,*,#4738,.T.);
#14930 = ORIENTED_EDGE('',*,*,#14931,.F.);
#14931 = EDGE_CURVE('',#14932,#4739,#14934,.T.);
#14932 = VERTEX_POINT('',#14933);
#14933 = CARTESIAN_POINT('',(-26.1686291501,5.818629150102,0.));
#14934 = SURFACE_CURVE('',#14935,(#14939,#14946),.PCURVE_S1.);
#14935 = LINE('',#14936,#14937);
#14936 = CARTESIAN_POINT('',(-26.1686291501,5.818629150102,0.));
#14937 = VECTOR('',#14938,1.);
#14938 = DIRECTION('',(-0.,-0.,1.));
#14939 = PCURVE('',#4754,#14940);
#14940 = DEFINITIONAL_REPRESENTATION('',(#14941),#14945);
#14941 = LINE('',#14942,#14943);
#14942 = CARTESIAN_POINT('',(0.209290013536,0.));
#14943 = VECTOR('',#14944,1.);
#14944 = DIRECTION('',(0.,-1.));
#14945 = ( GEOMETRIC_REPRESENTATION_CONTEXT(2) 
PARAMETRIC_REPRESENTATION_CONTEXT() REPRESENTATION_CONTEXT('2D SPACE',''
  ) );
#14946 = PCURVE('',#4782,#14947);
#14947 = DEFINITIONAL_REPRESENTATION('',(#14948),#14952);
#14948 = LINE('',#14949,#14950);
#14949 = CARTESIAN_POINT('',(0.,0.));
#14950 = VECTOR('',#14951,1.);
#14951 = DIRECTION('',(0.,-1.));
#14952 = ( GEOMETRIC_REPRESENTATION_CONTEXT(2) 
PARAMETRIC_REPRESENTATION_CONTEXT() REPRESENTATION_CONTEXT('2D SPACE',''
  ) );
#14953 = ORIENTED_EDGE('',*,*,#14954,.F.);
#14954 = EDGE_CURVE('',#14834,#14932,#14955,.T.);
#14955 = SURFACE_CURVE('',#14956,(#14960,#14967),.PCURVE_S1.);
#14956 = LINE('',#14957,#14958);
#14957 = CARTESIAN_POINT('',(-26.03063465553,5.975981713586,0.));
#14958 = VECTOR('',#14959,1.);
#14959 = DIRECTION('',(-0.6593458151,-0.751839807479,0.));
#14960 = PCURVE('',#4754,#14961);
#14961 = DEFINITIONAL_REPRESENTATION('',(#14962),#14966);
#14962 = LINE('',#14963,#14964);
#14963 = CARTESIAN_POINT('',(0.,0.));
#14964 = VECTOR('',#14965,1.);
#14965 = DIRECTION('',(1.,0.));
#14966 = ( GEOMETRIC_REPRESENTATION_CONTEXT(2) 
PARAMETRIC_REPRESENTATION_CONTEXT() REPRESENTATION_CONTEXT('2D SPACE',''
  ) );
#14967 = PCURVE('',#14669,#14968);
#14968 = DEFINITIONAL_REPRESENTATION('',(#14969),#14973);
#14969 = LINE('',#14970,#14971);
#14970 = CARTESIAN_POINT('',(-1.269365344466,-0.974018286414));
#14971 = VECTOR('',#14972,1.);
#14972 = DIRECTION('',(0.6593458151,-0.751839807479));
#14973 = ( GEOMETRIC_REPRESENTATION_CONTEXT(2) 
PARAMETRIC_REPRESENTATION_CONTEXT() REPRESENTATION_CONTEXT('2D SPACE',''
  ) );
#14974 = ADVANCED_FACE('',(#14975),#5902,.T.);
#14975 = FACE_BOUND('',#14976,.T.);
#14976 = EDGE_LOOP('',(#14977,#15000,#15001,#15002));
#14977 = ORIENTED_EDGE('',*,*,#14978,.T.);
#14978 = EDGE_CURVE('',#14979,#5859,#14981,.T.);
#14979 = VERTEX_POINT('',#14980);
#14980 = CARTESIAN_POINT('',(-25.75451867793,7.364110472164,0.));
#14981 = SURFACE_CURVE('',#14982,(#14986,#14993),.PCURVE_S1.);
#14982 = LINE('',#14983,#14984);
#14983 = CARTESIAN_POINT('',(-25.75451867793,7.364110472164,0.));
#14984 = VECTOR('',#14985,1.);
#14985 = DIRECTION('',(-0.,-0.,1.));
#14986 = PCURVE('',#5902,#14987);
#14987 = DEFINITIONAL_REPRESENTATION('',(#14988),#14992);
#14988 = LINE('',#14989,#14990);
#14989 = CARTESIAN_POINT('',(0.,0.));
#14990 = VECTOR('',#14991,1.);
#14991 = DIRECTION('',(0.,-1.));
#14992 = ( GEOMETRIC_REPRESENTATION_CONTEXT(2) 
PARAMETRIC_REPRESENTATION_CONTEXT() REPRESENTATION_CONTEXT('2D SPACE',''
  ) );
#14993 = PCURVE('',#5874,#14994);
#14994 = DEFINITIONAL_REPRESENTATION('',(#14995),#14999);
#14995 = LINE('',#14996,#14997);
#14996 = CARTESIAN_POINT('',(0.209290013536,0.));
#14997 = VECTOR('',#14998,1.);
#14998 = DIRECTION('',(0.,-1.));
#14999 = ( GEOMETRIC_REPRESENTATION_CONTEXT(2) 
PARAMETRIC_REPRESENTATION_CONTEXT() REPRESENTATION_CONTEXT('2D SPACE',''
  ) );
#15000 = ORIENTED_EDGE('',*,*,#5886,.T.);
#15001 = ORIENTED_EDGE('',*,*,#14880,.F.);
#15002 = ORIENTED_EDGE('',*,*,#15003,.F.);
#15003 = EDGE_CURVE('',#14979,#14881,#15004,.T.);
#15004 = SURFACE_CURVE('',#15005,(#15009,#15016),.PCURVE_S1.);
#15005 = LINE('',#15006,#15007);
#15006 = CARTESIAN_POINT('',(-25.75451867793,7.364110472164,0.));
#15007 = VECTOR('',#15008,1.);
#15008 = DIRECTION('',(0.195090322016,-0.980785280403,0.));
#15009 = PCURVE('',#5902,#15010);
#15010 = DEFINITIONAL_REPRESENTATION('',(#15011),#15015);
#15011 = LINE('',#15012,#15013);
#15012 = CARTESIAN_POINT('',(0.,0.));
#15013 = VECTOR('',#15014,1.);
#15014 = DIRECTION('',(1.,0.));
#15015 = ( GEOMETRIC_REPRESENTATION_CONTEXT(2) 
PARAMETRIC_REPRESENTATION_CONTEXT() REPRESENTATION_CONTEXT('2D SPACE',''
  ) );
#15016 = PCURVE('',#14669,#15017);
#15017 = DEFINITIONAL_REPRESENTATION('',(#15018),#15022);
#15018 = LINE('',#15019,#15020);
#15019 = CARTESIAN_POINT('',(-1.545481322063,0.414110472164));
#15020 = VECTOR('',#15021,1.);
#15021 = DIRECTION('',(-0.195090322016,-0.980785280403));
#15022 = ( GEOMETRIC_REPRESENTATION_CONTEXT(2) 
PARAMETRIC_REPRESENTATION_CONTEXT() REPRESENTATION_CONTEXT('2D SPACE',''
  ) );
#15023 = ADVANCED_FACE('',(#15024),#4782,.T.);
#15024 = FACE_BOUND('',#15025,.T.);
#15025 = EDGE_LOOP('',(#15026,#15027,#15028,#15051));
#15026 = ORIENTED_EDGE('',*,*,#14931,.T.);
#15027 = ORIENTED_EDGE('',*,*,#4766,.T.);
#15028 = ORIENTED_EDGE('',*,*,#15029,.F.);
#15029 = EDGE_CURVE('',#15030,#4767,#15032,.T.);
#15030 = VERTEX_POINT('',#15031);
#15031 = CARTESIAN_POINT('',(-26.32598171358,5.680634655534,0.));
#15032 = SURFACE_CURVE('',#15033,(#15037,#15044),.PCURVE_S1.);
#15033 = LINE('',#15034,#15035);
#15034 = CARTESIAN_POINT('',(-26.32598171358,5.680634655534,0.));
#15035 = VECTOR('',#15036,1.);
#15036 = DIRECTION('',(-0.,-0.,1.));
#15037 = PCURVE('',#4782,#15038);
#15038 = DEFINITIONAL_REPRESENTATION('',(#15039),#15043);
#15039 = LINE('',#15040,#15041);
#15040 = CARTESIAN_POINT('',(0.209290013536,0.));
#15041 = VECTOR('',#15042,1.);
#15042 = DIRECTION('',(0.,-1.));
#15043 = ( GEOMETRIC_REPRESENTATION_CONTEXT(2) 
PARAMETRIC_REPRESENTATION_CONTEXT() REPRESENTATION_CONTEXT('2D SPACE',''
  ) );
#15044 = PCURVE('',#4810,#15045);
#15045 = DEFINITIONAL_REPRESENTATION('',(#15046),#15050);
#15046 = LINE('',#15047,#15048);
#15047 = CARTESIAN_POINT('',(0.,0.));
#15048 = VECTOR('',#15049,1.);
#15049 = DIRECTION('',(0.,-1.));
#15050 = ( GEOMETRIC_REPRESENTATION_CONTEXT(2) 
PARAMETRIC_REPRESENTATION_CONTEXT() REPRESENTATION_CONTEXT('2D SPACE',''
  ) );
#15051 = ORIENTED_EDGE('',*,*,#15052,.F.);
#15052 = EDGE_CURVE('',#14932,#15030,#15053,.T.);
#15053 = SURFACE_CURVE('',#15054,(#15058,#15065),.PCURVE_S1.);
#15054 = LINE('',#15055,#15056);
#15055 = CARTESIAN_POINT('',(-26.1686291501,5.818629150102,0.));
#15056 = VECTOR('',#15057,1.);
#15057 = DIRECTION('',(-0.751839807479,-0.6593458151,0.));
#15058 = PCURVE('',#4782,#15059);
#15059 = DEFINITIONAL_REPRESENTATION('',(#15060),#15064);
#15060 = LINE('',#15061,#15062);
#15061 = CARTESIAN_POINT('',(0.,0.));
#15062 = VECTOR('',#15063,1.);
#15063 = DIRECTION('',(1.,0.));
#15064 = ( GEOMETRIC_REPRESENTATION_CONTEXT(2) 
PARAMETRIC_REPRESENTATION_CONTEXT() REPRESENTATION_CONTEXT('2D SPACE',''
  ) );
#15065 = PCURVE('',#14669,#15066);
#15066 = DEFINITIONAL_REPRESENTATION('',(#15067),#15071);
#15067 = LINE('',#15068,#15069);
#15068 = CARTESIAN_POINT('',(-1.131370849898,-1.131370849898));
#15069 = VECTOR('',#15070,1.);
#15070 = DIRECTION('',(0.751839807479,-0.6593458151));
#15071 = ( GEOMETRIC_REPRESENTATION_CONTEXT(2) 
PARAMETRIC_REPRESENTATION_CONTEXT() REPRESENTATION_CONTEXT('2D SPACE',''
  ) );
#15072 = ADVANCED_FACE('',(#15073),#5874,.T.);
#15073 = FACE_BOUND('',#15074,.T.);
#15074 = EDGE_LOOP('',(#15075,#15098,#15099,#15100));
#15075 = ORIENTED_EDGE('',*,*,#15076,.T.);
#15076 = EDGE_CURVE('',#15077,#5831,#15079,.T.);
#15077 = VERTEX_POINT('',#15078);
#15078 = CARTESIAN_POINT('',(-25.82179274798,7.562293491784,0.));
#15079 = SURFACE_CURVE('',#15080,(#15084,#15091),.PCURVE_S1.);
#15080 = LINE('',#15081,#15082);
#15081 = CARTESIAN_POINT('',(-25.82179274798,7.562293491784,0.));
#15082 = VECTOR('',#15083,1.);
#15083 = DIRECTION('',(-0.,-0.,1.));
#15084 = PCURVE('',#5874,#15085);
#15085 = DEFINITIONAL_REPRESENTATION('',(#15086),#15090);
#15086 = LINE('',#15087,#15088);
#15087 = CARTESIAN_POINT('',(0.,0.));
#15088 = VECTOR('',#15089,1.);
#15089 = DIRECTION('',(0.,-1.));
#15090 = ( GEOMETRIC_REPRESENTATION_CONTEXT(2) 
PARAMETRIC_REPRESENTATION_CONTEXT() REPRESENTATION_CONTEXT('2D SPACE',''
  ) );
#15091 = PCURVE('',#5846,#15092);
#15092 = DEFINITIONAL_REPRESENTATION('',(#15093),#15097);
#15093 = LINE('',#15094,#15095);
#15094 = CARTESIAN_POINT('',(0.209290013536,0.));
#15095 = VECTOR('',#15096,1.);
#15096 = DIRECTION('',(0.,-1.));
#15097 = ( GEOMETRIC_REPRESENTATION_CONTEXT(2) 
PARAMETRIC_REPRESENTATION_CONTEXT() REPRESENTATION_CONTEXT('2D SPACE',''
  ) );
#15098 = ORIENTED_EDGE('',*,*,#5858,.T.);
#15099 = ORIENTED_EDGE('',*,*,#14978,.F.);
#15100 = ORIENTED_EDGE('',*,*,#15101,.F.);
#15101 = EDGE_CURVE('',#15077,#14979,#15102,.T.);
#15102 = SURFACE_CURVE('',#15103,(#15107,#15114),.PCURVE_S1.);
#15103 = LINE('',#15104,#15105);
#15104 = CARTESIAN_POINT('',(-25.82179274798,7.562293491784,0.));
#15105 = VECTOR('',#15106,1.);
#15106 = DIRECTION('',(0.321439465303,-0.946930129495,0.));
#15107 = PCURVE('',#5874,#15108);
#15108 = DEFINITIONAL_REPRESENTATION('',(#15109),#15113);
#15109 = LINE('',#15110,#15111);
#15110 = CARTESIAN_POINT('',(0.,0.));
#15111 = VECTOR('',#15112,1.);
#15112 = DIRECTION('',(1.,0.));
#15113 = ( GEOMETRIC_REPRESENTATION_CONTEXT(2) 
PARAMETRIC_REPRESENTATION_CONTEXT() REPRESENTATION_CONTEXT('2D SPACE',''
  ) );
#15114 = PCURVE('',#14669,#15115);
#15115 = DEFINITIONAL_REPRESENTATION('',(#15116),#15120);
#15116 = LINE('',#15117,#15118);
#15117 = CARTESIAN_POINT('',(-1.478207252018,0.612293491784));
#15118 = VECTOR('',#15119,1.);
#15119 = DIRECTION('',(-0.321439465303,-0.946930129495));
#15120 = ( GEOMETRIC_REPRESENTATION_CONTEXT(2) 
PARAMETRIC_REPRESENTATION_CONTEXT() REPRESENTATION_CONTEXT('2D SPACE',''
  ) );
#15121 = ADVANCED_FACE('',(#15122),#4810,.T.);
#15122 = FACE_BOUND('',#15123,.T.);
#15123 = EDGE_LOOP('',(#15124,#15125,#15126,#15149));
#15124 = ORIENTED_EDGE('',*,*,#15029,.T.);
#15125 = ORIENTED_EDGE('',*,*,#4794,.T.);
#15126 = ORIENTED_EDGE('',*,*,#15127,.F.);
#15127 = EDGE_CURVE('',#15128,#4795,#15130,.T.);
#15128 = VERTEX_POINT('',#15129);
#15129 = CARTESIAN_POINT('',(-26.5,5.564359353945,0.));
#15130 = SURFACE_CURVE('',#15131,(#15135,#15142),.PCURVE_S1.);
#15131 = LINE('',#15132,#15133);
#15132 = CARTESIAN_POINT('',(-26.5,5.564359353945,0.));
#15133 = VECTOR('',#15134,1.);
#15134 = DIRECTION('',(-0.,-0.,1.));
#15135 = PCURVE('',#4810,#15136);
#15136 = DEFINITIONAL_REPRESENTATION('',(#15137),#15141);
#15137 = LINE('',#15138,#15139);
#15138 = CARTESIAN_POINT('',(0.209290013536,0.));
#15139 = VECTOR('',#15140,1.);
#15140 = DIRECTION('',(0.,-1.));
#15141 = ( GEOMETRIC_REPRESENTATION_CONTEXT(2) 
PARAMETRIC_REPRESENTATION_CONTEXT() REPRESENTATION_CONTEXT('2D SPACE',''
  ) );
#15142 = PCURVE('',#4838,#15143);
#15143 = DEFINITIONAL_REPRESENTATION('',(#15144),#15148);
#15144 = LINE('',#15145,#15146);
#15145 = CARTESIAN_POINT('',(0.,0.));
#15146 = VECTOR('',#15147,1.);
#15147 = DIRECTION('',(0.,-1.));
#15148 = ( GEOMETRIC_REPRESENTATION_CONTEXT(2) 
PARAMETRIC_REPRESENTATION_CONTEXT() REPRESENTATION_CONTEXT('2D SPACE',''
  ) );
#15149 = ORIENTED_EDGE('',*,*,#15150,.F.);
#15150 = EDGE_CURVE('',#15030,#15128,#15151,.T.);
#15151 = SURFACE_CURVE('',#15152,(#15156,#15163),.PCURVE_S1.);
#15152 = LINE('',#15153,#15154);
#15153 = CARTESIAN_POINT('',(-26.32598171358,5.680634655534,0.));
#15154 = VECTOR('',#15155,1.);
#15155 = DIRECTION('',(-0.831469612303,-0.55557023302,0.));
#15156 = PCURVE('',#4810,#15157);
#15157 = DEFINITIONAL_REPRESENTATION('',(#15158),#15162);
#15158 = LINE('',#15159,#15160);
#15159 = CARTESIAN_POINT('',(0.,0.));
#15160 = VECTOR('',#15161,1.);
#15161 = DIRECTION('',(1.,0.));
#15162 = ( GEOMETRIC_REPRESENTATION_CONTEXT(2) 
PARAMETRIC_REPRESENTATION_CONTEXT() REPRESENTATION_CONTEXT('2D SPACE',''
  ) );
#15163 = PCURVE('',#14669,#15164);
#15164 = DEFINITIONAL_REPRESENTATION('',(#15165),#15169);
#15165 = LINE('',#15166,#15167);
#15166 = CARTESIAN_POINT('',(-0.974018286414,-1.269365344466));
#15167 = VECTOR('',#15168,1.);
#15168 = DIRECTION('',(0.831469612303,-0.55557023302));
#15169 = ( GEOMETRIC_REPRESENTATION_CONTEXT(2) 
PARAMETRIC_REPRESENTATION_CONTEXT() REPRESENTATION_CONTEXT('2D SPACE',''
  ) );
#15170 = ADVANCED_FACE('',(#15171),#5846,.T.);
#15171 = FACE_BOUND('',#15172,.T.);
#15172 = EDGE_LOOP('',(#15173,#15196,#15197,#15198));
#15173 = ORIENTED_EDGE('',*,*,#15174,.T.);
#15174 = EDGE_CURVE('',#15175,#5803,#15177,.T.);
#15175 = VERTEX_POINT('',#15176);
#15176 = CARTESIAN_POINT('',(-25.91435935394,7.75,0.));
#15177 = SURFACE_CURVE('',#15178,(#15182,#15189),.PCURVE_S1.);
#15178 = LINE('',#15179,#15180);
#15179 = CARTESIAN_POINT('',(-25.91435935394,7.75,0.));
#15180 = VECTOR('',#15181,1.);
#15181 = DIRECTION('',(-0.,-0.,1.));
#15182 = PCURVE('',#5846,#15183);
#15183 = DEFINITIONAL_REPRESENTATION('',(#15184),#15188);
#15184 = LINE('',#15185,#15186);
#15185 = CARTESIAN_POINT('',(0.,0.));
#15186 = VECTOR('',#15187,1.);
#15187 = DIRECTION('',(0.,-1.));
#15188 = ( GEOMETRIC_REPRESENTATION_CONTEXT(2) 
PARAMETRIC_REPRESENTATION_CONTEXT() REPRESENTATION_CONTEXT('2D SPACE',''
  ) );
#15189 = PCURVE('',#5818,#15190);
#15190 = DEFINITIONAL_REPRESENTATION('',(#15191),#15195);
#15191 = LINE('',#15192,#15193);
#15192 = CARTESIAN_POINT('',(0.209290013536,0.));
#15193 = VECTOR('',#15194,1.);
#15194 = DIRECTION('',(0.,-1.));
#15195 = ( GEOMETRIC_REPRESENTATION_CONTEXT(2) 
PARAMETRIC_REPRESENTATION_CONTEXT() REPRESENTATION_CONTEXT('2D SPACE',''
  ) );
#15196 = ORIENTED_EDGE('',*,*,#5830,.T.);
#15197 = ORIENTED_EDGE('',*,*,#15076,.F.);
#15198 = ORIENTED_EDGE('',*,*,#15199,.F.);
#15199 = EDGE_CURVE('',#15175,#15077,#15200,.T.);
#15200 = SURFACE_CURVE('',#15201,(#15205,#15212),.PCURVE_S1.);
#15201 = LINE('',#15202,#15203);
#15202 = CARTESIAN_POINT('',(-25.91435935394,7.75,0.));
#15203 = VECTOR('',#15204,1.);
#15204 = DIRECTION('',(0.442288690219,-0.896872741533,0.));
#15205 = PCURVE('',#5846,#15206);
#15206 = DEFINITIONAL_REPRESENTATION('',(#15207),#15211);
#15207 = LINE('',#15208,#15209);
#15208 = CARTESIAN_POINT('',(0.,0.));
#15209 = VECTOR('',#15210,1.);
#15210 = DIRECTION('',(1.,0.));
#15211 = ( GEOMETRIC_REPRESENTATION_CONTEXT(2) 
PARAMETRIC_REPRESENTATION_CONTEXT() REPRESENTATION_CONTEXT('2D SPACE',''
  ) );
#15212 = PCURVE('',#14669,#15213);
#15213 = DEFINITIONAL_REPRESENTATION('',(#15214),#15218);
#15214 = LINE('',#15215,#15216);
#15215 = CARTESIAN_POINT('',(-1.385640646055,0.8));
#15216 = VECTOR('',#15217,1.);
#15217 = DIRECTION('',(-0.442288690219,-0.896872741533));
#15218 = ( GEOMETRIC_REPRESENTATION_CONTEXT(2) 
PARAMETRIC_REPRESENTATION_CONTEXT() REPRESENTATION_CONTEXT('2D SPACE',''
  ) );
#15219 = ADVANCED_FACE('',(#15220),#4838,.T.);
#15220 = FACE_BOUND('',#15221,.T.);
#15221 = EDGE_LOOP('',(#15222,#15223,#15224,#15247));
#15222 = ORIENTED_EDGE('',*,*,#15127,.T.);
#15223 = ORIENTED_EDGE('',*,*,#4822,.T.);
#15224 = ORIENTED_EDGE('',*,*,#15225,.F.);
#15225 = EDGE_CURVE('',#15226,#4823,#15228,.T.);
#15226 = VERTEX_POINT('',#15227);
#15227 = CARTESIAN_POINT('',(-26.68770650821,5.471792747982,0.));
#15228 = SURFACE_CURVE('',#15229,(#15233,#15240),.PCURVE_S1.);
#15229 = LINE('',#15230,#15231);
#15230 = CARTESIAN_POINT('',(-26.68770650821,5.471792747982,0.));
#15231 = VECTOR('',#15232,1.);
#15232 = DIRECTION('',(-0.,-0.,1.));
#15233 = PCURVE('',#4838,#15234);
#15234 = DEFINITIONAL_REPRESENTATION('',(#15235),#15239);
#15235 = LINE('',#15236,#15237);
#15236 = CARTESIAN_POINT('',(0.209290013536,0.));
#15237 = VECTOR('',#15238,1.);
#15238 = DIRECTION('',(0.,-1.));
#15239 = ( GEOMETRIC_REPRESENTATION_CONTEXT(2) 
PARAMETRIC_REPRESENTATION_CONTEXT() REPRESENTATION_CONTEXT('2D SPACE',''
  ) );
#15240 = PCURVE('',#4866,#15241);
#15241 = DEFINITIONAL_REPRESENTATION('',(#15242),#15246);
#15242 = LINE('',#15243,#15244);
#15243 = CARTESIAN_POINT('',(0.,0.));
#15244 = VECTOR('',#15245,1.);
#15245 = DIRECTION('',(0.,-1.));
#15246 = ( GEOMETRIC_REPRESENTATION_CONTEXT(2) 
PARAMETRIC_REPRESENTATION_CONTEXT() REPRESENTATION_CONTEXT('2D SPACE',''
  ) );
#15247 = ORIENTED_EDGE('',*,*,#15248,.F.);
#15248 = EDGE_CURVE('',#15128,#15226,#15249,.T.);
#15249 = SURFACE_CURVE('',#15250,(#15254,#15261),.PCURVE_S1.);
#15250 = LINE('',#15251,#15252);
#15251 = CARTESIAN_POINT('',(-26.5,5.564359353945,0.));
#15252 = VECTOR('',#15253,1.);
#15253 = DIRECTION('',(-0.896872741533,-0.442288690219,0.));
#15254 = PCURVE('',#4838,#15255);
#15255 = DEFINITIONAL_REPRESENTATION('',(#15256),#15260);
#15256 = LINE('',#15257,#15258);
#15257 = CARTESIAN_POINT('',(0.,0.));
#15258 = VECTOR('',#15259,1.);
#15259 = DIRECTION('',(1.,0.));
#15260 = ( GEOMETRIC_REPRESENTATION_CONTEXT(2) 
PARAMETRIC_REPRESENTATION_CONTEXT() REPRESENTATION_CONTEXT('2D SPACE',''
  ) );
#15261 = PCURVE('',#14669,#15262);
#15262 = DEFINITIONAL_REPRESENTATION('',(#15263),#15267);
#15263 = LINE('',#15264,#15265);
#15264 = CARTESIAN_POINT('',(-0.8,-1.385640646055));
#15265 = VECTOR('',#15266,1.);
#15266 = DIRECTION('',(0.896872741533,-0.442288690219));
#15267 = ( GEOMETRIC_REPRESENTATION_CONTEXT(2) 
PARAMETRIC_REPRESENTATION_CONTEXT() REPRESENTATION_CONTEXT('2D SPACE',''
  ) );
#15268 = ADVANCED_FACE('',(#15269),#5818,.T.);
#15269 = FACE_BOUND('',#15270,.T.);
#15270 = EDGE_LOOP('',(#15271,#15294,#15295,#15296));
#15271 = ORIENTED_EDGE('',*,*,#15272,.T.);
#15272 = EDGE_CURVE('',#15273,#5775,#15275,.T.);
#15273 = VERTEX_POINT('',#15274);
#15274 = CARTESIAN_POINT('',(-26.03063465553,7.924018286414,0.));
#15275 = SURFACE_CURVE('',#15276,(#15280,#15287),.PCURVE_S1.);
#15276 = LINE('',#15277,#15278);
#15277 = CARTESIAN_POINT('',(-26.03063465553,7.924018286414,0.));
#15278 = VECTOR('',#15279,1.);
#15279 = DIRECTION('',(-0.,-0.,1.));
#15280 = PCURVE('',#5818,#15281);
#15281 = DEFINITIONAL_REPRESENTATION('',(#15282),#15286);
#15282 = LINE('',#15283,#15284);
#15283 = CARTESIAN_POINT('',(0.,0.));
#15284 = VECTOR('',#15285,1.);
#15285 = DIRECTION('',(0.,-1.));
#15286 = ( GEOMETRIC_REPRESENTATION_CONTEXT(2) 
PARAMETRIC_REPRESENTATION_CONTEXT() REPRESENTATION_CONTEXT('2D SPACE',''
  ) );
#15287 = PCURVE('',#5790,#15288);
#15288 = DEFINITIONAL_REPRESENTATION('',(#15289),#15293);
#15289 = LINE('',#15290,#15291);
#15290 = CARTESIAN_POINT('',(0.209290013536,0.));
#15291 = VECTOR('',#15292,1.);
#15292 = DIRECTION('',(0.,-1.));
#15293 = ( GEOMETRIC_REPRESENTATION_CONTEXT(2) 
PARAMETRIC_REPRESENTATION_CONTEXT() REPRESENTATION_CONTEXT('2D SPACE',''
  ) );
#15294 = ORIENTED_EDGE('',*,*,#5802,.T.);
#15295 = ORIENTED_EDGE('',*,*,#15174,.F.);
#15296 = ORIENTED_EDGE('',*,*,#15297,.F.);
#15297 = EDGE_CURVE('',#15273,#15175,#15298,.T.);
#15298 = SURFACE_CURVE('',#15299,(#15303,#15310),.PCURVE_S1.);
#15299 = LINE('',#15300,#15301);
#15300 = CARTESIAN_POINT('',(-26.03063465553,7.924018286414,0.));
#15301 = VECTOR('',#15302,1.);
#15302 = DIRECTION('',(0.55557023302,-0.831469612303,0.));
#15303 = PCURVE('',#5818,#15304);
#15304 = DEFINITIONAL_REPRESENTATION('',(#15305),#15309);
#15305 = LINE('',#15306,#15307);
#15306 = CARTESIAN_POINT('',(0.,0.));
#15307 = VECTOR('',#15308,1.);
#15308 = DIRECTION('',(1.,0.));
#15309 = ( GEOMETRIC_REPRESENTATION_CONTEXT(2) 
PARAMETRIC_REPRESENTATION_CONTEXT() REPRESENTATION_CONTEXT('2D SPACE',''
  ) );
#15310 = PCURVE('',#14669,#15311);
#15311 = DEFINITIONAL_REPRESENTATION('',(#15312),#15316);
#15312 = LINE('',#15313,#15314);
#15313 = CARTESIAN_POINT('',(-1.269365344466,0.974018286414));
#15314 = VECTOR('',#15315,1.);
#15315 = DIRECTION('',(-0.55557023302,-0.831469612303));
#15316 = ( GEOMETRIC_REPRESENTATION_CONTEXT(2) 
PARAMETRIC_REPRESENTATION_CONTEXT() REPRESENTATION_CONTEXT('2D SPACE',''
  ) );
#15317 = ADVANCED_FACE('',(#15318),#4866,.T.);
#15318 = FACE_BOUND('',#15319,.T.);
#15319 = EDGE_LOOP('',(#15320,#15321,#15322,#15345));
#15320 = ORIENTED_EDGE('',*,*,#15225,.T.);
#15321 = ORIENTED_EDGE('',*,*,#4850,.T.);
#15322 = ORIENTED_EDGE('',*,*,#15323,.F.);
#15323 = EDGE_CURVE('',#15324,#4851,#15326,.T.);
#15324 = VERTEX_POINT('',#15325);
#15325 = CARTESIAN_POINT('',(-26.88588952783,5.404518677937,0.));
#15326 = SURFACE_CURVE('',#15327,(#15331,#15338),.PCURVE_S1.);
#15327 = LINE('',#15328,#15329);
#15328 = CARTESIAN_POINT('',(-26.88588952783,5.404518677937,0.));
#15329 = VECTOR('',#15330,1.);
#15330 = DIRECTION('',(-0.,-0.,1.));
#15331 = PCURVE('',#4866,#15332);
#15332 = DEFINITIONAL_REPRESENTATION('',(#15333),#15337);
#15333 = LINE('',#15334,#15335);
#15334 = CARTESIAN_POINT('',(0.209290013536,0.));
#15335 = VECTOR('',#15336,1.);
#15336 = DIRECTION('',(0.,-1.));
#15337 = ( GEOMETRIC_REPRESENTATION_CONTEXT(2) 
PARAMETRIC_REPRESENTATION_CONTEXT() REPRESENTATION_CONTEXT('2D SPACE',''
  ) );
#15338 = PCURVE('',#4894,#15339);
#15339 = DEFINITIONAL_REPRESENTATION('',(#15340),#15344);
#15340 = LINE('',#15341,#15342);
#15341 = CARTESIAN_POINT('',(0.,0.));
#15342 = VECTOR('',#15343,1.);
#15343 = DIRECTION('',(0.,-1.));
#15344 = ( GEOMETRIC_REPRESENTATION_CONTEXT(2) 
PARAMETRIC_REPRESENTATION_CONTEXT() REPRESENTATION_CONTEXT('2D SPACE',''
  ) );
#15345 = ORIENTED_EDGE('',*,*,#15346,.F.);
#15346 = EDGE_CURVE('',#15226,#15324,#15347,.T.);
#15347 = SURFACE_CURVE('',#15348,(#15352,#15359),.PCURVE_S1.);
#15348 = LINE('',#15349,#15350);
#15349 = CARTESIAN_POINT('',(-26.68770650821,5.471792747982,0.));
#15350 = VECTOR('',#15351,1.);
#15351 = DIRECTION('',(-0.946930129495,-0.321439465303,0.));
#15352 = PCURVE('',#4866,#15353);
#15353 = DEFINITIONAL_REPRESENTATION('',(#15354),#15358);
#15354 = LINE('',#15355,#15356);
#15355 = CARTESIAN_POINT('',(0.,0.));
#15356 = VECTOR('',#15357,1.);
#15357 = DIRECTION('',(1.,0.));
#15358 = ( GEOMETRIC_REPRESENTATION_CONTEXT(2) 
PARAMETRIC_REPRESENTATION_CONTEXT() REPRESENTATION_CONTEXT('2D SPACE',''
  ) );
#15359 = PCURVE('',#14669,#15360);
#15360 = DEFINITIONAL_REPRESENTATION('',(#15361),#15365);
#15361 = LINE('',#15362,#15363);
#15362 = CARTESIAN_POINT('',(-0.612293491784,-1.478207252018));
#15363 = VECTOR('',#15364,1.);
#15364 = DIRECTION('',(0.946930129495,-0.321439465303));
#15365 = ( GEOMETRIC_REPRESENTATION_CONTEXT(2) 
PARAMETRIC_REPRESENTATION_CONTEXT() REPRESENTATION_CONTEXT('2D SPACE',''
  ) );
#15366 = ADVANCED_FACE('',(#15367),#5790,.T.);
#15367 = FACE_BOUND('',#15368,.T.);
#15368 = EDGE_LOOP('',(#15369,#15392,#15393,#15394));
#15369 = ORIENTED_EDGE('',*,*,#15370,.T.);
#15370 = EDGE_CURVE('',#15371,#5747,#15373,.T.);
#15371 = VERTEX_POINT('',#15372);
#15372 = CARTESIAN_POINT('',(-26.1686291501,8.081370849898,0.));
#15373 = SURFACE_CURVE('',#15374,(#15378,#15385),.PCURVE_S1.);
#15374 = LINE('',#15375,#15376);
#15375 = CARTESIAN_POINT('',(-26.1686291501,8.081370849898,0.));
#15376 = VECTOR('',#15377,1.);
#15377 = DIRECTION('',(-0.,-0.,1.));
#15378 = PCURVE('',#5790,#15379);
#15379 = DEFINITIONAL_REPRESENTATION('',(#15380),#15384);
#15380 = LINE('',#15381,#15382);
#15381 = CARTESIAN_POINT('',(0.,0.));
#15382 = VECTOR('',#15383,1.);
#15383 = DIRECTION('',(0.,-1.));
#15384 = ( GEOMETRIC_REPRESENTATION_CONTEXT(2) 
PARAMETRIC_REPRESENTATION_CONTEXT() REPRESENTATION_CONTEXT('2D SPACE',''
  ) );
#15385 = PCURVE('',#5762,#15386);
#15386 = DEFINITIONAL_REPRESENTATION('',(#15387),#15391);
#15387 = LINE('',#15388,#15389);
#15388 = CARTESIAN_POINT('',(0.209290013536,0.));
#15389 = VECTOR('',#15390,1.);
#15390 = DIRECTION('',(0.,-1.));
#15391 = ( GEOMETRIC_REPRESENTATION_CONTEXT(2) 
PARAMETRIC_REPRESENTATION_CONTEXT() REPRESENTATION_CONTEXT('2D SPACE',''
  ) );
#15392 = ORIENTED_EDGE('',*,*,#5774,.T.);
#15393 = ORIENTED_EDGE('',*,*,#15272,.F.);
#15394 = ORIENTED_EDGE('',*,*,#15395,.F.);
#15395 = EDGE_CURVE('',#15371,#15273,#15396,.T.);
#15396 = SURFACE_CURVE('',#15397,(#15401,#15408),.PCURVE_S1.);
#15397 = LINE('',#15398,#15399);
#15398 = CARTESIAN_POINT('',(-26.1686291501,8.081370849898,0.));
#15399 = VECTOR('',#15400,1.);
#15400 = DIRECTION('',(0.6593458151,-0.751839807479,0.));
#15401 = PCURVE('',#5790,#15402);
#15402 = DEFINITIONAL_REPRESENTATION('',(#15403),#15407);
#15403 = LINE('',#15404,#15405);
#15404 = CARTESIAN_POINT('',(0.,0.));
#15405 = VECTOR('',#15406,1.);
#15406 = DIRECTION('',(1.,0.));
#15407 = ( GEOMETRIC_REPRESENTATION_CONTEXT(2) 
PARAMETRIC_REPRESENTATION_CONTEXT() REPRESENTATION_CONTEXT('2D SPACE',''
  ) );
#15408 = PCURVE('',#14669,#15409);
#15409 = DEFINITIONAL_REPRESENTATION('',(#15410),#15414);
#15410 = LINE('',#15411,#15412);
#15411 = CARTESIAN_POINT('',(-1.131370849898,1.131370849898));
#15412 = VECTOR('',#15413,1.);
#15413 = DIRECTION('',(-0.6593458151,-0.751839807479));
#15414 = ( GEOMETRIC_REPRESENTATION_CONTEXT(2) 
PARAMETRIC_REPRESENTATION_CONTEXT() REPRESENTATION_CONTEXT('2D SPACE',''
  ) );
#15415 = ADVANCED_FACE('',(#15416),#4894,.T.);
#15416 = FACE_BOUND('',#15417,.T.);
#15417 = EDGE_LOOP('',(#15418,#15419,#15420,#15443));
#15418 = ORIENTED_EDGE('',*,*,#15323,.T.);
#15419 = ORIENTED_EDGE('',*,*,#4878,.T.);
#15420 = ORIENTED_EDGE('',*,*,#15421,.F.);
#15421 = EDGE_CURVE('',#15422,#4879,#15424,.T.);
#15422 = VERTEX_POINT('',#15423);
#15423 = CARTESIAN_POINT('',(-27.09115809244,5.363688221802,0.));
#15424 = SURFACE_CURVE('',#15425,(#15429,#15436),.PCURVE_S1.);
#15425 = LINE('',#15426,#15427);
#15426 = CARTESIAN_POINT('',(-27.09115809244,5.363688221802,0.));
#15427 = VECTOR('',#15428,1.);
#15428 = DIRECTION('',(-0.,-0.,1.));
#15429 = PCURVE('',#4894,#15430);
#15430 = DEFINITIONAL_REPRESENTATION('',(#15431),#15435);
#15431 = LINE('',#15432,#15433);
#15432 = CARTESIAN_POINT('',(0.209290013536,0.));
#15433 = VECTOR('',#15434,1.);
#15434 = DIRECTION('',(0.,-1.));
#15435 = ( GEOMETRIC_REPRESENTATION_CONTEXT(2) 
PARAMETRIC_REPRESENTATION_CONTEXT() REPRESENTATION_CONTEXT('2D SPACE',''
  ) );
#15436 = PCURVE('',#4922,#15437);
#15437 = DEFINITIONAL_REPRESENTATION('',(#15438),#15442);
#15438 = LINE('',#15439,#15440);
#15439 = CARTESIAN_POINT('',(0.,0.));
#15440 = VECTOR('',#15441,1.);
#15441 = DIRECTION('',(0.,-1.));
#15442 = ( GEOMETRIC_REPRESENTATION_CONTEXT(2) 
PARAMETRIC_REPRESENTATION_CONTEXT() REPRESENTATION_CONTEXT('2D SPACE',''
  ) );
#15443 = ORIENTED_EDGE('',*,*,#15444,.F.);
#15444 = EDGE_CURVE('',#15324,#15422,#15445,.T.);
#15445 = SURFACE_CURVE('',#15446,(#15450,#15457),.PCURVE_S1.);
#15446 = LINE('',#15447,#15448);
#15447 = CARTESIAN_POINT('',(-26.88588952783,5.404518677937,0.));
#15448 = VECTOR('',#15449,1.);
#15449 = DIRECTION('',(-0.980785280403,-0.195090322016,0.));
#15450 = PCURVE('',#4894,#15451);
#15451 = DEFINITIONAL_REPRESENTATION('',(#15452),#15456);
#15452 = LINE('',#15453,#15454);
#15453 = CARTESIAN_POINT('',(0.,0.));
#15454 = VECTOR('',#15455,1.);
#15455 = DIRECTION('',(1.,0.));
#15456 = ( GEOMETRIC_REPRESENTATION_CONTEXT(2) 
PARAMETRIC_REPRESENTATION_CONTEXT() REPRESENTATION_CONTEXT('2D SPACE',''
  ) );
#15457 = PCURVE('',#14669,#15458);
#15458 = DEFINITIONAL_REPRESENTATION('',(#15459),#15463);
#15459 = LINE('',#15460,#15461);
#15460 = CARTESIAN_POINT('',(-0.414110472164,-1.545481322063));
#15461 = VECTOR('',#15462,1.);
#15462 = DIRECTION('',(0.980785280403,-0.195090322016));
#15463 = ( GEOMETRIC_REPRESENTATION_CONTEXT(2) 
PARAMETRIC_REPRESENTATION_CONTEXT() REPRESENTATION_CONTEXT('2D SPACE',''
  ) );
#15464 = ADVANCED_FACE('',(#15465),#5762,.T.);
#15465 = FACE_BOUND('',#15466,.T.);
#15466 = EDGE_LOOP('',(#15467,#15490,#15491,#15492));
#15467 = ORIENTED_EDGE('',*,*,#15468,.T.);
#15468 = EDGE_CURVE('',#15469,#5719,#15471,.T.);
#15469 = VERTEX_POINT('',#15470);
#15470 = CARTESIAN_POINT('',(-26.32598171358,8.219365344466,0.));
#15471 = SURFACE_CURVE('',#15472,(#15476,#15483),.PCURVE_S1.);
#15472 = LINE('',#15473,#15474);
#15473 = CARTESIAN_POINT('',(-26.32598171358,8.219365344466,0.));
#15474 = VECTOR('',#15475,1.);
#15475 = DIRECTION('',(-0.,-0.,1.));
#15476 = PCURVE('',#5762,#15477);
#15477 = DEFINITIONAL_REPRESENTATION('',(#15478),#15482);
#15478 = LINE('',#15479,#15480);
#15479 = CARTESIAN_POINT('',(0.,0.));
#15480 = VECTOR('',#15481,1.);
#15481 = DIRECTION('',(0.,-1.));
#15482 = ( GEOMETRIC_REPRESENTATION_CONTEXT(2) 
PARAMETRIC_REPRESENTATION_CONTEXT() REPRESENTATION_CONTEXT('2D SPACE',''
  ) );
#15483 = PCURVE('',#5734,#15484);
#15484 = DEFINITIONAL_REPRESENTATION('',(#15485),#15489);
#15485 = LINE('',#15486,#15487);
#15486 = CARTESIAN_POINT('',(0.209290013536,0.));
#15487 = VECTOR('',#15488,1.);
#15488 = DIRECTION('',(0.,-1.));
#15489 = ( GEOMETRIC_REPRESENTATION_CONTEXT(2) 
PARAMETRIC_REPRESENTATION_CONTEXT() REPRESENTATION_CONTEXT('2D SPACE',''
  ) );
#15490 = ORIENTED_EDGE('',*,*,#5746,.T.);
#15491 = ORIENTED_EDGE('',*,*,#15370,.F.);
#15492 = ORIENTED_EDGE('',*,*,#15493,.F.);
#15493 = EDGE_CURVE('',#15469,#15371,#15494,.T.);
#15494 = SURFACE_CURVE('',#15495,(#15499,#15506),.PCURVE_S1.);
#15495 = LINE('',#15496,#15497);
#15496 = CARTESIAN_POINT('',(-26.32598171358,8.219365344466,0.));
#15497 = VECTOR('',#15498,1.);
#15498 = DIRECTION('',(0.751839807479,-0.6593458151,0.));
#15499 = PCURVE('',#5762,#15500);
#15500 = DEFINITIONAL_REPRESENTATION('',(#15501),#15505);
#15501 = LINE('',#15502,#15503);
#15502 = CARTESIAN_POINT('',(0.,0.));
#15503 = VECTOR('',#15504,1.);
#15504 = DIRECTION('',(1.,0.));
#15505 = ( GEOMETRIC_REPRESENTATION_CONTEXT(2) 
PARAMETRIC_REPRESENTATION_CONTEXT() REPRESENTATION_CONTEXT('2D SPACE',''
  ) );
#15506 = PCURVE('',#14669,#15507);
#15507 = DEFINITIONAL_REPRESENTATION('',(#15508),#15512);
#15508 = LINE('',#15509,#15510);
#15509 = CARTESIAN_POINT('',(-0.974018286414,1.269365344466));
#15510 = VECTOR('',#15511,1.);
#15511 = DIRECTION('',(-0.751839807479,-0.6593458151));
#15512 = ( GEOMETRIC_REPRESENTATION_CONTEXT(2) 
PARAMETRIC_REPRESENTATION_CONTEXT() REPRESENTATION_CONTEXT('2D SPACE',''
  ) );
#15513 = ADVANCED_FACE('',(#15514),#4922,.T.);
#15514 = FACE_BOUND('',#15515,.T.);
#15515 = EDGE_LOOP('',(#15516,#15517,#15518,#15541));
#15516 = ORIENTED_EDGE('',*,*,#15421,.T.);
#15517 = ORIENTED_EDGE('',*,*,#4906,.T.);
#15518 = ORIENTED_EDGE('',*,*,#15519,.F.);
#15519 = EDGE_CURVE('',#15520,#4907,#15522,.T.);
#15520 = VERTEX_POINT('',#15521);
#15521 = CARTESIAN_POINT('',(-27.3,5.35,0.));
#15522 = SURFACE_CURVE('',#15523,(#15527,#15534),.PCURVE_S1.);
#15523 = LINE('',#15524,#15525);
#15524 = CARTESIAN_POINT('',(-27.3,5.35,0.));
#15525 = VECTOR('',#15526,1.);
#15526 = DIRECTION('',(-0.,-0.,1.));
#15527 = PCURVE('',#4922,#15528);
#15528 = DEFINITIONAL_REPRESENTATION('',(#15529),#15533);
#15529 = LINE('',#15530,#15531);
#15530 = CARTESIAN_POINT('',(0.209290013536,0.));
#15531 = VECTOR('',#15532,1.);
#15532 = DIRECTION('',(0.,-1.));
#15533 = ( GEOMETRIC_REPRESENTATION_CONTEXT(2) 
PARAMETRIC_REPRESENTATION_CONTEXT() REPRESENTATION_CONTEXT('2D SPACE',''
  ) );
#15534 = PCURVE('',#4950,#15535);
#15535 = DEFINITIONAL_REPRESENTATION('',(#15536),#15540);
#15536 = LINE('',#15537,#15538);
#15537 = CARTESIAN_POINT('',(0.,0.));
#15538 = VECTOR('',#15539,1.);
#15539 = DIRECTION('',(0.,-1.));
#15540 = ( GEOMETRIC_REPRESENTATION_CONTEXT(2) 
PARAMETRIC_REPRESENTATION_CONTEXT() REPRESENTATION_CONTEXT('2D SPACE',''
  ) );
#15541 = ORIENTED_EDGE('',*,*,#15542,.F.);
#15542 = EDGE_CURVE('',#15422,#15520,#15543,.T.);
#15543 = SURFACE_CURVE('',#15544,(#15548,#15555),.PCURVE_S1.);
#15544 = LINE('',#15545,#15546);
#15545 = CARTESIAN_POINT('',(-27.09115809244,5.363688221802,0.));
#15546 = VECTOR('',#15547,1.);
#15547 = DIRECTION('',(-0.997858923239,-6.540312923015E-02,0.));
#15548 = PCURVE('',#4922,#15549);
#15549 = DEFINITIONAL_REPRESENTATION('',(#15550),#15554);
#15550 = LINE('',#15551,#15552);
#15551 = CARTESIAN_POINT('',(0.,0.));
#15552 = VECTOR('',#15553,1.);
#15553 = DIRECTION('',(1.,0.));
#15554 = ( GEOMETRIC_REPRESENTATION_CONTEXT(2) 
PARAMETRIC_REPRESENTATION_CONTEXT() REPRESENTATION_CONTEXT('2D SPACE',''
  ) );
#15555 = PCURVE('',#14669,#15556);
#15556 = DEFINITIONAL_REPRESENTATION('',(#15557),#15561);
#15557 = LINE('',#15558,#15559);
#15558 = CARTESIAN_POINT('',(-0.208841907552,-1.586311778198));
#15559 = VECTOR('',#15560,1.);
#15560 = DIRECTION('',(0.997858923239,-6.540312923015E-02));
#15561 = ( GEOMETRIC_REPRESENTATION_CONTEXT(2) 
PARAMETRIC_REPRESENTATION_CONTEXT() REPRESENTATION_CONTEXT('2D SPACE',''
  ) );
#15562 = ADVANCED_FACE('',(#15563),#5734,.T.);
#15563 = FACE_BOUND('',#15564,.T.);
#15564 = EDGE_LOOP('',(#15565,#15588,#15589,#15590));
#15565 = ORIENTED_EDGE('',*,*,#15566,.T.);
#15566 = EDGE_CURVE('',#15567,#5691,#15569,.T.);
#15567 = VERTEX_POINT('',#15568);
#15568 = CARTESIAN_POINT('',(-26.5,8.335640646055,0.));
#15569 = SURFACE_CURVE('',#15570,(#15574,#15581),.PCURVE_S1.);
#15570 = LINE('',#15571,#15572);
#15571 = CARTESIAN_POINT('',(-26.5,8.335640646055,0.));
#15572 = VECTOR('',#15573,1.);
#15573 = DIRECTION('',(-0.,-0.,1.));
#15574 = PCURVE('',#5734,#15575);
#15575 = DEFINITIONAL_REPRESENTATION('',(#15576),#15580);
#15576 = LINE('',#15577,#15578);
#15577 = CARTESIAN_POINT('',(0.,0.));
#15578 = VECTOR('',#15579,1.);
#15579 = DIRECTION('',(0.,-1.));
#15580 = ( GEOMETRIC_REPRESENTATION_CONTEXT(2) 
PARAMETRIC_REPRESENTATION_CONTEXT() REPRESENTATION_CONTEXT('2D SPACE',''
  ) );
#15581 = PCURVE('',#5706,#15582);
#15582 = DEFINITIONAL_REPRESENTATION('',(#15583),#15587);
#15583 = LINE('',#15584,#15585);
#15584 = CARTESIAN_POINT('',(0.209290013536,0.));
#15585 = VECTOR('',#15586,1.);
#15586 = DIRECTION('',(0.,-1.));
#15587 = ( GEOMETRIC_REPRESENTATION_CONTEXT(2) 
PARAMETRIC_REPRESENTATION_CONTEXT() REPRESENTATION_CONTEXT('2D SPACE',''
  ) );
#15588 = ORIENTED_EDGE('',*,*,#5718,.T.);
#15589 = ORIENTED_EDGE('',*,*,#15468,.F.);
#15590 = ORIENTED_EDGE('',*,*,#15591,.F.);
#15591 = EDGE_CURVE('',#15567,#15469,#15592,.T.);
#15592 = SURFACE_CURVE('',#15593,(#15597,#15604),.PCURVE_S1.);
#15593 = LINE('',#15594,#15595);
#15594 = CARTESIAN_POINT('',(-26.5,8.335640646055,0.));
#15595 = VECTOR('',#15596,1.);
#15596 = DIRECTION('',(0.831469612303,-0.55557023302,0.));
#15597 = PCURVE('',#5734,#15598);
#15598 = DEFINITIONAL_REPRESENTATION('',(#15599),#15603);
#15599 = LINE('',#15600,#15601);
#15600 = CARTESIAN_POINT('',(0.,0.));
#15601 = VECTOR('',#15602,1.);
#15602 = DIRECTION('',(1.,0.));
#15603 = ( GEOMETRIC_REPRESENTATION_CONTEXT(2) 
PARAMETRIC_REPRESENTATION_CONTEXT() REPRESENTATION_CONTEXT('2D SPACE',''
  ) );
#15604 = PCURVE('',#14669,#15605);
#15605 = DEFINITIONAL_REPRESENTATION('',(#15606),#15610);
#15606 = LINE('',#15607,#15608);
#15607 = CARTESIAN_POINT('',(-0.8,1.385640646055));
#15608 = VECTOR('',#15609,1.);
#15609 = DIRECTION('',(-0.831469612303,-0.55557023302));
#15610 = ( GEOMETRIC_REPRESENTATION_CONTEXT(2) 
PARAMETRIC_REPRESENTATION_CONTEXT() REPRESENTATION_CONTEXT('2D SPACE',''
  ) );
#15611 = ADVANCED_FACE('',(#15612),#4950,.T.);
#15612 = FACE_BOUND('',#15613,.T.);
#15613 = EDGE_LOOP('',(#15614,#15615,#15616,#15639));
#15614 = ORIENTED_EDGE('',*,*,#15519,.T.);
#15615 = ORIENTED_EDGE('',*,*,#4934,.T.);
#15616 = ORIENTED_EDGE('',*,*,#15617,.F.);
#15617 = EDGE_CURVE('',#15618,#4935,#15620,.T.);
#15618 = VERTEX_POINT('',#15619);
#15619 = CARTESIAN_POINT('',(-27.50884190755,5.363688221802,0.));
#15620 = SURFACE_CURVE('',#15621,(#15625,#15632),.PCURVE_S1.);
#15621 = LINE('',#15622,#15623);
#15622 = CARTESIAN_POINT('',(-27.50884190755,5.363688221802,0.));
#15623 = VECTOR('',#15624,1.);
#15624 = DIRECTION('',(-0.,-0.,1.));
#15625 = PCURVE('',#4950,#15626);
#15626 = DEFINITIONAL_REPRESENTATION('',(#15627),#15631);
#15627 = LINE('',#15628,#15629);
#15628 = CARTESIAN_POINT('',(0.209290013536,0.));
#15629 = VECTOR('',#15630,1.);
#15630 = DIRECTION('',(0.,-1.));
#15631 = ( GEOMETRIC_REPRESENTATION_CONTEXT(2) 
PARAMETRIC_REPRESENTATION_CONTEXT() REPRESENTATION_CONTEXT('2D SPACE',''
  ) );
#15632 = PCURVE('',#4978,#15633);
#15633 = DEFINITIONAL_REPRESENTATION('',(#15634),#15638);
#15634 = LINE('',#15635,#15636);
#15635 = CARTESIAN_POINT('',(0.,0.));
#15636 = VECTOR('',#15637,1.);
#15637 = DIRECTION('',(0.,-1.));
#15638 = ( GEOMETRIC_REPRESENTATION_CONTEXT(2) 
PARAMETRIC_REPRESENTATION_CONTEXT() REPRESENTATION_CONTEXT('2D SPACE',''
  ) );
#15639 = ORIENTED_EDGE('',*,*,#15640,.F.);
#15640 = EDGE_CURVE('',#15520,#15618,#15641,.T.);
#15641 = SURFACE_CURVE('',#15642,(#15646,#15653),.PCURVE_S1.);
#15642 = LINE('',#15643,#15644);
#15643 = CARTESIAN_POINT('',(-27.3,5.35,0.));
#15644 = VECTOR('',#15645,1.);
#15645 = DIRECTION('',(-0.997858923239,6.540312923014E-02,0.));
#15646 = PCURVE('',#4950,#15647);
#15647 = DEFINITIONAL_REPRESENTATION('',(#15648),#15652);
#15648 = LINE('',#15649,#15650);
#15649 = CARTESIAN_POINT('',(0.,0.));
#15650 = VECTOR('',#15651,1.);
#15651 = DIRECTION('',(1.,0.));
#15652 = ( GEOMETRIC_REPRESENTATION_CONTEXT(2) 
PARAMETRIC_REPRESENTATION_CONTEXT() REPRESENTATION_CONTEXT('2D SPACE',''
  ) );
#15653 = PCURVE('',#14669,#15654);
#15654 = DEFINITIONAL_REPRESENTATION('',(#15655),#15659);
#15655 = LINE('',#15656,#15657);
#15656 = CARTESIAN_POINT('',(-7.105427357601E-15,-1.6));
#15657 = VECTOR('',#15658,1.);
#15658 = DIRECTION('',(0.997858923239,6.540312923014E-02));
#15659 = ( GEOMETRIC_REPRESENTATION_CONTEXT(2) 
PARAMETRIC_REPRESENTATION_CONTEXT() REPRESENTATION_CONTEXT('2D SPACE',''
  ) );
#15660 = ADVANCED_FACE('',(#15661),#5706,.T.);
#15661 = FACE_BOUND('',#15662,.T.);
#15662 = EDGE_LOOP('',(#15663,#15686,#15687,#15688));
#15663 = ORIENTED_EDGE('',*,*,#15664,.T.);
#15664 = EDGE_CURVE('',#15665,#5663,#15667,.T.);
#15665 = VERTEX_POINT('',#15666);
#15666 = CARTESIAN_POINT('',(-26.68770650821,8.428207252018,0.));
#15667 = SURFACE_CURVE('',#15668,(#15672,#15679),.PCURVE_S1.);
#15668 = LINE('',#15669,#15670);
#15669 = CARTESIAN_POINT('',(-26.68770650821,8.428207252018,0.));
#15670 = VECTOR('',#15671,1.);
#15671 = DIRECTION('',(-0.,-0.,1.));
#15672 = PCURVE('',#5706,#15673);
#15673 = DEFINITIONAL_REPRESENTATION('',(#15674),#15678);
#15674 = LINE('',#15675,#15676);
#15675 = CARTESIAN_POINT('',(0.,0.));
#15676 = VECTOR('',#15677,1.);
#15677 = DIRECTION('',(0.,-1.));
#15678 = ( GEOMETRIC_REPRESENTATION_CONTEXT(2) 
PARAMETRIC_REPRESENTATION_CONTEXT() REPRESENTATION_CONTEXT('2D SPACE',''
  ) );
#15679 = PCURVE('',#5678,#15680);
#15680 = DEFINITIONAL_REPRESENTATION('',(#15681),#15685);
#15681 = LINE('',#15682,#15683);
#15682 = CARTESIAN_POINT('',(0.209290013536,0.));
#15683 = VECTOR('',#15684,1.);
#15684 = DIRECTION('',(0.,-1.));
#15685 = ( GEOMETRIC_REPRESENTATION_CONTEXT(2) 
PARAMETRIC_REPRESENTATION_CONTEXT() REPRESENTATION_CONTEXT('2D SPACE',''
  ) );
#15686 = ORIENTED_EDGE('',*,*,#5690,.T.);
#15687 = ORIENTED_EDGE('',*,*,#15566,.F.);
#15688 = ORIENTED_EDGE('',*,*,#15689,.F.);
#15689 = EDGE_CURVE('',#15665,#15567,#15690,.T.);
#15690 = SURFACE_CURVE('',#15691,(#15695,#15702),.PCURVE_S1.);
#15691 = LINE('',#15692,#15693);
#15692 = CARTESIAN_POINT('',(-26.68770650821,8.428207252018,0.));
#15693 = VECTOR('',#15694,1.);
#15694 = DIRECTION('',(0.896872741533,-0.442288690219,0.));
#15695 = PCURVE('',#5706,#15696);
#15696 = DEFINITIONAL_REPRESENTATION('',(#15697),#15701);
#15697 = LINE('',#15698,#15699);
#15698 = CARTESIAN_POINT('',(0.,0.));
#15699 = VECTOR('',#15700,1.);
#15700 = DIRECTION('',(1.,0.));
#15701 = ( GEOMETRIC_REPRESENTATION_CONTEXT(2) 
PARAMETRIC_REPRESENTATION_CONTEXT() REPRESENTATION_CONTEXT('2D SPACE',''
  ) );
#15702 = PCURVE('',#14669,#15703);
#15703 = DEFINITIONAL_REPRESENTATION('',(#15704),#15708);
#15704 = LINE('',#15705,#15706);
#15705 = CARTESIAN_POINT('',(-0.612293491784,1.478207252018));
#15706 = VECTOR('',#15707,1.);
#15707 = DIRECTION('',(-0.896872741533,-0.442288690219));
#15708 = ( GEOMETRIC_REPRESENTATION_CONTEXT(2) 
PARAMETRIC_REPRESENTATION_CONTEXT() REPRESENTATION_CONTEXT('2D SPACE',''
  ) );
#15709 = ADVANCED_FACE('',(#15710),#4978,.T.);
#15710 = FACE_BOUND('',#15711,.T.);
#15711 = EDGE_LOOP('',(#15712,#15713,#15714,#15737));
#15712 = ORIENTED_EDGE('',*,*,#15617,.T.);
#15713 = ORIENTED_EDGE('',*,*,#4962,.T.);
#15714 = ORIENTED_EDGE('',*,*,#15715,.F.);
#15715 = EDGE_CURVE('',#15716,#4963,#15718,.T.);
#15716 = VERTEX_POINT('',#15717);
#15717 = CARTESIAN_POINT('',(-27.71411047216,5.404518677937,0.));
#15718 = SURFACE_CURVE('',#15719,(#15723,#15730),.PCURVE_S1.);
#15719 = LINE('',#15720,#15721);
#15720 = CARTESIAN_POINT('',(-27.71411047216,5.404518677937,0.));
#15721 = VECTOR('',#15722,1.);
#15722 = DIRECTION('',(-0.,-0.,1.));
#15723 = PCURVE('',#4978,#15724);
#15724 = DEFINITIONAL_REPRESENTATION('',(#15725),#15729);
#15725 = LINE('',#15726,#15727);
#15726 = CARTESIAN_POINT('',(0.209290013536,0.));
#15727 = VECTOR('',#15728,1.);
#15728 = DIRECTION('',(0.,-1.));
#15729 = ( GEOMETRIC_REPRESENTATION_CONTEXT(2) 
PARAMETRIC_REPRESENTATION_CONTEXT() REPRESENTATION_CONTEXT('2D SPACE',''
  ) );
#15730 = PCURVE('',#5006,#15731);
#15731 = DEFINITIONAL_REPRESENTATION('',(#15732),#15736);
#15732 = LINE('',#15733,#15734);
#15733 = CARTESIAN_POINT('',(0.,0.));
#15734 = VECTOR('',#15735,1.);
#15735 = DIRECTION('',(0.,-1.));
#15736 = ( GEOMETRIC_REPRESENTATION_CONTEXT(2) 
PARAMETRIC_REPRESENTATION_CONTEXT() REPRESENTATION_CONTEXT('2D SPACE',''
  ) );
#15737 = ORIENTED_EDGE('',*,*,#15738,.F.);
#15738 = EDGE_CURVE('',#15618,#15716,#15739,.T.);
#15739 = SURFACE_CURVE('',#15740,(#15744,#15751),.PCURVE_S1.);
#15740 = LINE('',#15741,#15742);
#15741 = CARTESIAN_POINT('',(-27.50884190755,5.363688221802,0.));
#15742 = VECTOR('',#15743,1.);
#15743 = DIRECTION('',(-0.980785280403,0.195090322016,0.));
#15744 = PCURVE('',#4978,#15745);
#15745 = DEFINITIONAL_REPRESENTATION('',(#15746),#15750);
#15746 = LINE('',#15747,#15748);
#15747 = CARTESIAN_POINT('',(0.,0.));
#15748 = VECTOR('',#15749,1.);
#15749 = DIRECTION('',(1.,0.));
#15750 = ( GEOMETRIC_REPRESENTATION_CONTEXT(2) 
PARAMETRIC_REPRESENTATION_CONTEXT() REPRESENTATION_CONTEXT('2D SPACE',''
  ) );
#15751 = PCURVE('',#14669,#15752);
#15752 = DEFINITIONAL_REPRESENTATION('',(#15753),#15757);
#15753 = LINE('',#15754,#15755);
#15754 = CARTESIAN_POINT('',(0.208841907552,-1.586311778198));
#15755 = VECTOR('',#15756,1.);
#15756 = DIRECTION('',(0.980785280403,0.195090322016));
#15757 = ( GEOMETRIC_REPRESENTATION_CONTEXT(2) 
PARAMETRIC_REPRESENTATION_CONTEXT() REPRESENTATION_CONTEXT('2D SPACE',''
  ) );
#15758 = ADVANCED_FACE('',(#15759),#5678,.T.);
#15759 = FACE_BOUND('',#15760,.T.);
#15760 = EDGE_LOOP('',(#15761,#15784,#15785,#15786));
#15761 = ORIENTED_EDGE('',*,*,#15762,.T.);
#15762 = EDGE_CURVE('',#15763,#5635,#15765,.T.);
#15763 = VERTEX_POINT('',#15764);
#15764 = CARTESIAN_POINT('',(-26.88588952783,8.495481322063,0.));
#15765 = SURFACE_CURVE('',#15766,(#15770,#15777),.PCURVE_S1.);
#15766 = LINE('',#15767,#15768);
#15767 = CARTESIAN_POINT('',(-26.88588952783,8.495481322063,0.));
#15768 = VECTOR('',#15769,1.);
#15769 = DIRECTION('',(-0.,-0.,1.));
#15770 = PCURVE('',#5678,#15771);
#15771 = DEFINITIONAL_REPRESENTATION('',(#15772),#15776);
#15772 = LINE('',#15773,#15774);
#15773 = CARTESIAN_POINT('',(0.,0.));
#15774 = VECTOR('',#15775,1.);
#15775 = DIRECTION('',(0.,-1.));
#15776 = ( GEOMETRIC_REPRESENTATION_CONTEXT(2) 
PARAMETRIC_REPRESENTATION_CONTEXT() REPRESENTATION_CONTEXT('2D SPACE',''
  ) );
#15777 = PCURVE('',#5650,#15778);
#15778 = DEFINITIONAL_REPRESENTATION('',(#15779),#15783);
#15779 = LINE('',#15780,#15781);
#15780 = CARTESIAN_POINT('',(0.209290013536,0.));
#15781 = VECTOR('',#15782,1.);
#15782 = DIRECTION('',(0.,-1.));
#15783 = ( GEOMETRIC_REPRESENTATION_CONTEXT(2) 
PARAMETRIC_REPRESENTATION_CONTEXT() REPRESENTATION_CONTEXT('2D SPACE',''
  ) );
#15784 = ORIENTED_EDGE('',*,*,#5662,.T.);
#15785 = ORIENTED_EDGE('',*,*,#15664,.F.);
#15786 = ORIENTED_EDGE('',*,*,#15787,.F.);
#15787 = EDGE_CURVE('',#15763,#15665,#15788,.T.);
#15788 = SURFACE_CURVE('',#15789,(#15793,#15800),.PCURVE_S1.);
#15789 = LINE('',#15790,#15791);
#15790 = CARTESIAN_POINT('',(-26.88588952783,8.495481322063,0.));
#15791 = VECTOR('',#15792,1.);
#15792 = DIRECTION('',(0.946930129495,-0.321439465303,0.));
#15793 = PCURVE('',#5678,#15794);
#15794 = DEFINITIONAL_REPRESENTATION('',(#15795),#15799);
#15795 = LINE('',#15796,#15797);
#15796 = CARTESIAN_POINT('',(0.,0.));
#15797 = VECTOR('',#15798,1.);
#15798 = DIRECTION('',(1.,0.));
#15799 = ( GEOMETRIC_REPRESENTATION_CONTEXT(2) 
PARAMETRIC_REPRESENTATION_CONTEXT() REPRESENTATION_CONTEXT('2D SPACE',''
  ) );
#15800 = PCURVE('',#14669,#15801);
#15801 = DEFINITIONAL_REPRESENTATION('',(#15802),#15806);
#15802 = LINE('',#15803,#15804);
#15803 = CARTESIAN_POINT('',(-0.414110472164,1.545481322063));
#15804 = VECTOR('',#15805,1.);
#15805 = DIRECTION('',(-0.946930129495,-0.321439465303));
#15806 = ( GEOMETRIC_REPRESENTATION_CONTEXT(2) 
PARAMETRIC_REPRESENTATION_CONTEXT() REPRESENTATION_CONTEXT('2D SPACE',''
  ) );
#15807 = ADVANCED_FACE('',(#15808),#5006,.T.);
#15808 = FACE_BOUND('',#15809,.T.);
#15809 = EDGE_LOOP('',(#15810,#15811,#15812,#15835));
#15810 = ORIENTED_EDGE('',*,*,#15715,.T.);
#15811 = ORIENTED_EDGE('',*,*,#4990,.T.);
#15812 = ORIENTED_EDGE('',*,*,#15813,.F.);
#15813 = EDGE_CURVE('',#15814,#4991,#15816,.T.);
#15814 = VERTEX_POINT('',#15815);
#15815 = CARTESIAN_POINT('',(-27.91229349178,5.471792747982,0.));
#15816 = SURFACE_CURVE('',#15817,(#15821,#15828),.PCURVE_S1.);
#15817 = LINE('',#15818,#15819);
#15818 = CARTESIAN_POINT('',(-27.91229349178,5.471792747982,0.));
#15819 = VECTOR('',#15820,1.);
#15820 = DIRECTION('',(-0.,-0.,1.));
#15821 = PCURVE('',#5006,#15822);
#15822 = DEFINITIONAL_REPRESENTATION('',(#15823),#15827);
#15823 = LINE('',#15824,#15825);
#15824 = CARTESIAN_POINT('',(0.209290013536,0.));
#15825 = VECTOR('',#15826,1.);
#15826 = DIRECTION('',(0.,-1.));
#15827 = ( GEOMETRIC_REPRESENTATION_CONTEXT(2) 
PARAMETRIC_REPRESENTATION_CONTEXT() REPRESENTATION_CONTEXT('2D SPACE',''
  ) );
#15828 = PCURVE('',#5034,#15829);
#15829 = DEFINITIONAL_REPRESENTATION('',(#15830),#15834);
#15830 = LINE('',#15831,#15832);
#15831 = CARTESIAN_POINT('',(0.,0.));
#15832 = VECTOR('',#15833,1.);
#15833 = DIRECTION('',(0.,-1.));
#15834 = ( GEOMETRIC_REPRESENTATION_CONTEXT(2) 
PARAMETRIC_REPRESENTATION_CONTEXT() REPRESENTATION_CONTEXT('2D SPACE',''
  ) );
#15835 = ORIENTED_EDGE('',*,*,#15836,.F.);
#15836 = EDGE_CURVE('',#15716,#15814,#15837,.T.);
#15837 = SURFACE_CURVE('',#15838,(#15842,#15849),.PCURVE_S1.);
#15838 = LINE('',#15839,#15840);
#15839 = CARTESIAN_POINT('',(-27.71411047216,5.404518677937,0.));
#15840 = VECTOR('',#15841,1.);
#15841 = DIRECTION('',(-0.946930129495,0.321439465303,0.));
#15842 = PCURVE('',#5006,#15843);
#15843 = DEFINITIONAL_REPRESENTATION('',(#15844),#15848);
#15844 = LINE('',#15845,#15846);
#15845 = CARTESIAN_POINT('',(0.,0.));
#15846 = VECTOR('',#15847,1.);
#15847 = DIRECTION('',(1.,0.));
#15848 = ( GEOMETRIC_REPRESENTATION_CONTEXT(2) 
PARAMETRIC_REPRESENTATION_CONTEXT() REPRESENTATION_CONTEXT('2D SPACE',''
  ) );
#15849 = PCURVE('',#14669,#15850);
#15850 = DEFINITIONAL_REPRESENTATION('',(#15851),#15855);
#15851 = LINE('',#15852,#15853);
#15852 = CARTESIAN_POINT('',(0.414110472164,-1.545481322063));
#15853 = VECTOR('',#15854,1.);
#15854 = DIRECTION('',(0.946930129495,0.321439465303));
#15855 = ( GEOMETRIC_REPRESENTATION_CONTEXT(2) 
PARAMETRIC_REPRESENTATION_CONTEXT() REPRESENTATION_CONTEXT('2D SPACE',''
  ) );
#15856 = ADVANCED_FACE('',(#15857),#5650,.T.);
#15857 = FACE_BOUND('',#15858,.T.);
#15858 = EDGE_LOOP('',(#15859,#15882,#15883,#15884));
#15859 = ORIENTED_EDGE('',*,*,#15860,.T.);
#15860 = EDGE_CURVE('',#15861,#5607,#15863,.T.);
#15861 = VERTEX_POINT('',#15862);
#15862 = CARTESIAN_POINT('',(-27.09115809244,8.536311778198,0.));
#15863 = SURFACE_CURVE('',#15864,(#15868,#15875),.PCURVE_S1.);
#15864 = LINE('',#15865,#15866);
#15865 = CARTESIAN_POINT('',(-27.09115809244,8.536311778198,0.));
#15866 = VECTOR('',#15867,1.);
#15867 = DIRECTION('',(-0.,-0.,1.));
#15868 = PCURVE('',#5650,#15869);
#15869 = DEFINITIONAL_REPRESENTATION('',(#15870),#15874);
#15870 = LINE('',#15871,#15872);
#15871 = CARTESIAN_POINT('',(0.,0.));
#15872 = VECTOR('',#15873,1.);
#15873 = DIRECTION('',(0.,-1.));
#15874 = ( GEOMETRIC_REPRESENTATION_CONTEXT(2) 
PARAMETRIC_REPRESENTATION_CONTEXT() REPRESENTATION_CONTEXT('2D SPACE',''
  ) );
#15875 = PCURVE('',#5622,#15876);
#15876 = DEFINITIONAL_REPRESENTATION('',(#15877),#15881);
#15877 = LINE('',#15878,#15879);
#15878 = CARTESIAN_POINT('',(0.209290013536,0.));
#15879 = VECTOR('',#15880,1.);
#15880 = DIRECTION('',(0.,-1.));
#15881 = ( GEOMETRIC_REPRESENTATION_CONTEXT(2) 
PARAMETRIC_REPRESENTATION_CONTEXT() REPRESENTATION_CONTEXT('2D SPACE',''
  ) );
#15882 = ORIENTED_EDGE('',*,*,#5634,.T.);
#15883 = ORIENTED_EDGE('',*,*,#15762,.F.);
#15884 = ORIENTED_EDGE('',*,*,#15885,.F.);
#15885 = EDGE_CURVE('',#15861,#15763,#15886,.T.);
#15886 = SURFACE_CURVE('',#15887,(#15891,#15898),.PCURVE_S1.);
#15887 = LINE('',#15888,#15889);
#15888 = CARTESIAN_POINT('',(-27.09115809244,8.536311778198,0.));
#15889 = VECTOR('',#15890,1.);
#15890 = DIRECTION('',(0.980785280403,-0.195090322016,0.));
#15891 = PCURVE('',#5650,#15892);
#15892 = DEFINITIONAL_REPRESENTATION('',(#15893),#15897);
#15893 = LINE('',#15894,#15895);
#15894 = CARTESIAN_POINT('',(0.,0.));
#15895 = VECTOR('',#15896,1.);
#15896 = DIRECTION('',(1.,0.));
#15897 = ( GEOMETRIC_REPRESENTATION_CONTEXT(2) 
PARAMETRIC_REPRESENTATION_CONTEXT() REPRESENTATION_CONTEXT('2D SPACE',''
  ) );
#15898 = PCURVE('',#14669,#15899);
#15899 = DEFINITIONAL_REPRESENTATION('',(#15900),#15904);
#15900 = LINE('',#15901,#15902);
#15901 = CARTESIAN_POINT('',(-0.208841907552,1.586311778198));
#15902 = VECTOR('',#15903,1.);
#15903 = DIRECTION('',(-0.980785280403,-0.195090322016));
#15904 = ( GEOMETRIC_REPRESENTATION_CONTEXT(2) 
PARAMETRIC_REPRESENTATION_CONTEXT() REPRESENTATION_CONTEXT('2D SPACE',''
  ) );
#15905 = ADVANCED_FACE('',(#15906),#5034,.T.);
#15906 = FACE_BOUND('',#15907,.T.);
#15907 = EDGE_LOOP('',(#15908,#15909,#15910,#15933));
#15908 = ORIENTED_EDGE('',*,*,#15813,.T.);
#15909 = ORIENTED_EDGE('',*,*,#5018,.T.);
#15910 = ORIENTED_EDGE('',*,*,#15911,.F.);
#15911 = EDGE_CURVE('',#15912,#5019,#15914,.T.);
#15912 = VERTEX_POINT('',#15913);
#15913 = CARTESIAN_POINT('',(-28.1,5.564359353945,0.));
#15914 = SURFACE_CURVE('',#15915,(#15919,#15926),.PCURVE_S1.);
#15915 = LINE('',#15916,#15917);
#15916 = CARTESIAN_POINT('',(-28.1,5.564359353945,0.));
#15917 = VECTOR('',#15918,1.);
#15918 = DIRECTION('',(-0.,-0.,1.));
#15919 = PCURVE('',#5034,#15920);
#15920 = DEFINITIONAL_REPRESENTATION('',(#15921),#15925);
#15921 = LINE('',#15922,#15923);
#15922 = CARTESIAN_POINT('',(0.209290013536,0.));
#15923 = VECTOR('',#15924,1.);
#15924 = DIRECTION('',(0.,-1.));
#15925 = ( GEOMETRIC_REPRESENTATION_CONTEXT(2) 
PARAMETRIC_REPRESENTATION_CONTEXT() REPRESENTATION_CONTEXT('2D SPACE',''
  ) );
#15926 = PCURVE('',#5062,#15927);
#15927 = DEFINITIONAL_REPRESENTATION('',(#15928),#15932);
#15928 = LINE('',#15929,#15930);
#15929 = CARTESIAN_POINT('',(0.,0.));
#15930 = VECTOR('',#15931,1.);
#15931 = DIRECTION('',(0.,-1.));
#15932 = ( GEOMETRIC_REPRESENTATION_CONTEXT(2) 
PARAMETRIC_REPRESENTATION_CONTEXT() REPRESENTATION_CONTEXT('2D SPACE',''
  ) );
#15933 = ORIENTED_EDGE('',*,*,#15934,.F.);
#15934 = EDGE_CURVE('',#15814,#15912,#15935,.T.);
#15935 = SURFACE_CURVE('',#15936,(#15940,#15947),.PCURVE_S1.);
#15936 = LINE('',#15937,#15938);
#15937 = CARTESIAN_POINT('',(-27.91229349178,5.471792747982,0.));
#15938 = VECTOR('',#15939,1.);
#15939 = DIRECTION('',(-0.896872741533,0.442288690219,0.));
#15940 = PCURVE('',#5034,#15941);
#15941 = DEFINITIONAL_REPRESENTATION('',(#15942),#15946);
#15942 = LINE('',#15943,#15944);
#15943 = CARTESIAN_POINT('',(0.,0.));
#15944 = VECTOR('',#15945,1.);
#15945 = DIRECTION('',(1.,0.));
#15946 = ( GEOMETRIC_REPRESENTATION_CONTEXT(2) 
PARAMETRIC_REPRESENTATION_CONTEXT() REPRESENTATION_CONTEXT('2D SPACE',''
  ) );
#15947 = PCURVE('',#14669,#15948);
#15948 = DEFINITIONAL_REPRESENTATION('',(#15949),#15953);
#15949 = LINE('',#15950,#15951);
#15950 = CARTESIAN_POINT('',(0.612293491784,-1.478207252018));
#15951 = VECTOR('',#15952,1.);
#15952 = DIRECTION('',(0.896872741533,0.442288690219));
#15953 = ( GEOMETRIC_REPRESENTATION_CONTEXT(2) 
PARAMETRIC_REPRESENTATION_CONTEXT() REPRESENTATION_CONTEXT('2D SPACE',''
  ) );
#15954 = ADVANCED_FACE('',(#15955),#5622,.T.);
#15955 = FACE_BOUND('',#15956,.T.);
#15956 = EDGE_LOOP('',(#15957,#15980,#15981,#15982));
#15957 = ORIENTED_EDGE('',*,*,#15958,.T.);
#15958 = EDGE_CURVE('',#15959,#5579,#15961,.T.);
#15959 = VERTEX_POINT('',#15960);
#15960 = CARTESIAN_POINT('',(-27.3,8.55,0.));
#15961 = SURFACE_CURVE('',#15962,(#15966,#15973),.PCURVE_S1.);
#15962 = LINE('',#15963,#15964);
#15963 = CARTESIAN_POINT('',(-27.3,8.55,0.));
#15964 = VECTOR('',#15965,1.);
#15965 = DIRECTION('',(-0.,-0.,1.));
#15966 = PCURVE('',#5622,#15967);
#15967 = DEFINITIONAL_REPRESENTATION('',(#15968),#15972);
#15968 = LINE('',#15969,#15970);
#15969 = CARTESIAN_POINT('',(0.,0.));
#15970 = VECTOR('',#15971,1.);
#15971 = DIRECTION('',(0.,-1.));
#15972 = ( GEOMETRIC_REPRESENTATION_CONTEXT(2) 
PARAMETRIC_REPRESENTATION_CONTEXT() REPRESENTATION_CONTEXT('2D SPACE',''
  ) );
#15973 = PCURVE('',#5594,#15974);
#15974 = DEFINITIONAL_REPRESENTATION('',(#15975),#15979);
#15975 = LINE('',#15976,#15977);
#15976 = CARTESIAN_POINT('',(0.209290013536,0.));
#15977 = VECTOR('',#15978,1.);
#15978 = DIRECTION('',(0.,-1.));
#15979 = ( GEOMETRIC_REPRESENTATION_CONTEXT(2) 
PARAMETRIC_REPRESENTATION_CONTEXT() REPRESENTATION_CONTEXT('2D SPACE',''
  ) );
#15980 = ORIENTED_EDGE('',*,*,#5606,.T.);
#15981 = ORIENTED_EDGE('',*,*,#15860,.F.);
#15982 = ORIENTED_EDGE('',*,*,#15983,.F.);
#15983 = EDGE_CURVE('',#15959,#15861,#15984,.T.);
#15984 = SURFACE_CURVE('',#15985,(#15989,#15996),.PCURVE_S1.);
#15985 = LINE('',#15986,#15987);
#15986 = CARTESIAN_POINT('',(-27.3,8.55,0.));
#15987 = VECTOR('',#15988,1.);
#15988 = DIRECTION('',(0.997858923239,-6.540312923014E-02,0.));
#15989 = PCURVE('',#5622,#15990);
#15990 = DEFINITIONAL_REPRESENTATION('',(#15991),#15995);
#15991 = LINE('',#15992,#15993);
#15992 = CARTESIAN_POINT('',(0.,0.));
#15993 = VECTOR('',#15994,1.);
#15994 = DIRECTION('',(1.,0.));
#15995 = ( GEOMETRIC_REPRESENTATION_CONTEXT(2) 
PARAMETRIC_REPRESENTATION_CONTEXT() REPRESENTATION_CONTEXT('2D SPACE',''
  ) );
#15996 = PCURVE('',#14669,#15997);
#15997 = DEFINITIONAL_REPRESENTATION('',(#15998),#16002);
#15998 = LINE('',#15999,#16000);
#15999 = CARTESIAN_POINT('',(-7.105427357601E-15,1.6));
#16000 = VECTOR('',#16001,1.);
#16001 = DIRECTION('',(-0.997858923239,-6.540312923014E-02));
#16002 = ( GEOMETRIC_REPRESENTATION_CONTEXT(2) 
PARAMETRIC_REPRESENTATION_CONTEXT() REPRESENTATION_CONTEXT('2D SPACE',''
  ) );
#16003 = ADVANCED_FACE('',(#16004),#5062,.T.);
#16004 = FACE_BOUND('',#16005,.T.);
#16005 = EDGE_LOOP('',(#16006,#16007,#16008,#16031));
#16006 = ORIENTED_EDGE('',*,*,#15911,.T.);
#16007 = ORIENTED_EDGE('',*,*,#5046,.T.);
#16008 = ORIENTED_EDGE('',*,*,#16009,.F.);
#16009 = EDGE_CURVE('',#16010,#5047,#16012,.T.);
#16010 = VERTEX_POINT('',#16011);
#16011 = CARTESIAN_POINT('',(-28.27401828641,5.680634655534,0.));
#16012 = SURFACE_CURVE('',#16013,(#16017,#16024),.PCURVE_S1.);
#16013 = LINE('',#16014,#16015);
#16014 = CARTESIAN_POINT('',(-28.27401828641,5.680634655534,0.));
#16015 = VECTOR('',#16016,1.);
#16016 = DIRECTION('',(-0.,-0.,1.));
#16017 = PCURVE('',#5062,#16018);
#16018 = DEFINITIONAL_REPRESENTATION('',(#16019),#16023);
#16019 = LINE('',#16020,#16021);
#16020 = CARTESIAN_POINT('',(0.209290013536,0.));
#16021 = VECTOR('',#16022,1.);
#16022 = DIRECTION('',(0.,-1.));
#16023 = ( GEOMETRIC_REPRESENTATION_CONTEXT(2) 
PARAMETRIC_REPRESENTATION_CONTEXT() REPRESENTATION_CONTEXT('2D SPACE',''
  ) );
#16024 = PCURVE('',#5090,#16025);
#16025 = DEFINITIONAL_REPRESENTATION('',(#16026),#16030);
#16026 = LINE('',#16027,#16028);
#16027 = CARTESIAN_POINT('',(0.,0.));
#16028 = VECTOR('',#16029,1.);
#16029 = DIRECTION('',(0.,-1.));
#16030 = ( GEOMETRIC_REPRESENTATION_CONTEXT(2) 
PARAMETRIC_REPRESENTATION_CONTEXT() REPRESENTATION_CONTEXT('2D SPACE',''
  ) );
#16031 = ORIENTED_EDGE('',*,*,#16032,.F.);
#16032 = EDGE_CURVE('',#15912,#16010,#16033,.T.);
#16033 = SURFACE_CURVE('',#16034,(#16038,#16045),.PCURVE_S1.);
#16034 = LINE('',#16035,#16036);
#16035 = CARTESIAN_POINT('',(-28.1,5.564359353945,0.));
#16036 = VECTOR('',#16037,1.);
#16037 = DIRECTION('',(-0.831469612303,0.55557023302,0.));
#16038 = PCURVE('',#5062,#16039);
#16039 = DEFINITIONAL_REPRESENTATION('',(#16040),#16044);
#16040 = LINE('',#16041,#16042);
#16041 = CARTESIAN_POINT('',(0.,0.));
#16042 = VECTOR('',#16043,1.);
#16043 = DIRECTION('',(1.,0.));
#16044 = ( GEOMETRIC_REPRESENTATION_CONTEXT(2) 
PARAMETRIC_REPRESENTATION_CONTEXT() REPRESENTATION_CONTEXT('2D SPACE',''
  ) );
#16045 = PCURVE('',#14669,#16046);
#16046 = DEFINITIONAL_REPRESENTATION('',(#16047),#16051);
#16047 = LINE('',#16048,#16049);
#16048 = CARTESIAN_POINT('',(0.8,-1.385640646055));
#16049 = VECTOR('',#16050,1.);
#16050 = DIRECTION('',(0.831469612303,0.55557023302));
#16051 = ( GEOMETRIC_REPRESENTATION_CONTEXT(2) 
PARAMETRIC_REPRESENTATION_CONTEXT() REPRESENTATION_CONTEXT('2D SPACE',''
  ) );
#16052 = ADVANCED_FACE('',(#16053),#5594,.T.);
#16053 = FACE_BOUND('',#16054,.T.);
#16054 = EDGE_LOOP('',(#16055,#16078,#16079,#16080));
#16055 = ORIENTED_EDGE('',*,*,#16056,.T.);
#16056 = EDGE_CURVE('',#16057,#5551,#16059,.T.);
#16057 = VERTEX_POINT('',#16058);
#16058 = CARTESIAN_POINT('',(-27.50884190755,8.536311778198,0.));
#16059 = SURFACE_CURVE('',#16060,(#16064,#16071),.PCURVE_S1.);
#16060 = LINE('',#16061,#16062);
#16061 = CARTESIAN_POINT('',(-27.50884190755,8.536311778198,0.));
#16062 = VECTOR('',#16063,1.);
#16063 = DIRECTION('',(-0.,-0.,1.));
#16064 = PCURVE('',#5594,#16065);
#16065 = DEFINITIONAL_REPRESENTATION('',(#16066),#16070);
#16066 = LINE('',#16067,#16068);
#16067 = CARTESIAN_POINT('',(0.,0.));
#16068 = VECTOR('',#16069,1.);
#16069 = DIRECTION('',(0.,-1.));
#16070 = ( GEOMETRIC_REPRESENTATION_CONTEXT(2) 
PARAMETRIC_REPRESENTATION_CONTEXT() REPRESENTATION_CONTEXT('2D SPACE',''
  ) );
#16071 = PCURVE('',#5566,#16072);
#16072 = DEFINITIONAL_REPRESENTATION('',(#16073),#16077);
#16073 = LINE('',#16074,#16075);
#16074 = CARTESIAN_POINT('',(0.209290013536,0.));
#16075 = VECTOR('',#16076,1.);
#16076 = DIRECTION('',(0.,-1.));
#16077 = ( GEOMETRIC_REPRESENTATION_CONTEXT(2) 
PARAMETRIC_REPRESENTATION_CONTEXT() REPRESENTATION_CONTEXT('2D SPACE',''
  ) );
#16078 = ORIENTED_EDGE('',*,*,#5578,.T.);
#16079 = ORIENTED_EDGE('',*,*,#15958,.F.);
#16080 = ORIENTED_EDGE('',*,*,#16081,.F.);
#16081 = EDGE_CURVE('',#16057,#15959,#16082,.T.);
#16082 = SURFACE_CURVE('',#16083,(#16087,#16094),.PCURVE_S1.);
#16083 = LINE('',#16084,#16085);
#16084 = CARTESIAN_POINT('',(-27.50884190755,8.536311778198,0.));
#16085 = VECTOR('',#16086,1.);
#16086 = DIRECTION('',(0.997858923239,6.540312923014E-02,0.));
#16087 = PCURVE('',#5594,#16088);
#16088 = DEFINITIONAL_REPRESENTATION('',(#16089),#16093);
#16089 = LINE('',#16090,#16091);
#16090 = CARTESIAN_POINT('',(0.,0.));
#16091 = VECTOR('',#16092,1.);
#16092 = DIRECTION('',(1.,0.));
#16093 = ( GEOMETRIC_REPRESENTATION_CONTEXT(2) 
PARAMETRIC_REPRESENTATION_CONTEXT() REPRESENTATION_CONTEXT('2D SPACE',''
  ) );
#16094 = PCURVE('',#14669,#16095);
#16095 = DEFINITIONAL_REPRESENTATION('',(#16096),#16100);
#16096 = LINE('',#16097,#16098);
#16097 = CARTESIAN_POINT('',(0.208841907552,1.586311778198));
#16098 = VECTOR('',#16099,1.);
#16099 = DIRECTION('',(-0.997858923239,6.540312923014E-02));
#16100 = ( GEOMETRIC_REPRESENTATION_CONTEXT(2) 
PARAMETRIC_REPRESENTATION_CONTEXT() REPRESENTATION_CONTEXT('2D SPACE',''
  ) );
#16101 = ADVANCED_FACE('',(#16102),#5090,.T.);
#16102 = FACE_BOUND('',#16103,.T.);
#16103 = EDGE_LOOP('',(#16104,#16105,#16106,#16129));
#16104 = ORIENTED_EDGE('',*,*,#16009,.T.);
#16105 = ORIENTED_EDGE('',*,*,#5074,.T.);
#16106 = ORIENTED_EDGE('',*,*,#16107,.F.);
#16107 = EDGE_CURVE('',#16108,#5075,#16110,.T.);
#16108 = VERTEX_POINT('',#16109);
#16109 = CARTESIAN_POINT('',(-28.43137084989,5.818629150102,0.));
#16110 = SURFACE_CURVE('',#16111,(#16115,#16122),.PCURVE_S1.);
#16111 = LINE('',#16112,#16113);
#16112 = CARTESIAN_POINT('',(-28.43137084989,5.818629150102,0.));
#16113 = VECTOR('',#16114,1.);
#16114 = DIRECTION('',(-0.,-0.,1.));
#16115 = PCURVE('',#5090,#16116);
#16116 = DEFINITIONAL_REPRESENTATION('',(#16117),#16121);
#16117 = LINE('',#16118,#16119);
#16118 = CARTESIAN_POINT('',(0.209290013536,0.));
#16119 = VECTOR('',#16120,1.);
#16120 = DIRECTION('',(0.,-1.));
#16121 = ( GEOMETRIC_REPRESENTATION_CONTEXT(2) 
PARAMETRIC_REPRESENTATION_CONTEXT() REPRESENTATION_CONTEXT('2D SPACE',''
  ) );
#16122 = PCURVE('',#5118,#16123);
#16123 = DEFINITIONAL_REPRESENTATION('',(#16124),#16128);
#16124 = LINE('',#16125,#16126);
#16125 = CARTESIAN_POINT('',(0.,0.));
#16126 = VECTOR('',#16127,1.);
#16127 = DIRECTION('',(0.,-1.));
#16128 = ( GEOMETRIC_REPRESENTATION_CONTEXT(2) 
PARAMETRIC_REPRESENTATION_CONTEXT() REPRESENTATION_CONTEXT('2D SPACE',''
  ) );
#16129 = ORIENTED_EDGE('',*,*,#16130,.F.);
#16130 = EDGE_CURVE('',#16010,#16108,#16131,.T.);
#16131 = SURFACE_CURVE('',#16132,(#16136,#16143),.PCURVE_S1.);
#16132 = LINE('',#16133,#16134);
#16133 = CARTESIAN_POINT('',(-28.27401828641,5.680634655534,0.));
#16134 = VECTOR('',#16135,1.);
#16135 = DIRECTION('',(-0.751839807479,0.6593458151,0.));
#16136 = PCURVE('',#5090,#16137);
#16137 = DEFINITIONAL_REPRESENTATION('',(#16138),#16142);
#16138 = LINE('',#16139,#16140);
#16139 = CARTESIAN_POINT('',(0.,0.));
#16140 = VECTOR('',#16141,1.);
#16141 = DIRECTION('',(1.,0.));
#16142 = ( GEOMETRIC_REPRESENTATION_CONTEXT(2) 
PARAMETRIC_REPRESENTATION_CONTEXT() REPRESENTATION_CONTEXT('2D SPACE',''
  ) );
#16143 = PCURVE('',#14669,#16144);
#16144 = DEFINITIONAL_REPRESENTATION('',(#16145),#16149);
#16145 = LINE('',#16146,#16147);
#16146 = CARTESIAN_POINT('',(0.974018286414,-1.269365344466));
#16147 = VECTOR('',#16148,1.);
#16148 = DIRECTION('',(0.751839807479,0.6593458151));
#16149 = ( GEOMETRIC_REPRESENTATION_CONTEXT(2) 
PARAMETRIC_REPRESENTATION_CONTEXT() REPRESENTATION_CONTEXT('2D SPACE',''
  ) );
#16150 = ADVANCED_FACE('',(#16151),#5566,.T.);
#16151 = FACE_BOUND('',#16152,.T.);
#16152 = EDGE_LOOP('',(#16153,#16176,#16177,#16178));
#16153 = ORIENTED_EDGE('',*,*,#16154,.T.);
#16154 = EDGE_CURVE('',#16155,#5523,#16157,.T.);
#16155 = VERTEX_POINT('',#16156);
#16156 = CARTESIAN_POINT('',(-27.71411047216,8.495481322063,0.));
#16157 = SURFACE_CURVE('',#16158,(#16162,#16169),.PCURVE_S1.);
#16158 = LINE('',#16159,#16160);
#16159 = CARTESIAN_POINT('',(-27.71411047216,8.495481322063,0.));
#16160 = VECTOR('',#16161,1.);
#16161 = DIRECTION('',(-0.,-0.,1.));
#16162 = PCURVE('',#5566,#16163);
#16163 = DEFINITIONAL_REPRESENTATION('',(#16164),#16168);
#16164 = LINE('',#16165,#16166);
#16165 = CARTESIAN_POINT('',(0.,0.));
#16166 = VECTOR('',#16167,1.);
#16167 = DIRECTION('',(0.,-1.));
#16168 = ( GEOMETRIC_REPRESENTATION_CONTEXT(2) 
PARAMETRIC_REPRESENTATION_CONTEXT() REPRESENTATION_CONTEXT('2D SPACE',''
  ) );
#16169 = PCURVE('',#5538,#16170);
#16170 = DEFINITIONAL_REPRESENTATION('',(#16171),#16175);
#16171 = LINE('',#16172,#16173);
#16172 = CARTESIAN_POINT('',(0.209290013536,0.));
#16173 = VECTOR('',#16174,1.);
#16174 = DIRECTION('',(0.,-1.));
#16175 = ( GEOMETRIC_REPRESENTATION_CONTEXT(2) 
PARAMETRIC_REPRESENTATION_CONTEXT() REPRESENTATION_CONTEXT('2D SPACE',''
  ) );
#16176 = ORIENTED_EDGE('',*,*,#5550,.T.);
#16177 = ORIENTED_EDGE('',*,*,#16056,.F.);
#16178 = ORIENTED_EDGE('',*,*,#16179,.F.);
#16179 = EDGE_CURVE('',#16155,#16057,#16180,.T.);
#16180 = SURFACE_CURVE('',#16181,(#16185,#16192),.PCURVE_S1.);
#16181 = LINE('',#16182,#16183);
#16182 = CARTESIAN_POINT('',(-27.71411047216,8.495481322063,0.));
#16183 = VECTOR('',#16184,1.);
#16184 = DIRECTION('',(0.980785280403,0.195090322016,0.));
#16185 = PCURVE('',#5566,#16186);
#16186 = DEFINITIONAL_REPRESENTATION('',(#16187),#16191);
#16187 = LINE('',#16188,#16189);
#16188 = CARTESIAN_POINT('',(0.,0.));
#16189 = VECTOR('',#16190,1.);
#16190 = DIRECTION('',(1.,0.));
#16191 = ( GEOMETRIC_REPRESENTATION_CONTEXT(2) 
PARAMETRIC_REPRESENTATION_CONTEXT() REPRESENTATION_CONTEXT('2D SPACE',''
  ) );
#16192 = PCURVE('',#14669,#16193);
#16193 = DEFINITIONAL_REPRESENTATION('',(#16194),#16198);
#16194 = LINE('',#16195,#16196);
#16195 = CARTESIAN_POINT('',(0.414110472164,1.545481322063));
#16196 = VECTOR('',#16197,1.);
#16197 = DIRECTION('',(-0.980785280403,0.195090322016));
#16198 = ( GEOMETRIC_REPRESENTATION_CONTEXT(2) 
PARAMETRIC_REPRESENTATION_CONTEXT() REPRESENTATION_CONTEXT('2D SPACE',''
  ) );
#16199 = ADVANCED_FACE('',(#16200),#5118,.T.);
#16200 = FACE_BOUND('',#16201,.T.);
#16201 = EDGE_LOOP('',(#16202,#16203,#16204,#16227));
#16202 = ORIENTED_EDGE('',*,*,#16107,.T.);
#16203 = ORIENTED_EDGE('',*,*,#5102,.T.);
#16204 = ORIENTED_EDGE('',*,*,#16205,.F.);
#16205 = EDGE_CURVE('',#16206,#5103,#16208,.T.);
#16206 = VERTEX_POINT('',#16207);
#16207 = CARTESIAN_POINT('',(-28.56936534446,5.975981713586,0.));
#16208 = SURFACE_CURVE('',#16209,(#16213,#16220),.PCURVE_S1.);
#16209 = LINE('',#16210,#16211);
#16210 = CARTESIAN_POINT('',(-28.56936534446,5.975981713586,0.));
#16211 = VECTOR('',#16212,1.);
#16212 = DIRECTION('',(-0.,-0.,1.));
#16213 = PCURVE('',#5118,#16214);
#16214 = DEFINITIONAL_REPRESENTATION('',(#16215),#16219);
#16215 = LINE('',#16216,#16217);
#16216 = CARTESIAN_POINT('',(0.209290013536,0.));
#16217 = VECTOR('',#16218,1.);
#16218 = DIRECTION('',(0.,-1.));
#16219 = ( GEOMETRIC_REPRESENTATION_CONTEXT(2) 
PARAMETRIC_REPRESENTATION_CONTEXT() REPRESENTATION_CONTEXT('2D SPACE',''
  ) );
#16220 = PCURVE('',#5146,#16221);
#16221 = DEFINITIONAL_REPRESENTATION('',(#16222),#16226);
#16222 = LINE('',#16223,#16224);
#16223 = CARTESIAN_POINT('',(0.,0.));
#16224 = VECTOR('',#16225,1.);
#16225 = DIRECTION('',(0.,-1.));
#16226 = ( GEOMETRIC_REPRESENTATION_CONTEXT(2) 
PARAMETRIC_REPRESENTATION_CONTEXT() REPRESENTATION_CONTEXT('2D SPACE',''
  ) );
#16227 = ORIENTED_EDGE('',*,*,#16228,.F.);
#16228 = EDGE_CURVE('',#16108,#16206,#16229,.T.);
#16229 = SURFACE_CURVE('',#16230,(#16234,#16241),.PCURVE_S1.);
#16230 = LINE('',#16231,#16232);
#16231 = CARTESIAN_POINT('',(-28.43137084989,5.818629150102,0.));
#16232 = VECTOR('',#16233,1.);
#16233 = DIRECTION('',(-0.6593458151,0.751839807479,0.));
#16234 = PCURVE('',#5118,#16235);
#16235 = DEFINITIONAL_REPRESENTATION('',(#16236),#16240);
#16236 = LINE('',#16237,#16238);
#16237 = CARTESIAN_POINT('',(0.,0.));
#16238 = VECTOR('',#16239,1.);
#16239 = DIRECTION('',(1.,0.));
#16240 = ( GEOMETRIC_REPRESENTATION_CONTEXT(2) 
PARAMETRIC_REPRESENTATION_CONTEXT() REPRESENTATION_CONTEXT('2D SPACE',''
  ) );
#16241 = PCURVE('',#14669,#16242);
#16242 = DEFINITIONAL_REPRESENTATION('',(#16243),#16247);
#16243 = LINE('',#16244,#16245);
#16244 = CARTESIAN_POINT('',(1.131370849898,-1.131370849898));
#16245 = VECTOR('',#16246,1.);
#16246 = DIRECTION('',(0.6593458151,0.751839807479));
#16247 = ( GEOMETRIC_REPRESENTATION_CONTEXT(2) 
PARAMETRIC_REPRESENTATION_CONTEXT() REPRESENTATION_CONTEXT('2D SPACE',''
  ) );
#16248 = ADVANCED_FACE('',(#16249),#5538,.T.);
#16249 = FACE_BOUND('',#16250,.T.);
#16250 = EDGE_LOOP('',(#16251,#16274,#16275,#16276));
#16251 = ORIENTED_EDGE('',*,*,#16252,.T.);
#16252 = EDGE_CURVE('',#16253,#5495,#16255,.T.);
#16253 = VERTEX_POINT('',#16254);
#16254 = CARTESIAN_POINT('',(-27.91229349178,8.428207252018,0.));
#16255 = SURFACE_CURVE('',#16256,(#16260,#16267),.PCURVE_S1.);
#16256 = LINE('',#16257,#16258);
#16257 = CARTESIAN_POINT('',(-27.91229349178,8.428207252018,0.));
#16258 = VECTOR('',#16259,1.);
#16259 = DIRECTION('',(-0.,-0.,1.));
#16260 = PCURVE('',#5538,#16261);
#16261 = DEFINITIONAL_REPRESENTATION('',(#16262),#16266);
#16262 = LINE('',#16263,#16264);
#16263 = CARTESIAN_POINT('',(0.,0.));
#16264 = VECTOR('',#16265,1.);
#16265 = DIRECTION('',(0.,-1.));
#16266 = ( GEOMETRIC_REPRESENTATION_CONTEXT(2) 
PARAMETRIC_REPRESENTATION_CONTEXT() REPRESENTATION_CONTEXT('2D SPACE',''
  ) );
#16267 = PCURVE('',#5510,#16268);
#16268 = DEFINITIONAL_REPRESENTATION('',(#16269),#16273);
#16269 = LINE('',#16270,#16271);
#16270 = CARTESIAN_POINT('',(0.209290013536,0.));
#16271 = VECTOR('',#16272,1.);
#16272 = DIRECTION('',(0.,-1.));
#16273 = ( GEOMETRIC_REPRESENTATION_CONTEXT(2) 
PARAMETRIC_REPRESENTATION_CONTEXT() REPRESENTATION_CONTEXT('2D SPACE',''
  ) );
#16274 = ORIENTED_EDGE('',*,*,#5522,.T.);
#16275 = ORIENTED_EDGE('',*,*,#16154,.F.);
#16276 = ORIENTED_EDGE('',*,*,#16277,.F.);
#16277 = EDGE_CURVE('',#16253,#16155,#16278,.T.);
#16278 = SURFACE_CURVE('',#16279,(#16283,#16290),.PCURVE_S1.);
#16279 = LINE('',#16280,#16281);
#16280 = CARTESIAN_POINT('',(-27.91229349178,8.428207252018,0.));
#16281 = VECTOR('',#16282,1.);
#16282 = DIRECTION('',(0.946930129495,0.321439465303,0.));
#16283 = PCURVE('',#5538,#16284);
#16284 = DEFINITIONAL_REPRESENTATION('',(#16285),#16289);
#16285 = LINE('',#16286,#16287);
#16286 = CARTESIAN_POINT('',(0.,0.));
#16287 = VECTOR('',#16288,1.);
#16288 = DIRECTION('',(1.,0.));
#16289 = ( GEOMETRIC_REPRESENTATION_CONTEXT(2) 
PARAMETRIC_REPRESENTATION_CONTEXT() REPRESENTATION_CONTEXT('2D SPACE',''
  ) );
#16290 = PCURVE('',#14669,#16291);
#16291 = DEFINITIONAL_REPRESENTATION('',(#16292),#16296);
#16292 = LINE('',#16293,#16294);
#16293 = CARTESIAN_POINT('',(0.612293491784,1.478207252018));
#16294 = VECTOR('',#16295,1.);
#16295 = DIRECTION('',(-0.946930129495,0.321439465303));
#16296 = ( GEOMETRIC_REPRESENTATION_CONTEXT(2) 
PARAMETRIC_REPRESENTATION_CONTEXT() REPRESENTATION_CONTEXT('2D SPACE',''
  ) );
#16297 = ADVANCED_FACE('',(#16298),#5146,.T.);
#16298 = FACE_BOUND('',#16299,.T.);
#16299 = EDGE_LOOP('',(#16300,#16301,#16302,#16325));
#16300 = ORIENTED_EDGE('',*,*,#16205,.T.);
#16301 = ORIENTED_EDGE('',*,*,#5130,.T.);
#16302 = ORIENTED_EDGE('',*,*,#16303,.F.);
#16303 = EDGE_CURVE('',#16304,#5131,#16306,.T.);
#16304 = VERTEX_POINT('',#16305);
#16305 = CARTESIAN_POINT('',(-28.68564064605,6.15,0.));
#16306 = SURFACE_CURVE('',#16307,(#16311,#16318),.PCURVE_S1.);
#16307 = LINE('',#16308,#16309);
#16308 = CARTESIAN_POINT('',(-28.68564064605,6.15,0.));
#16309 = VECTOR('',#16310,1.);
#16310 = DIRECTION('',(-0.,-0.,1.));
#16311 = PCURVE('',#5146,#16312);
#16312 = DEFINITIONAL_REPRESENTATION('',(#16313),#16317);
#16313 = LINE('',#16314,#16315);
#16314 = CARTESIAN_POINT('',(0.209290013536,0.));
#16315 = VECTOR('',#16316,1.);
#16316 = DIRECTION('',(0.,-1.));
#16317 = ( GEOMETRIC_REPRESENTATION_CONTEXT(2) 
PARAMETRIC_REPRESENTATION_CONTEXT() REPRESENTATION_CONTEXT('2D SPACE',''
  ) );
#16318 = PCURVE('',#5174,#16319);
#16319 = DEFINITIONAL_REPRESENTATION('',(#16320),#16324);
#16320 = LINE('',#16321,#16322);
#16321 = CARTESIAN_POINT('',(0.,0.));
#16322 = VECTOR('',#16323,1.);
#16323 = DIRECTION('',(0.,-1.));
#16324 = ( GEOMETRIC_REPRESENTATION_CONTEXT(2) 
PARAMETRIC_REPRESENTATION_CONTEXT() REPRESENTATION_CONTEXT('2D SPACE',''
  ) );
#16325 = ORIENTED_EDGE('',*,*,#16326,.F.);
#16326 = EDGE_CURVE('',#16206,#16304,#16327,.T.);
#16327 = SURFACE_CURVE('',#16328,(#16332,#16339),.PCURVE_S1.);
#16328 = LINE('',#16329,#16330);
#16329 = CARTESIAN_POINT('',(-28.56936534446,5.975981713586,0.));
#16330 = VECTOR('',#16331,1.);
#16331 = DIRECTION('',(-0.55557023302,0.831469612303,0.));
#16332 = PCURVE('',#5146,#16333);
#16333 = DEFINITIONAL_REPRESENTATION('',(#16334),#16338);
#16334 = LINE('',#16335,#16336);
#16335 = CARTESIAN_POINT('',(0.,0.));
#16336 = VECTOR('',#16337,1.);
#16337 = DIRECTION('',(1.,0.));
#16338 = ( GEOMETRIC_REPRESENTATION_CONTEXT(2) 
PARAMETRIC_REPRESENTATION_CONTEXT() REPRESENTATION_CONTEXT('2D SPACE',''
  ) );
#16339 = PCURVE('',#14669,#16340);
#16340 = DEFINITIONAL_REPRESENTATION('',(#16341),#16345);
#16341 = LINE('',#16342,#16343);
#16342 = CARTESIAN_POINT('',(1.269365344466,-0.974018286414));
#16343 = VECTOR('',#16344,1.);
#16344 = DIRECTION('',(0.55557023302,0.831469612303));
#16345 = ( GEOMETRIC_REPRESENTATION_CONTEXT(2) 
PARAMETRIC_REPRESENTATION_CONTEXT() REPRESENTATION_CONTEXT('2D SPACE',''
  ) );
#16346 = ADVANCED_FACE('',(#16347),#5510,.T.);
#16347 = FACE_BOUND('',#16348,.T.);
#16348 = EDGE_LOOP('',(#16349,#16372,#16373,#16374));
#16349 = ORIENTED_EDGE('',*,*,#16350,.T.);
#16350 = EDGE_CURVE('',#16351,#5467,#16353,.T.);
#16351 = VERTEX_POINT('',#16352);
#16352 = CARTESIAN_POINT('',(-28.1,8.335640646055,0.));
#16353 = SURFACE_CURVE('',#16354,(#16358,#16365),.PCURVE_S1.);
#16354 = LINE('',#16355,#16356);
#16355 = CARTESIAN_POINT('',(-28.1,8.335640646055,0.));
#16356 = VECTOR('',#16357,1.);
#16357 = DIRECTION('',(-0.,-0.,1.));
#16358 = PCURVE('',#5510,#16359);
#16359 = DEFINITIONAL_REPRESENTATION('',(#16360),#16364);
#16360 = LINE('',#16361,#16362);
#16361 = CARTESIAN_POINT('',(0.,0.));
#16362 = VECTOR('',#16363,1.);
#16363 = DIRECTION('',(0.,-1.));
#16364 = ( GEOMETRIC_REPRESENTATION_CONTEXT(2) 
PARAMETRIC_REPRESENTATION_CONTEXT() REPRESENTATION_CONTEXT('2D SPACE',''
  ) );
#16365 = PCURVE('',#5482,#16366);
#16366 = DEFINITIONAL_REPRESENTATION('',(#16367),#16371);
#16367 = LINE('',#16368,#16369);
#16368 = CARTESIAN_POINT('',(0.209290013536,0.));
#16369 = VECTOR('',#16370,1.);
#16370 = DIRECTION('',(0.,-1.));
#16371 = ( GEOMETRIC_REPRESENTATION_CONTEXT(2) 
PARAMETRIC_REPRESENTATION_CONTEXT() REPRESENTATION_CONTEXT('2D SPACE',''
  ) );
#16372 = ORIENTED_EDGE('',*,*,#5494,.T.);
#16373 = ORIENTED_EDGE('',*,*,#16252,.F.);
#16374 = ORIENTED_EDGE('',*,*,#16375,.F.);
#16375 = EDGE_CURVE('',#16351,#16253,#16376,.T.);
#16376 = SURFACE_CURVE('',#16377,(#16381,#16388),.PCURVE_S1.);
#16377 = LINE('',#16378,#16379);
#16378 = CARTESIAN_POINT('',(-28.1,8.335640646055,0.));
#16379 = VECTOR('',#16380,1.);
#16380 = DIRECTION('',(0.896872741533,0.442288690219,0.));
#16381 = PCURVE('',#5510,#16382);
#16382 = DEFINITIONAL_REPRESENTATION('',(#16383),#16387);
#16383 = LINE('',#16384,#16385);
#16384 = CARTESIAN_POINT('',(0.,0.));
#16385 = VECTOR('',#16386,1.);
#16386 = DIRECTION('',(1.,0.));
#16387 = ( GEOMETRIC_REPRESENTATION_CONTEXT(2) 
PARAMETRIC_REPRESENTATION_CONTEXT() REPRESENTATION_CONTEXT('2D SPACE',''
  ) );
#16388 = PCURVE('',#14669,#16389);
#16389 = DEFINITIONAL_REPRESENTATION('',(#16390),#16394);
#16390 = LINE('',#16391,#16392);
#16391 = CARTESIAN_POINT('',(0.8,1.385640646055));
#16392 = VECTOR('',#16393,1.);
#16393 = DIRECTION('',(-0.896872741533,0.442288690219));
#16394 = ( GEOMETRIC_REPRESENTATION_CONTEXT(2) 
PARAMETRIC_REPRESENTATION_CONTEXT() REPRESENTATION_CONTEXT('2D SPACE',''
  ) );
#16395 = ADVANCED_FACE('',(#16396),#5174,.T.);
#16396 = FACE_BOUND('',#16397,.T.);
#16397 = EDGE_LOOP('',(#16398,#16399,#16400,#16423));
#16398 = ORIENTED_EDGE('',*,*,#16303,.T.);
#16399 = ORIENTED_EDGE('',*,*,#5158,.T.);
#16400 = ORIENTED_EDGE('',*,*,#16401,.F.);
#16401 = EDGE_CURVE('',#16402,#5159,#16404,.T.);
#16402 = VERTEX_POINT('',#16403);
#16403 = CARTESIAN_POINT('',(-28.77820725201,6.337706508216,0.));
#16404 = SURFACE_CURVE('',#16405,(#16409,#16416),.PCURVE_S1.);
#16405 = LINE('',#16406,#16407);
#16406 = CARTESIAN_POINT('',(-28.77820725201,6.337706508216,0.));
#16407 = VECTOR('',#16408,1.);
#16408 = DIRECTION('',(-0.,-0.,1.));
#16409 = PCURVE('',#5174,#16410);
#16410 = DEFINITIONAL_REPRESENTATION('',(#16411),#16415);
#16411 = LINE('',#16412,#16413);
#16412 = CARTESIAN_POINT('',(0.209290013536,0.));
#16413 = VECTOR('',#16414,1.);
#16414 = DIRECTION('',(0.,-1.));
#16415 = ( GEOMETRIC_REPRESENTATION_CONTEXT(2) 
PARAMETRIC_REPRESENTATION_CONTEXT() REPRESENTATION_CONTEXT('2D SPACE',''
  ) );
#16416 = PCURVE('',#5202,#16417);
#16417 = DEFINITIONAL_REPRESENTATION('',(#16418),#16422);
#16418 = LINE('',#16419,#16420);
#16419 = CARTESIAN_POINT('',(0.,0.));
#16420 = VECTOR('',#16421,1.);
#16421 = DIRECTION('',(0.,-1.));
#16422 = ( GEOMETRIC_REPRESENTATION_CONTEXT(2) 
PARAMETRIC_REPRESENTATION_CONTEXT() REPRESENTATION_CONTEXT('2D SPACE',''
  ) );
#16423 = ORIENTED_EDGE('',*,*,#16424,.F.);
#16424 = EDGE_CURVE('',#16304,#16402,#16425,.T.);
#16425 = SURFACE_CURVE('',#16426,(#16430,#16437),.PCURVE_S1.);
#16426 = LINE('',#16427,#16428);
#16427 = CARTESIAN_POINT('',(-28.68564064605,6.15,0.));
#16428 = VECTOR('',#16429,1.);
#16429 = DIRECTION('',(-0.442288690219,0.896872741533,0.));
#16430 = PCURVE('',#5174,#16431);
#16431 = DEFINITIONAL_REPRESENTATION('',(#16432),#16436);
#16432 = LINE('',#16433,#16434);
#16433 = CARTESIAN_POINT('',(0.,0.));
#16434 = VECTOR('',#16435,1.);
#16435 = DIRECTION('',(1.,0.));
#16436 = ( GEOMETRIC_REPRESENTATION_CONTEXT(2) 
PARAMETRIC_REPRESENTATION_CONTEXT() REPRESENTATION_CONTEXT('2D SPACE',''
  ) );
#16437 = PCURVE('',#14669,#16438);
#16438 = DEFINITIONAL_REPRESENTATION('',(#16439),#16443);
#16439 = LINE('',#16440,#16441);
#16440 = CARTESIAN_POINT('',(1.385640646055,-0.8));
#16441 = VECTOR('',#16442,1.);
#16442 = DIRECTION('',(0.442288690219,0.896872741533));
#16443 = ( GEOMETRIC_REPRESENTATION_CONTEXT(2) 
PARAMETRIC_REPRESENTATION_CONTEXT() REPRESENTATION_CONTEXT('2D SPACE',''
  ) );
#16444 = ADVANCED_FACE('',(#16445),#5482,.T.);
#16445 = FACE_BOUND('',#16446,.T.);
#16446 = EDGE_LOOP('',(#16447,#16470,#16471,#16472));
#16447 = ORIENTED_EDGE('',*,*,#16448,.T.);
#16448 = EDGE_CURVE('',#16449,#5439,#16451,.T.);
#16449 = VERTEX_POINT('',#16450);
#16450 = CARTESIAN_POINT('',(-28.27401828641,8.219365344466,0.));
#16451 = SURFACE_CURVE('',#16452,(#16456,#16463),.PCURVE_S1.);
#16452 = LINE('',#16453,#16454);
#16453 = CARTESIAN_POINT('',(-28.27401828641,8.219365344466,0.));
#16454 = VECTOR('',#16455,1.);
#16455 = DIRECTION('',(-0.,-0.,1.));
#16456 = PCURVE('',#5482,#16457);
#16457 = DEFINITIONAL_REPRESENTATION('',(#16458),#16462);
#16458 = LINE('',#16459,#16460);
#16459 = CARTESIAN_POINT('',(0.,0.));
#16460 = VECTOR('',#16461,1.);
#16461 = DIRECTION('',(0.,-1.));
#16462 = ( GEOMETRIC_REPRESENTATION_CONTEXT(2) 
PARAMETRIC_REPRESENTATION_CONTEXT() REPRESENTATION_CONTEXT('2D SPACE',''
  ) );
#16463 = PCURVE('',#5454,#16464);
#16464 = DEFINITIONAL_REPRESENTATION('',(#16465),#16469);
#16465 = LINE('',#16466,#16467);
#16466 = CARTESIAN_POINT('',(0.209290013536,0.));
#16467 = VECTOR('',#16468,1.);
#16468 = DIRECTION('',(0.,-1.));
#16469 = ( GEOMETRIC_REPRESENTATION_CONTEXT(2) 
PARAMETRIC_REPRESENTATION_CONTEXT() REPRESENTATION_CONTEXT('2D SPACE',''
  ) );
#16470 = ORIENTED_EDGE('',*,*,#5466,.T.);
#16471 = ORIENTED_EDGE('',*,*,#16350,.F.);
#16472 = ORIENTED_EDGE('',*,*,#16473,.F.);
#16473 = EDGE_CURVE('',#16449,#16351,#16474,.T.);
#16474 = SURFACE_CURVE('',#16475,(#16479,#16486),.PCURVE_S1.);
#16475 = LINE('',#16476,#16477);
#16476 = CARTESIAN_POINT('',(-28.27401828641,8.219365344466,0.));
#16477 = VECTOR('',#16478,1.);
#16478 = DIRECTION('',(0.831469612303,0.55557023302,0.));
#16479 = PCURVE('',#5482,#16480);
#16480 = DEFINITIONAL_REPRESENTATION('',(#16481),#16485);
#16481 = LINE('',#16482,#16483);
#16482 = CARTESIAN_POINT('',(0.,0.));
#16483 = VECTOR('',#16484,1.);
#16484 = DIRECTION('',(1.,0.));
#16485 = ( GEOMETRIC_REPRESENTATION_CONTEXT(2) 
PARAMETRIC_REPRESENTATION_CONTEXT() REPRESENTATION_CONTEXT('2D SPACE',''
  ) );
#16486 = PCURVE('',#14669,#16487);
#16487 = DEFINITIONAL_REPRESENTATION('',(#16488),#16492);
#16488 = LINE('',#16489,#16490);
#16489 = CARTESIAN_POINT('',(0.974018286414,1.269365344466));
#16490 = VECTOR('',#16491,1.);
#16491 = DIRECTION('',(-0.831469612303,0.55557023302));
#16492 = ( GEOMETRIC_REPRESENTATION_CONTEXT(2) 
PARAMETRIC_REPRESENTATION_CONTEXT() REPRESENTATION_CONTEXT('2D SPACE',''
  ) );
#16493 = ADVANCED_FACE('',(#16494),#5202,.T.);
#16494 = FACE_BOUND('',#16495,.T.);
#16495 = EDGE_LOOP('',(#16496,#16497,#16498,#16521));
#16496 = ORIENTED_EDGE('',*,*,#16401,.T.);
#16497 = ORIENTED_EDGE('',*,*,#5186,.T.);
#16498 = ORIENTED_EDGE('',*,*,#16499,.F.);
#16499 = EDGE_CURVE('',#16500,#5187,#16502,.T.);
#16500 = VERTEX_POINT('',#16501);
#16501 = CARTESIAN_POINT('',(-28.84548132206,6.535889527836,0.));
#16502 = SURFACE_CURVE('',#16503,(#16507,#16514),.PCURVE_S1.);
#16503 = LINE('',#16504,#16505);
#16504 = CARTESIAN_POINT('',(-28.84548132206,6.535889527836,0.));
#16505 = VECTOR('',#16506,1.);
#16506 = DIRECTION('',(-0.,-0.,1.));
#16507 = PCURVE('',#5202,#16508);
#16508 = DEFINITIONAL_REPRESENTATION('',(#16509),#16513);
#16509 = LINE('',#16510,#16511);
#16510 = CARTESIAN_POINT('',(0.209290013536,0.));
#16511 = VECTOR('',#16512,1.);
#16512 = DIRECTION('',(0.,-1.));
#16513 = ( GEOMETRIC_REPRESENTATION_CONTEXT(2) 
PARAMETRIC_REPRESENTATION_CONTEXT() REPRESENTATION_CONTEXT('2D SPACE',''
  ) );
#16514 = PCURVE('',#5230,#16515);
#16515 = DEFINITIONAL_REPRESENTATION('',(#16516),#16520);
#16516 = LINE('',#16517,#16518);
#16517 = CARTESIAN_POINT('',(0.,0.));
#16518 = VECTOR('',#16519,1.);
#16519 = DIRECTION('',(0.,-1.));
#16520 = ( GEOMETRIC_REPRESENTATION_CONTEXT(2) 
PARAMETRIC_REPRESENTATION_CONTEXT() REPRESENTATION_CONTEXT('2D SPACE',''
  ) );
#16521 = ORIENTED_EDGE('',*,*,#16522,.F.);
#16522 = EDGE_CURVE('',#16402,#16500,#16523,.T.);
#16523 = SURFACE_CURVE('',#16524,(#16528,#16535),.PCURVE_S1.);
#16524 = LINE('',#16525,#16526);
#16525 = CARTESIAN_POINT('',(-28.77820725201,6.337706508216,0.));
#16526 = VECTOR('',#16527,1.);
#16527 = DIRECTION('',(-0.321439465303,0.946930129495,0.));
#16528 = PCURVE('',#5202,#16529);
#16529 = DEFINITIONAL_REPRESENTATION('',(#16530),#16534);
#16530 = LINE('',#16531,#16532);
#16531 = CARTESIAN_POINT('',(0.,0.));
#16532 = VECTOR('',#16533,1.);
#16533 = DIRECTION('',(1.,0.));
#16534 = ( GEOMETRIC_REPRESENTATION_CONTEXT(2) 
PARAMETRIC_REPRESENTATION_CONTEXT() REPRESENTATION_CONTEXT('2D SPACE',''
  ) );
#16535 = PCURVE('',#14669,#16536);
#16536 = DEFINITIONAL_REPRESENTATION('',(#16537),#16541);
#16537 = LINE('',#16538,#16539);
#16538 = CARTESIAN_POINT('',(1.478207252018,-0.612293491784));
#16539 = VECTOR('',#16540,1.);
#16540 = DIRECTION('',(0.321439465303,0.946930129495));
#16541 = ( GEOMETRIC_REPRESENTATION_CONTEXT(2) 
PARAMETRIC_REPRESENTATION_CONTEXT() REPRESENTATION_CONTEXT('2D SPACE',''
  ) );
#16542 = ADVANCED_FACE('',(#16543),#5454,.T.);
#16543 = FACE_BOUND('',#16544,.T.);
#16544 = EDGE_LOOP('',(#16545,#16568,#16569,#16570));
#16545 = ORIENTED_EDGE('',*,*,#16546,.T.);
#16546 = EDGE_CURVE('',#16547,#5411,#16549,.T.);
#16547 = VERTEX_POINT('',#16548);
#16548 = CARTESIAN_POINT('',(-28.43137084989,8.081370849898,0.));
#16549 = SURFACE_CURVE('',#16550,(#16554,#16561),.PCURVE_S1.);
#16550 = LINE('',#16551,#16552);
#16551 = CARTESIAN_POINT('',(-28.43137084989,8.081370849898,0.));
#16552 = VECTOR('',#16553,1.);
#16553 = DIRECTION('',(-0.,-0.,1.));
#16554 = PCURVE('',#5454,#16555);
#16555 = DEFINITIONAL_REPRESENTATION('',(#16556),#16560);
#16556 = LINE('',#16557,#16558);
#16557 = CARTESIAN_POINT('',(0.,0.));
#16558 = VECTOR('',#16559,1.);
#16559 = DIRECTION('',(0.,-1.));
#16560 = ( GEOMETRIC_REPRESENTATION_CONTEXT(2) 
PARAMETRIC_REPRESENTATION_CONTEXT() REPRESENTATION_CONTEXT('2D SPACE',''
  ) );
#16561 = PCURVE('',#5426,#16562);
#16562 = DEFINITIONAL_REPRESENTATION('',(#16563),#16567);
#16563 = LINE('',#16564,#16565);
#16564 = CARTESIAN_POINT('',(0.209290013536,0.));
#16565 = VECTOR('',#16566,1.);
#16566 = DIRECTION('',(0.,-1.));
#16567 = ( GEOMETRIC_REPRESENTATION_CONTEXT(2) 
PARAMETRIC_REPRESENTATION_CONTEXT() REPRESENTATION_CONTEXT('2D SPACE',''
  ) );
#16568 = ORIENTED_EDGE('',*,*,#5438,.T.);
#16569 = ORIENTED_EDGE('',*,*,#16448,.F.);
#16570 = ORIENTED_EDGE('',*,*,#16571,.F.);
#16571 = EDGE_CURVE('',#16547,#16449,#16572,.T.);
#16572 = SURFACE_CURVE('',#16573,(#16577,#16584),.PCURVE_S1.);
#16573 = LINE('',#16574,#16575);
#16574 = CARTESIAN_POINT('',(-28.43137084989,8.081370849898,0.));
#16575 = VECTOR('',#16576,1.);
#16576 = DIRECTION('',(0.751839807479,0.6593458151,0.));
#16577 = PCURVE('',#5454,#16578);
#16578 = DEFINITIONAL_REPRESENTATION('',(#16579),#16583);
#16579 = LINE('',#16580,#16581);
#16580 = CARTESIAN_POINT('',(0.,0.));
#16581 = VECTOR('',#16582,1.);
#16582 = DIRECTION('',(1.,0.));
#16583 = ( GEOMETRIC_REPRESENTATION_CONTEXT(2) 
PARAMETRIC_REPRESENTATION_CONTEXT() REPRESENTATION_CONTEXT('2D SPACE',''
  ) );
#16584 = PCURVE('',#14669,#16585);
#16585 = DEFINITIONAL_REPRESENTATION('',(#16586),#16590);
#16586 = LINE('',#16587,#16588);
#16587 = CARTESIAN_POINT('',(1.131370849898,1.131370849898));
#16588 = VECTOR('',#16589,1.);
#16589 = DIRECTION('',(-0.751839807479,0.6593458151));
#16590 = ( GEOMETRIC_REPRESENTATION_CONTEXT(2) 
PARAMETRIC_REPRESENTATION_CONTEXT() REPRESENTATION_CONTEXT('2D SPACE',''
  ) );
#16591 = ADVANCED_FACE('',(#16592),#5230,.T.);
#16592 = FACE_BOUND('',#16593,.T.);
#16593 = EDGE_LOOP('',(#16594,#16595,#16596,#16619));
#16594 = ORIENTED_EDGE('',*,*,#16499,.T.);
#16595 = ORIENTED_EDGE('',*,*,#5214,.T.);
#16596 = ORIENTED_EDGE('',*,*,#16597,.F.);
#16597 = EDGE_CURVE('',#16598,#5215,#16600,.T.);
#16598 = VERTEX_POINT('',#16599);
#16599 = CARTESIAN_POINT('',(-28.88631177819,6.741158092448,0.));
#16600 = SURFACE_CURVE('',#16601,(#16605,#16612),.PCURVE_S1.);
#16601 = LINE('',#16602,#16603);
#16602 = CARTESIAN_POINT('',(-28.88631177819,6.741158092448,0.));
#16603 = VECTOR('',#16604,1.);
#16604 = DIRECTION('',(-0.,-0.,1.));
#16605 = PCURVE('',#5230,#16606);
#16606 = DEFINITIONAL_REPRESENTATION('',(#16607),#16611);
#16607 = LINE('',#16608,#16609);
#16608 = CARTESIAN_POINT('',(0.209290013536,0.));
#16609 = VECTOR('',#16610,1.);
#16610 = DIRECTION('',(0.,-1.));
#16611 = ( GEOMETRIC_REPRESENTATION_CONTEXT(2) 
PARAMETRIC_REPRESENTATION_CONTEXT() REPRESENTATION_CONTEXT('2D SPACE',''
  ) );
#16612 = PCURVE('',#5258,#16613);
#16613 = DEFINITIONAL_REPRESENTATION('',(#16614),#16618);
#16614 = LINE('',#16615,#16616);
#16615 = CARTESIAN_POINT('',(0.,0.));
#16616 = VECTOR('',#16617,1.);
#16617 = DIRECTION('',(0.,-1.));
#16618 = ( GEOMETRIC_REPRESENTATION_CONTEXT(2) 
PARAMETRIC_REPRESENTATION_CONTEXT() REPRESENTATION_CONTEXT('2D SPACE',''
  ) );
#16619 = ORIENTED_EDGE('',*,*,#16620,.F.);
#16620 = EDGE_CURVE('',#16500,#16598,#16621,.T.);
#16621 = SURFACE_CURVE('',#16622,(#16626,#16633),.PCURVE_S1.);
#16622 = LINE('',#16623,#16624);
#16623 = CARTESIAN_POINT('',(-28.84548132206,6.535889527836,0.));
#16624 = VECTOR('',#16625,1.);
#16625 = DIRECTION('',(-0.195090322016,0.980785280403,0.));
#16626 = PCURVE('',#5230,#16627);
#16627 = DEFINITIONAL_REPRESENTATION('',(#16628),#16632);
#16628 = LINE('',#16629,#16630);
#16629 = CARTESIAN_POINT('',(0.,0.));
#16630 = VECTOR('',#16631,1.);
#16631 = DIRECTION('',(1.,0.));
#16632 = ( GEOMETRIC_REPRESENTATION_CONTEXT(2) 
PARAMETRIC_REPRESENTATION_CONTEXT() REPRESENTATION_CONTEXT('2D SPACE',''
  ) );
#16633 = PCURVE('',#14669,#16634);
#16634 = DEFINITIONAL_REPRESENTATION('',(#16635),#16639);
#16635 = LINE('',#16636,#16637);
#16636 = CARTESIAN_POINT('',(1.545481322063,-0.414110472164));
#16637 = VECTOR('',#16638,1.);
#16638 = DIRECTION('',(0.195090322016,0.980785280403));
#16639 = ( GEOMETRIC_REPRESENTATION_CONTEXT(2) 
PARAMETRIC_REPRESENTATION_CONTEXT() REPRESENTATION_CONTEXT('2D SPACE',''
  ) );
#16640 = ADVANCED_FACE('',(#16641),#5426,.T.);
#16641 = FACE_BOUND('',#16642,.T.);
#16642 = EDGE_LOOP('',(#16643,#16666,#16667,#16668));
#16643 = ORIENTED_EDGE('',*,*,#16644,.T.);
#16644 = EDGE_CURVE('',#16645,#5383,#16647,.T.);
#16645 = VERTEX_POINT('',#16646);
#16646 = CARTESIAN_POINT('',(-28.56936534446,7.924018286414,0.));
#16647 = SURFACE_CURVE('',#16648,(#16652,#16659),.PCURVE_S1.);
#16648 = LINE('',#16649,#16650);
#16649 = CARTESIAN_POINT('',(-28.56936534446,7.924018286414,0.));
#16650 = VECTOR('',#16651,1.);
#16651 = DIRECTION('',(-0.,-0.,1.));
#16652 = PCURVE('',#5426,#16653);
#16653 = DEFINITIONAL_REPRESENTATION('',(#16654),#16658);
#16654 = LINE('',#16655,#16656);
#16655 = CARTESIAN_POINT('',(0.,0.));
#16656 = VECTOR('',#16657,1.);
#16657 = DIRECTION('',(0.,-1.));
#16658 = ( GEOMETRIC_REPRESENTATION_CONTEXT(2) 
PARAMETRIC_REPRESENTATION_CONTEXT() REPRESENTATION_CONTEXT('2D SPACE',''
  ) );
#16659 = PCURVE('',#5398,#16660);
#16660 = DEFINITIONAL_REPRESENTATION('',(#16661),#16665);
#16661 = LINE('',#16662,#16663);
#16662 = CARTESIAN_POINT('',(0.209290013536,0.));
#16663 = VECTOR('',#16664,1.);
#16664 = DIRECTION('',(0.,-1.));
#16665 = ( GEOMETRIC_REPRESENTATION_CONTEXT(2) 
PARAMETRIC_REPRESENTATION_CONTEXT() REPRESENTATION_CONTEXT('2D SPACE',''
  ) );
#16666 = ORIENTED_EDGE('',*,*,#5410,.T.);
#16667 = ORIENTED_EDGE('',*,*,#16546,.F.);
#16668 = ORIENTED_EDGE('',*,*,#16669,.F.);
#16669 = EDGE_CURVE('',#16645,#16547,#16670,.T.);
#16670 = SURFACE_CURVE('',#16671,(#16675,#16682),.PCURVE_S1.);
#16671 = LINE('',#16672,#16673);
#16672 = CARTESIAN_POINT('',(-28.56936534446,7.924018286414,0.));
#16673 = VECTOR('',#16674,1.);
#16674 = DIRECTION('',(0.6593458151,0.751839807479,0.));
#16675 = PCURVE('',#5426,#16676);
#16676 = DEFINITIONAL_REPRESENTATION('',(#16677),#16681);
#16677 = LINE('',#16678,#16679);
#16678 = CARTESIAN_POINT('',(0.,0.));
#16679 = VECTOR('',#16680,1.);
#16680 = DIRECTION('',(1.,0.));
#16681 = ( GEOMETRIC_REPRESENTATION_CONTEXT(2) 
PARAMETRIC_REPRESENTATION_CONTEXT() REPRESENTATION_CONTEXT('2D SPACE',''
  ) );
#16682 = PCURVE('',#14669,#16683);
#16683 = DEFINITIONAL_REPRESENTATION('',(#16684),#16688);
#16684 = LINE('',#16685,#16686);
#16685 = CARTESIAN_POINT('',(1.269365344466,0.974018286414));
#16686 = VECTOR('',#16687,1.);
#16687 = DIRECTION('',(-0.6593458151,0.751839807479));
#16688 = ( GEOMETRIC_REPRESENTATION_CONTEXT(2) 
PARAMETRIC_REPRESENTATION_CONTEXT() REPRESENTATION_CONTEXT('2D SPACE',''
  ) );
#16689 = ADVANCED_FACE('',(#16690),#5258,.T.);
#16690 = FACE_BOUND('',#16691,.T.);
#16691 = EDGE_LOOP('',(#16692,#16693,#16694,#16717));
#16692 = ORIENTED_EDGE('',*,*,#16597,.T.);
#16693 = ORIENTED_EDGE('',*,*,#5242,.T.);
#16694 = ORIENTED_EDGE('',*,*,#16695,.F.);
#16695 = EDGE_CURVE('',#16696,#5243,#16698,.T.);
#16696 = VERTEX_POINT('',#16697);
#16697 = CARTESIAN_POINT('',(-28.9,6.95,0.));
#16698 = SURFACE_CURVE('',#16699,(#16703,#16710),.PCURVE_S1.);
#16699 = LINE('',#16700,#16701);
#16700 = CARTESIAN_POINT('',(-28.9,6.95,0.));
#16701 = VECTOR('',#16702,1.);
#16702 = DIRECTION('',(-0.,-0.,1.));
#16703 = PCURVE('',#5258,#16704);
#16704 = DEFINITIONAL_REPRESENTATION('',(#16705),#16709);
#16705 = LINE('',#16706,#16707);
#16706 = CARTESIAN_POINT('',(0.209290013536,0.));
#16707 = VECTOR('',#16708,1.);
#16708 = DIRECTION('',(0.,-1.));
#16709 = ( GEOMETRIC_REPRESENTATION_CONTEXT(2) 
PARAMETRIC_REPRESENTATION_CONTEXT() REPRESENTATION_CONTEXT('2D SPACE',''
  ) );
#16710 = PCURVE('',#5286,#16711);
#16711 = DEFINITIONAL_REPRESENTATION('',(#16712),#16716);
#16712 = LINE('',#16713,#16714);
#16713 = CARTESIAN_POINT('',(0.,0.));
#16714 = VECTOR('',#16715,1.);
#16715 = DIRECTION('',(0.,-1.));
#16716 = ( GEOMETRIC_REPRESENTATION_CONTEXT(2) 
PARAMETRIC_REPRESENTATION_CONTEXT() REPRESENTATION_CONTEXT('2D SPACE',''
  ) );
#16717 = ORIENTED_EDGE('',*,*,#16718,.F.);
#16718 = EDGE_CURVE('',#16598,#16696,#16719,.T.);
#16719 = SURFACE_CURVE('',#16720,(#16724,#16731),.PCURVE_S1.);
#16720 = LINE('',#16721,#16722);
#16721 = CARTESIAN_POINT('',(-28.88631177819,6.741158092448,0.));
#16722 = VECTOR('',#16723,1.);
#16723 = DIRECTION('',(-6.540312923014E-02,0.997858923239,0.));
#16724 = PCURVE('',#5258,#16725);
#16725 = DEFINITIONAL_REPRESENTATION('',(#16726),#16730);
#16726 = LINE('',#16727,#16728);
#16727 = CARTESIAN_POINT('',(0.,0.));
#16728 = VECTOR('',#16729,1.);
#16729 = DIRECTION('',(1.,0.));
#16730 = ( GEOMETRIC_REPRESENTATION_CONTEXT(2) 
PARAMETRIC_REPRESENTATION_CONTEXT() REPRESENTATION_CONTEXT('2D SPACE',''
  ) );
#16731 = PCURVE('',#14669,#16732);
#16732 = DEFINITIONAL_REPRESENTATION('',(#16733),#16737);
#16733 = LINE('',#16734,#16735);
#16734 = CARTESIAN_POINT('',(1.586311778198,-0.208841907552));
#16735 = VECTOR('',#16736,1.);
#16736 = DIRECTION('',(6.540312923014E-02,0.997858923239));
#16737 = ( GEOMETRIC_REPRESENTATION_CONTEXT(2) 
PARAMETRIC_REPRESENTATION_CONTEXT() REPRESENTATION_CONTEXT('2D SPACE',''
  ) );
#16738 = ADVANCED_FACE('',(#16739),#5398,.T.);
#16739 = FACE_BOUND('',#16740,.T.);
#16740 = EDGE_LOOP('',(#16741,#16764,#16765,#16766));
#16741 = ORIENTED_EDGE('',*,*,#16742,.T.);
#16742 = EDGE_CURVE('',#16743,#5355,#16745,.T.);
#16743 = VERTEX_POINT('',#16744);
#16744 = CARTESIAN_POINT('',(-28.68564064605,7.75,0.));
#16745 = SURFACE_CURVE('',#16746,(#16750,#16757),.PCURVE_S1.);
#16746 = LINE('',#16747,#16748);
#16747 = CARTESIAN_POINT('',(-28.68564064605,7.75,0.));
#16748 = VECTOR('',#16749,1.);
#16749 = DIRECTION('',(-0.,-0.,1.));
#16750 = PCURVE('',#5398,#16751);
#16751 = DEFINITIONAL_REPRESENTATION('',(#16752),#16756);
#16752 = LINE('',#16753,#16754);
#16753 = CARTESIAN_POINT('',(0.,0.));
#16754 = VECTOR('',#16755,1.);
#16755 = DIRECTION('',(0.,-1.));
#16756 = ( GEOMETRIC_REPRESENTATION_CONTEXT(2) 
PARAMETRIC_REPRESENTATION_CONTEXT() REPRESENTATION_CONTEXT('2D SPACE',''
  ) );
#16757 = PCURVE('',#5370,#16758);
#16758 = DEFINITIONAL_REPRESENTATION('',(#16759),#16763);
#16759 = LINE('',#16760,#16761);
#16760 = CARTESIAN_POINT('',(0.209290013536,0.));
#16761 = VECTOR('',#16762,1.);
#16762 = DIRECTION('',(0.,-1.));
#16763 = ( GEOMETRIC_REPRESENTATION_CONTEXT(2) 
PARAMETRIC_REPRESENTATION_CONTEXT() REPRESENTATION_CONTEXT('2D SPACE',''
  ) );
#16764 = ORIENTED_EDGE('',*,*,#5382,.T.);
#16765 = ORIENTED_EDGE('',*,*,#16644,.F.);
#16766 = ORIENTED_EDGE('',*,*,#16767,.F.);
#16767 = EDGE_CURVE('',#16743,#16645,#16768,.T.);
#16768 = SURFACE_CURVE('',#16769,(#16773,#16780),.PCURVE_S1.);
#16769 = LINE('',#16770,#16771);
#16770 = CARTESIAN_POINT('',(-28.68564064605,7.75,0.));
#16771 = VECTOR('',#16772,1.);
#16772 = DIRECTION('',(0.55557023302,0.831469612303,0.));
#16773 = PCURVE('',#5398,#16774);
#16774 = DEFINITIONAL_REPRESENTATION('',(#16775),#16779);
#16775 = LINE('',#16776,#16777);
#16776 = CARTESIAN_POINT('',(0.,0.));
#16777 = VECTOR('',#16778,1.);
#16778 = DIRECTION('',(1.,0.));
#16779 = ( GEOMETRIC_REPRESENTATION_CONTEXT(2) 
PARAMETRIC_REPRESENTATION_CONTEXT() REPRESENTATION_CONTEXT('2D SPACE',''
  ) );
#16780 = PCURVE('',#14669,#16781);
#16781 = DEFINITIONAL_REPRESENTATION('',(#16782),#16786);
#16782 = LINE('',#16783,#16784);
#16783 = CARTESIAN_POINT('',(1.385640646055,0.8));
#16784 = VECTOR('',#16785,1.);
#16785 = DIRECTION('',(-0.55557023302,0.831469612303));
#16786 = ( GEOMETRIC_REPRESENTATION_CONTEXT(2) 
PARAMETRIC_REPRESENTATION_CONTEXT() REPRESENTATION_CONTEXT('2D SPACE',''
  ) );
#16787 = ADVANCED_FACE('',(#16788),#5286,.T.);
#16788 = FACE_BOUND('',#16789,.T.);
#16789 = EDGE_LOOP('',(#16790,#16791,#16792,#16815));
#16790 = ORIENTED_EDGE('',*,*,#16695,.T.);
#16791 = ORIENTED_EDGE('',*,*,#5270,.T.);
#16792 = ORIENTED_EDGE('',*,*,#16793,.F.);
#16793 = EDGE_CURVE('',#16794,#5271,#16796,.T.);
#16794 = VERTEX_POINT('',#16795);
#16795 = CARTESIAN_POINT('',(-28.88631177819,7.158841907552,0.));
#16796 = SURFACE_CURVE('',#16797,(#16801,#16808),.PCURVE_S1.);
#16797 = LINE('',#16798,#16799);
#16798 = CARTESIAN_POINT('',(-28.88631177819,7.158841907552,0.));
#16799 = VECTOR('',#16800,1.);
#16800 = DIRECTION('',(-0.,-0.,1.));
#16801 = PCURVE('',#5286,#16802);
#16802 = DEFINITIONAL_REPRESENTATION('',(#16803),#16807);
#16803 = LINE('',#16804,#16805);
#16804 = CARTESIAN_POINT('',(0.209290013536,0.));
#16805 = VECTOR('',#16806,1.);
#16806 = DIRECTION('',(0.,-1.));
#16807 = ( GEOMETRIC_REPRESENTATION_CONTEXT(2) 
PARAMETRIC_REPRESENTATION_CONTEXT() REPRESENTATION_CONTEXT('2D SPACE',''
  ) );
#16808 = PCURVE('',#5314,#16809);
#16809 = DEFINITIONAL_REPRESENTATION('',(#16810),#16814);
#16810 = LINE('',#16811,#16812);
#16811 = CARTESIAN_POINT('',(0.,0.));
#16812 = VECTOR('',#16813,1.);
#16813 = DIRECTION('',(0.,-1.));
#16814 = ( GEOMETRIC_REPRESENTATION_CONTEXT(2) 
PARAMETRIC_REPRESENTATION_CONTEXT() REPRESENTATION_CONTEXT('2D SPACE',''
  ) );
#16815 = ORIENTED_EDGE('',*,*,#16816,.F.);
#16816 = EDGE_CURVE('',#16696,#16794,#16817,.T.);
#16817 = SURFACE_CURVE('',#16818,(#16822,#16829),.PCURVE_S1.);
#16818 = LINE('',#16819,#16820);
#16819 = CARTESIAN_POINT('',(-28.9,6.95,0.));
#16820 = VECTOR('',#16821,1.);
#16821 = DIRECTION('',(6.540312923014E-02,0.997858923239,0.));
#16822 = PCURVE('',#5286,#16823);
#16823 = DEFINITIONAL_REPRESENTATION('',(#16824),#16828);
#16824 = LINE('',#16825,#16826);
#16825 = CARTESIAN_POINT('',(0.,0.));
#16826 = VECTOR('',#16827,1.);
#16827 = DIRECTION('',(1.,0.));
#16828 = ( GEOMETRIC_REPRESENTATION_CONTEXT(2) 
PARAMETRIC_REPRESENTATION_CONTEXT() REPRESENTATION_CONTEXT('2D SPACE',''
  ) );
#16829 = PCURVE('',#14669,#16830);
#16830 = DEFINITIONAL_REPRESENTATION('',(#16831),#16835);
#16831 = LINE('',#16832,#16833);
#16832 = CARTESIAN_POINT('',(1.6,-1.7763568394E-15));
#16833 = VECTOR('',#16834,1.);
#16834 = DIRECTION('',(-6.540312923014E-02,0.997858923239));
#16835 = ( GEOMETRIC_REPRESENTATION_CONTEXT(2) 
PARAMETRIC_REPRESENTATION_CONTEXT() REPRESENTATION_CONTEXT('2D SPACE',''
  ) );
#16836 = ADVANCED_FACE('',(#16837),#5370,.T.);
#16837 = FACE_BOUND('',#16838,.T.);
#16838 = EDGE_LOOP('',(#16839,#16862,#16863,#16864));
#16839 = ORIENTED_EDGE('',*,*,#16840,.T.);
#16840 = EDGE_CURVE('',#16841,#5327,#16843,.T.);
#16841 = VERTEX_POINT('',#16842);
#16842 = CARTESIAN_POINT('',(-28.77820725201,7.562293491784,0.));
#16843 = SURFACE_CURVE('',#16844,(#16848,#16855),.PCURVE_S1.);
#16844 = LINE('',#16845,#16846);
#16845 = CARTESIAN_POINT('',(-28.77820725201,7.562293491784,0.));
#16846 = VECTOR('',#16847,1.);
#16847 = DIRECTION('',(-0.,-0.,1.));
#16848 = PCURVE('',#5370,#16849);
#16849 = DEFINITIONAL_REPRESENTATION('',(#16850),#16854);
#16850 = LINE('',#16851,#16852);
#16851 = CARTESIAN_POINT('',(0.,0.));
#16852 = VECTOR('',#16853,1.);
#16853 = DIRECTION('',(0.,-1.));
#16854 = ( GEOMETRIC_REPRESENTATION_CONTEXT(2) 
PARAMETRIC_REPRESENTATION_CONTEXT() REPRESENTATION_CONTEXT('2D SPACE',''
  ) );
#16855 = PCURVE('',#5342,#16856);
#16856 = DEFINITIONAL_REPRESENTATION('',(#16857),#16861);
#16857 = LINE('',#16858,#16859);
#16858 = CARTESIAN_POINT('',(0.209290013536,0.));
#16859 = VECTOR('',#16860,1.);
#16860 = DIRECTION('',(0.,-1.));
#16861 = ( GEOMETRIC_REPRESENTATION_CONTEXT(2) 
PARAMETRIC_REPRESENTATION_CONTEXT() REPRESENTATION_CONTEXT('2D SPACE',''
  ) );
#16862 = ORIENTED_EDGE('',*,*,#5354,.T.);
#16863 = ORIENTED_EDGE('',*,*,#16742,.F.);
#16864 = ORIENTED_EDGE('',*,*,#16865,.F.);
#16865 = EDGE_CURVE('',#16841,#16743,#16866,.T.);
#16866 = SURFACE_CURVE('',#16867,(#16871,#16878),.PCURVE_S1.);
#16867 = LINE('',#16868,#16869);
#16868 = CARTESIAN_POINT('',(-28.77820725201,7.562293491784,0.));
#16869 = VECTOR('',#16870,1.);
#16870 = DIRECTION('',(0.442288690219,0.896872741533,0.));
#16871 = PCURVE('',#5370,#16872);
#16872 = DEFINITIONAL_REPRESENTATION('',(#16873),#16877);
#16873 = LINE('',#16874,#16875);
#16874 = CARTESIAN_POINT('',(0.,0.));
#16875 = VECTOR('',#16876,1.);
#16876 = DIRECTION('',(1.,0.));
#16877 = ( GEOMETRIC_REPRESENTATION_CONTEXT(2) 
PARAMETRIC_REPRESENTATION_CONTEXT() REPRESENTATION_CONTEXT('2D SPACE',''
  ) );
#16878 = PCURVE('',#14669,#16879);
#16879 = DEFINITIONAL_REPRESENTATION('',(#16880),#16884);
#16880 = LINE('',#16881,#16882);
#16881 = CARTESIAN_POINT('',(1.478207252018,0.612293491784));
#16882 = VECTOR('',#16883,1.);
#16883 = DIRECTION('',(-0.442288690219,0.896872741533));
#16884 = ( GEOMETRIC_REPRESENTATION_CONTEXT(2) 
PARAMETRIC_REPRESENTATION_CONTEXT() REPRESENTATION_CONTEXT('2D SPACE',''
  ) );
#16885 = ADVANCED_FACE('',(#16886),#5314,.T.);
#16886 = FACE_BOUND('',#16887,.T.);
#16887 = EDGE_LOOP('',(#16888,#16889,#16890,#16913));
#16888 = ORIENTED_EDGE('',*,*,#16793,.T.);
#16889 = ORIENTED_EDGE('',*,*,#5298,.T.);
#16890 = ORIENTED_EDGE('',*,*,#16891,.F.);
#16891 = EDGE_CURVE('',#16892,#5299,#16894,.T.);
#16892 = VERTEX_POINT('',#16893);
#16893 = CARTESIAN_POINT('',(-28.84548132206,7.364110472164,0.));
#16894 = SURFACE_CURVE('',#16895,(#16899,#16906),.PCURVE_S1.);
#16895 = LINE('',#16896,#16897);
#16896 = CARTESIAN_POINT('',(-28.84548132206,7.364110472164,0.));
#16897 = VECTOR('',#16898,1.);
#16898 = DIRECTION('',(-0.,-0.,1.));
#16899 = PCURVE('',#5314,#16900);
#16900 = DEFINITIONAL_REPRESENTATION('',(#16901),#16905);
#16901 = LINE('',#16902,#16903);
#16902 = CARTESIAN_POINT('',(0.209290013536,0.));
#16903 = VECTOR('',#16904,1.);
#16904 = DIRECTION('',(0.,-1.));
#16905 = ( GEOMETRIC_REPRESENTATION_CONTEXT(2) 
PARAMETRIC_REPRESENTATION_CONTEXT() REPRESENTATION_CONTEXT('2D SPACE',''
  ) );
#16906 = PCURVE('',#5342,#16907);
#16907 = DEFINITIONAL_REPRESENTATION('',(#16908),#16912);
#16908 = LINE('',#16909,#16910);
#16909 = CARTESIAN_POINT('',(0.,0.));
#16910 = VECTOR('',#16911,1.);
#16911 = DIRECTION('',(0.,-1.));
#16912 = ( GEOMETRIC_REPRESENTATION_CONTEXT(2) 
PARAMETRIC_REPRESENTATION_CONTEXT() REPRESENTATION_CONTEXT('2D SPACE',''
  ) );
#16913 = ORIENTED_EDGE('',*,*,#16914,.F.);
#16914 = EDGE_CURVE('',#16794,#16892,#16915,.T.);
#16915 = SURFACE_CURVE('',#16916,(#16920,#16927),.PCURVE_S1.);
#16916 = LINE('',#16917,#16918);
#16917 = CARTESIAN_POINT('',(-28.88631177819,7.158841907552,0.));
#16918 = VECTOR('',#16919,1.);
#16919 = DIRECTION('',(0.195090322016,0.980785280403,0.));
#16920 = PCURVE('',#5314,#16921);
#16921 = DEFINITIONAL_REPRESENTATION('',(#16922),#16926);
#16922 = LINE('',#16923,#16924);
#16923 = CARTESIAN_POINT('',(0.,0.));
#16924 = VECTOR('',#16925,1.);
#16925 = DIRECTION('',(1.,0.));
#16926 = ( GEOMETRIC_REPRESENTATION_CONTEXT(2) 
PARAMETRIC_REPRESENTATION_CONTEXT() REPRESENTATION_CONTEXT('2D SPACE',''
  ) );
#16927 = PCURVE('',#14669,#16928);
#16928 = DEFINITIONAL_REPRESENTATION('',(#16929),#16933);
#16929 = LINE('',#16930,#16931);
#16930 = CARTESIAN_POINT('',(1.586311778198,0.208841907552));
#16931 = VECTOR('',#16932,1.);
#16932 = DIRECTION('',(-0.195090322016,0.980785280403));
#16933 = ( GEOMETRIC_REPRESENTATION_CONTEXT(2) 
PARAMETRIC_REPRESENTATION_CONTEXT() REPRESENTATION_CONTEXT('2D SPACE',''
  ) );
#16934 = ADVANCED_FACE('',(#16935),#5342,.T.);
#16935 = FACE_BOUND('',#16936,.T.);
#16936 = EDGE_LOOP('',(#16937,#16938,#16939,#16940));
#16937 = ORIENTED_EDGE('',*,*,#16891,.T.);
#16938 = ORIENTED_EDGE('',*,*,#5326,.T.);
#16939 = ORIENTED_EDGE('',*,*,#16840,.F.);
#16940 = ORIENTED_EDGE('',*,*,#16941,.F.);
#16941 = EDGE_CURVE('',#16892,#16841,#16942,.T.);
#16942 = SURFACE_CURVE('',#16943,(#16947,#16954),.PCURVE_S1.);
#16943 = LINE('',#16944,#16945);
#16944 = CARTESIAN_POINT('',(-28.84548132206,7.364110472164,0.));
#16945 = VECTOR('',#16946,1.);
#16946 = DIRECTION('',(0.321439465303,0.946930129495,0.));
#16947 = PCURVE('',#5342,#16948);
#16948 = DEFINITIONAL_REPRESENTATION('',(#16949),#16953);
#16949 = LINE('',#16950,#16951);
#16950 = CARTESIAN_POINT('',(0.,0.));
#16951 = VECTOR('',#16952,1.);
#16952 = DIRECTION('',(1.,0.));
#16953 = ( GEOMETRIC_REPRESENTATION_CONTEXT(2) 
PARAMETRIC_REPRESENTATION_CONTEXT() REPRESENTATION_CONTEXT('2D SPACE',''
  ) );
#16954 = PCURVE('',#14669,#16955);
#16955 = DEFINITIONAL_REPRESENTATION('',(#16956),#16960);
#16956 = LINE('',#16957,#16958);
#16957 = CARTESIAN_POINT('',(1.545481322063,0.414110472164));
#16958 = VECTOR('',#16959,1.);
#16959 = DIRECTION('',(-0.321439465303,0.946930129495));
#16960 = ( GEOMETRIC_REPRESENTATION_CONTEXT(2) 
PARAMETRIC_REPRESENTATION_CONTEXT() REPRESENTATION_CONTEXT('2D SPACE',''
  ) );
#16961 = ADVANCED_FACE('',(#16962),#6021,.F.);
#16962 = FACE_BOUND('',#16963,.T.);
#16963 = EDGE_LOOP('',(#16964,#16965,#16986,#16987,#16988,#16989,#17010,
    #17039));
#16964 = ORIENTED_EDGE('',*,*,#6901,.T.);
#16965 = ORIENTED_EDGE('',*,*,#16966,.T.);
#16966 = EDGE_CURVE('',#5999,#7234,#16967,.T.);
#16967 = SEAM_CURVE('',#16968,(#16972,#16979),.PCURVE_S1.);
#16968 = LINE('',#16969,#16970);
#16969 = CARTESIAN_POINT('',(-10.725,7.55,-0.1));
#16970 = VECTOR('',#16971,1.);
#16971 = DIRECTION('',(0.,0.,1.));
#16972 = PCURVE('',#6021,#16973);
#16973 = DEFINITIONAL_REPRESENTATION('',(#16974),#16978);
#16974 = LINE('',#16975,#16976);
#16975 = CARTESIAN_POINT('',(-6.28318530718,0.));
#16976 = VECTOR('',#16977,1.);
#16977 = DIRECTION('',(-0.,-1.));
#16978 = ( GEOMETRIC_REPRESENTATION_CONTEXT(2) 
PARAMETRIC_REPRESENTATION_CONTEXT() REPRESENTATION_CONTEXT('2D SPACE',''
  ) );
#16979 = PCURVE('',#6021,#16980);
#16980 = DEFINITIONAL_REPRESENTATION('',(#16981),#16985);
#16981 = LINE('',#16982,#16983);
#16982 = CARTESIAN_POINT('',(-0.,0.));
#16983 = VECTOR('',#16984,1.);
#16984 = DIRECTION('',(-0.,-1.));
#16985 = ( GEOMETRIC_REPRESENTATION_CONTEXT(2) 
PARAMETRIC_REPRESENTATION_CONTEXT() REPRESENTATION_CONTEXT('2D SPACE',''
  ) );
#16986 = ORIENTED_EDGE('',*,*,#7233,.F.);
#16987 = ORIENTED_EDGE('',*,*,#16966,.F.);
#16988 = ORIENTED_EDGE('',*,*,#5998,.T.);
#16989 = ORIENTED_EDGE('',*,*,#16990,.T.);
#16990 = EDGE_CURVE('',#6001,#16991,#16993,.T.);
#16991 = VERTEX_POINT('',#16992);
#16992 = CARTESIAN_POINT('',(-14.41578476834,6.398572144875,0.));
#16993 = SURFACE_CURVE('',#16994,(#16998,#17004),.PCURVE_S1.);
#16994 = LINE('',#16995,#16996);
#16995 = CARTESIAN_POINT('',(-14.41578476834,6.398572144875,-0.1));
#16996 = VECTOR('',#16997,1.);
#16997 = DIRECTION('',(-0.,-0.,-1.));
#16998 = PCURVE('',#6021,#16999);
#16999 = DEFINITIONAL_REPRESENTATION('',(#17000),#17003);
#17000 = B_SPLINE_CURVE_WITH_KNOTS('',1,(#17001,#17002),.UNSPECIFIED.,
  .F.,.F.,(2,2),(-2.08,6.000000000034E-07),.PIECEWISE_BEZIER_KNOTS.);
#17001 = CARTESIAN_POINT('',(-3.74640333145,-2.08));
#17002 = CARTESIAN_POINT('',(-3.74640333145,6.000000000034E-07));
#17003 = ( GEOMETRIC_REPRESENTATION_CONTEXT(2) 
PARAMETRIC_REPRESENTATION_CONTEXT() REPRESENTATION_CONTEXT('2D SPACE',''
  ) );
#17004 = PCURVE('',#6049,#17005);
#17005 = DEFINITIONAL_REPRESENTATION('',(#17006),#17009);
#17006 = B_SPLINE_CURVE_WITH_KNOTS('',1,(#17007,#17008),.UNSPECIFIED.,
  .F.,.F.,(2,2),(-2.08,6.000000000034E-07),.PIECEWISE_BEZIER_KNOTS.);
#17007 = CARTESIAN_POINT('',(3.048092289304E-02,-1.98));
#17008 = CARTESIAN_POINT('',(3.048092289304E-02,0.1000006));
#17009 = ( GEOMETRIC_REPRESENTATION_CONTEXT(2) 
PARAMETRIC_REPRESENTATION_CONTEXT() REPRESENTATION_CONTEXT('2D SPACE',''
  ) );
#17010 = ORIENTED_EDGE('',*,*,#17011,.T.);
#17011 = EDGE_CURVE('',#16991,#17012,#17014,.T.);
#17012 = VERTEX_POINT('',#17013);
#17013 = CARTESIAN_POINT('',(-13.86119058577,9.24289116073,0.));
#17014 = SURFACE_CURVE('',#17015,(#17020,#17027),.PCURVE_S1.);
#17015 = CIRCLE('',#17016,2.025);
#17016 = AXIS2_PLACEMENT_3D('',#17017,#17018,#17019);
#17017 = CARTESIAN_POINT('',(-12.75,7.55,0.));
#17018 = DIRECTION('',(0.,-0.,-1.));
#17019 = DIRECTION('',(1.,0.,-0.));
#17020 = PCURVE('',#6021,#17021);
#17021 = DEFINITIONAL_REPRESENTATION('',(#17022),#17026);
#17022 = LINE('',#17023,#17024);
#17023 = CARTESIAN_POINT('',(-6.28318530718,-0.1));
#17024 = VECTOR('',#17025,1.);
#17025 = DIRECTION('',(1.,-0.));
#17026 = ( GEOMETRIC_REPRESENTATION_CONTEXT(2) 
PARAMETRIC_REPRESENTATION_CONTEXT() REPRESENTATION_CONTEXT('2D SPACE',''
  ) );
#17027 = PCURVE('',#17028,#17033);
#17028 = PLANE('',#17029);
#17029 = AXIS2_PLACEMENT_3D('',#17030,#17031,#17032);
#17030 = CARTESIAN_POINT('',(-14.8,7.95,0.));
#17031 = DIRECTION('',(0.,-0.,-1.));
#17032 = DIRECTION('',(-1.,0.,0.));
#17033 = DEFINITIONAL_REPRESENTATION('',(#17034),#17038);
#17034 = CIRCLE('',#17035,2.025);
#17035 = AXIS2_PLACEMENT_2D('',#17036,#17037);
#17036 = CARTESIAN_POINT('',(-2.05,-0.4));
#17037 = DIRECTION('',(-1.,0.));
#17038 = ( GEOMETRIC_REPRESENTATION_CONTEXT(2) 
PARAMETRIC_REPRESENTATION_CONTEXT() REPRESENTATION_CONTEXT('2D SPACE',''
  ) );
#17039 = ORIENTED_EDGE('',*,*,#17040,.F.);
#17040 = EDGE_CURVE('',#6874,#17012,#17041,.T.);
#17041 = SURFACE_CURVE('',#17042,(#17046,#17052),.PCURVE_S1.);
#17042 = LINE('',#17043,#17044);
#17043 = CARTESIAN_POINT('',(-13.86119058577,9.24289116073,-0.1));
#17044 = VECTOR('',#17045,1.);
#17045 = DIRECTION('',(-0.,-0.,-1.));
#17046 = PCURVE('',#6021,#17047);
#17047 = DEFINITIONAL_REPRESENTATION('',(#17048),#17051);
#17048 = B_SPLINE_CURVE_WITH_KNOTS('',1,(#17049,#17050),.UNSPECIFIED.,
  .F.,.F.,(2,2),(-2.08,6.000000000034E-07),.PIECEWISE_BEZIER_KNOTS.);
#17049 = CARTESIAN_POINT('',(-2.151647953306,-2.08));
#17050 = CARTESIAN_POINT('',(-2.151647953306,6.000000000034E-07));
#17051 = ( GEOMETRIC_REPRESENTATION_CONTEXT(2) 
PARAMETRIC_REPRESENTATION_CONTEXT() REPRESENTATION_CONTEXT('2D SPACE',''
  ) );
#17052 = PCURVE('',#6889,#17053);
#17053 = DEFINITIONAL_REPRESENTATION('',(#17054),#17057);
#17054 = B_SPLINE_CURVE_WITH_KNOTS('',1,(#17055,#17056),.UNSPECIFIED.,
  .F.,.F.,(2,2),(-2.08,6.000000000034E-07),.PIECEWISE_BEZIER_KNOTS.);
#17055 = CARTESIAN_POINT('',(0.166944663001,-1.98));
#17056 = CARTESIAN_POINT('',(0.166944663001,0.1000006));
#17057 = ( GEOMETRIC_REPRESENTATION_CONTEXT(2) 
PARAMETRIC_REPRESENTATION_CONTEXT() REPRESENTATION_CONTEXT('2D SPACE',''
  ) );
#17058 = ADVANCED_FACE('',(#17059),#6889,.T.);
#17059 = FACE_BOUND('',#17060,.T.);
#17060 = EDGE_LOOP('',(#17061,#17084,#17105,#17106));
#17061 = ORIENTED_EDGE('',*,*,#17062,.F.);
#17062 = EDGE_CURVE('',#17063,#17012,#17065,.T.);
#17063 = VERTEX_POINT('',#17064);
#17064 = CARTESIAN_POINT('',(-14.,9.335640646055,0.));
#17065 = SURFACE_CURVE('',#17066,(#17070,#17077),.PCURVE_S1.);
#17066 = LINE('',#17067,#17068);
#17067 = CARTESIAN_POINT('',(-14.,9.335640646055,0.));
#17068 = VECTOR('',#17069,1.);
#17069 = DIRECTION('',(0.831469612303,-0.55557023302,0.));
#17070 = PCURVE('',#6889,#17071);
#17071 = DEFINITIONAL_REPRESENTATION('',(#17072),#17076);
#17072 = LINE('',#17073,#17074);
#17073 = CARTESIAN_POINT('',(0.,0.));
#17074 = VECTOR('',#17075,1.);
#17075 = DIRECTION('',(1.,0.));
#17076 = ( GEOMETRIC_REPRESENTATION_CONTEXT(2) 
PARAMETRIC_REPRESENTATION_CONTEXT() REPRESENTATION_CONTEXT('2D SPACE',''
  ) );
#17077 = PCURVE('',#17028,#17078);
#17078 = DEFINITIONAL_REPRESENTATION('',(#17079),#17083);
#17079 = LINE('',#17080,#17081);
#17080 = CARTESIAN_POINT('',(-0.8,1.385640646055));
#17081 = VECTOR('',#17082,1.);
#17082 = DIRECTION('',(-0.831469612303,-0.55557023302));
#17083 = ( GEOMETRIC_REPRESENTATION_CONTEXT(2) 
PARAMETRIC_REPRESENTATION_CONTEXT() REPRESENTATION_CONTEXT('2D SPACE',''
  ) );
#17084 = ORIENTED_EDGE('',*,*,#17085,.T.);
#17085 = EDGE_CURVE('',#17063,#6846,#17086,.T.);
#17086 = SURFACE_CURVE('',#17087,(#17091,#17098),.PCURVE_S1.);
#17087 = LINE('',#17088,#17089);
#17088 = CARTESIAN_POINT('',(-14.,9.335640646055,0.));
#17089 = VECTOR('',#17090,1.);
#17090 = DIRECTION('',(-0.,-0.,1.));
#17091 = PCURVE('',#6889,#17092);
#17092 = DEFINITIONAL_REPRESENTATION('',(#17093),#17097);
#17093 = LINE('',#17094,#17095);
#17094 = CARTESIAN_POINT('',(0.,0.));
#17095 = VECTOR('',#17096,1.);
#17096 = DIRECTION('',(0.,-1.));
#17097 = ( GEOMETRIC_REPRESENTATION_CONTEXT(2) 
PARAMETRIC_REPRESENTATION_CONTEXT() REPRESENTATION_CONTEXT('2D SPACE',''
  ) );
#17098 = PCURVE('',#6861,#17099);
#17099 = DEFINITIONAL_REPRESENTATION('',(#17100),#17104);
#17100 = LINE('',#17101,#17102);
#17101 = CARTESIAN_POINT('',(0.209290013536,0.));
#17102 = VECTOR('',#17103,1.);
#17103 = DIRECTION('',(0.,-1.));
#17104 = ( GEOMETRIC_REPRESENTATION_CONTEXT(2) 
PARAMETRIC_REPRESENTATION_CONTEXT() REPRESENTATION_CONTEXT('2D SPACE',''
  ) );
#17105 = ORIENTED_EDGE('',*,*,#6873,.T.);
#17106 = ORIENTED_EDGE('',*,*,#17040,.T.);
#17107 = ADVANCED_FACE('',(#17108),#6861,.T.);
#17108 = FACE_BOUND('',#17109,.T.);
#17109 = EDGE_LOOP('',(#17110,#17133,#17134,#17135));
#17110 = ORIENTED_EDGE('',*,*,#17111,.T.);
#17111 = EDGE_CURVE('',#17112,#6818,#17114,.T.);
#17112 = VERTEX_POINT('',#17113);
#17113 = CARTESIAN_POINT('',(-14.18770650821,9.428207252018,0.));
#17114 = SURFACE_CURVE('',#17115,(#17119,#17126),.PCURVE_S1.);
#17115 = LINE('',#17116,#17117);
#17116 = CARTESIAN_POINT('',(-14.18770650821,9.428207252018,0.));
#17117 = VECTOR('',#17118,1.);
#17118 = DIRECTION('',(-0.,-0.,1.));
#17119 = PCURVE('',#6861,#17120);
#17120 = DEFINITIONAL_REPRESENTATION('',(#17121),#17125);
#17121 = LINE('',#17122,#17123);
#17122 = CARTESIAN_POINT('',(0.,0.));
#17123 = VECTOR('',#17124,1.);
#17124 = DIRECTION('',(0.,-1.));
#17125 = ( GEOMETRIC_REPRESENTATION_CONTEXT(2) 
PARAMETRIC_REPRESENTATION_CONTEXT() REPRESENTATION_CONTEXT('2D SPACE',''
  ) );
#17126 = PCURVE('',#6833,#17127);
#17127 = DEFINITIONAL_REPRESENTATION('',(#17128),#17132);
#17128 = LINE('',#17129,#17130);
#17129 = CARTESIAN_POINT('',(0.209290013536,0.));
#17130 = VECTOR('',#17131,1.);
#17131 = DIRECTION('',(0.,-1.));
#17132 = ( GEOMETRIC_REPRESENTATION_CONTEXT(2) 
PARAMETRIC_REPRESENTATION_CONTEXT() REPRESENTATION_CONTEXT('2D SPACE',''
  ) );
#17133 = ORIENTED_EDGE('',*,*,#6845,.T.);
#17134 = ORIENTED_EDGE('',*,*,#17085,.F.);
#17135 = ORIENTED_EDGE('',*,*,#17136,.F.);
#17136 = EDGE_CURVE('',#17112,#17063,#17137,.T.);
#17137 = SURFACE_CURVE('',#17138,(#17142,#17149),.PCURVE_S1.);
#17138 = LINE('',#17139,#17140);
#17139 = CARTESIAN_POINT('',(-14.18770650821,9.428207252018,0.));
#17140 = VECTOR('',#17141,1.);
#17141 = DIRECTION('',(0.896872741533,-0.442288690219,0.));
#17142 = PCURVE('',#6861,#17143);
#17143 = DEFINITIONAL_REPRESENTATION('',(#17144),#17148);
#17144 = LINE('',#17145,#17146);
#17145 = CARTESIAN_POINT('',(0.,0.));
#17146 = VECTOR('',#17147,1.);
#17147 = DIRECTION('',(1.,0.));
#17148 = ( GEOMETRIC_REPRESENTATION_CONTEXT(2) 
PARAMETRIC_REPRESENTATION_CONTEXT() REPRESENTATION_CONTEXT('2D SPACE',''
  ) );
#17149 = PCURVE('',#17028,#17150);
#17150 = DEFINITIONAL_REPRESENTATION('',(#17151),#17155);
#17151 = LINE('',#17152,#17153);
#17152 = CARTESIAN_POINT('',(-0.612293491784,1.478207252018));
#17153 = VECTOR('',#17154,1.);
#17154 = DIRECTION('',(-0.896872741533,-0.442288690219));
#17155 = ( GEOMETRIC_REPRESENTATION_CONTEXT(2) 
PARAMETRIC_REPRESENTATION_CONTEXT() REPRESENTATION_CONTEXT('2D SPACE',''
  ) );
#17156 = ADVANCED_FACE('',(#17157),#6833,.T.);
#17157 = FACE_BOUND('',#17158,.T.);
#17158 = EDGE_LOOP('',(#17159,#17182,#17183,#17184));
#17159 = ORIENTED_EDGE('',*,*,#17160,.T.);
#17160 = EDGE_CURVE('',#17161,#6790,#17163,.T.);
#17161 = VERTEX_POINT('',#17162);
#17162 = CARTESIAN_POINT('',(-14.38588952783,9.495481322063,0.));
#17163 = SURFACE_CURVE('',#17164,(#17168,#17175),.PCURVE_S1.);
#17164 = LINE('',#17165,#17166);
#17165 = CARTESIAN_POINT('',(-14.38588952783,9.495481322063,0.));
#17166 = VECTOR('',#17167,1.);
#17167 = DIRECTION('',(-0.,-0.,1.));
#17168 = PCURVE('',#6833,#17169);
#17169 = DEFINITIONAL_REPRESENTATION('',(#17170),#17174);
#17170 = LINE('',#17171,#17172);
#17171 = CARTESIAN_POINT('',(0.,0.));
#17172 = VECTOR('',#17173,1.);
#17173 = DIRECTION('',(0.,-1.));
#17174 = ( GEOMETRIC_REPRESENTATION_CONTEXT(2) 
PARAMETRIC_REPRESENTATION_CONTEXT() REPRESENTATION_CONTEXT('2D SPACE',''
  ) );
#17175 = PCURVE('',#6805,#17176);
#17176 = DEFINITIONAL_REPRESENTATION('',(#17177),#17181);
#17177 = LINE('',#17178,#17179);
#17178 = CARTESIAN_POINT('',(0.209290013536,0.));
#17179 = VECTOR('',#17180,1.);
#17180 = DIRECTION('',(0.,-1.));
#17181 = ( GEOMETRIC_REPRESENTATION_CONTEXT(2) 
PARAMETRIC_REPRESENTATION_CONTEXT() REPRESENTATION_CONTEXT('2D SPACE',''
  ) );
#17182 = ORIENTED_EDGE('',*,*,#6817,.T.);
#17183 = ORIENTED_EDGE('',*,*,#17111,.F.);
#17184 = ORIENTED_EDGE('',*,*,#17185,.F.);
#17185 = EDGE_CURVE('',#17161,#17112,#17186,.T.);
#17186 = SURFACE_CURVE('',#17187,(#17191,#17198),.PCURVE_S1.);
#17187 = LINE('',#17188,#17189);
#17188 = CARTESIAN_POINT('',(-14.38588952783,9.495481322063,0.));
#17189 = VECTOR('',#17190,1.);
#17190 = DIRECTION('',(0.946930129495,-0.321439465303,0.));
#17191 = PCURVE('',#6833,#17192);
#17192 = DEFINITIONAL_REPRESENTATION('',(#17193),#17197);
#17193 = LINE('',#17194,#17195);
#17194 = CARTESIAN_POINT('',(0.,0.));
#17195 = VECTOR('',#17196,1.);
#17196 = DIRECTION('',(1.,0.));
#17197 = ( GEOMETRIC_REPRESENTATION_CONTEXT(2) 
PARAMETRIC_REPRESENTATION_CONTEXT() REPRESENTATION_CONTEXT('2D SPACE',''
  ) );
#17198 = PCURVE('',#17028,#17199);
#17199 = DEFINITIONAL_REPRESENTATION('',(#17200),#17204);
#17200 = LINE('',#17201,#17202);
#17201 = CARTESIAN_POINT('',(-0.414110472164,1.545481322063));
#17202 = VECTOR('',#17203,1.);
#17203 = DIRECTION('',(-0.946930129495,-0.321439465303));
#17204 = ( GEOMETRIC_REPRESENTATION_CONTEXT(2) 
PARAMETRIC_REPRESENTATION_CONTEXT() REPRESENTATION_CONTEXT('2D SPACE',''
  ) );
#17205 = ADVANCED_FACE('',(#17206),#6805,.T.);
#17206 = FACE_BOUND('',#17207,.T.);
#17207 = EDGE_LOOP('',(#17208,#17231,#17232,#17233));
#17208 = ORIENTED_EDGE('',*,*,#17209,.T.);
#17209 = EDGE_CURVE('',#17210,#6762,#17212,.T.);
#17210 = VERTEX_POINT('',#17211);
#17211 = CARTESIAN_POINT('',(-14.59115809244,9.536311778198,0.));
#17212 = SURFACE_CURVE('',#17213,(#17217,#17224),.PCURVE_S1.);
#17213 = LINE('',#17214,#17215);
#17214 = CARTESIAN_POINT('',(-14.59115809244,9.536311778198,0.));
#17215 = VECTOR('',#17216,1.);
#17216 = DIRECTION('',(-0.,-0.,1.));
#17217 = PCURVE('',#6805,#17218);
#17218 = DEFINITIONAL_REPRESENTATION('',(#17219),#17223);
#17219 = LINE('',#17220,#17221);
#17220 = CARTESIAN_POINT('',(0.,0.));
#17221 = VECTOR('',#17222,1.);
#17222 = DIRECTION('',(0.,-1.));
#17223 = ( GEOMETRIC_REPRESENTATION_CONTEXT(2) 
PARAMETRIC_REPRESENTATION_CONTEXT() REPRESENTATION_CONTEXT('2D SPACE',''
  ) );
#17224 = PCURVE('',#6777,#17225);
#17225 = DEFINITIONAL_REPRESENTATION('',(#17226),#17230);
#17226 = LINE('',#17227,#17228);
#17227 = CARTESIAN_POINT('',(0.209290013536,0.));
#17228 = VECTOR('',#17229,1.);
#17229 = DIRECTION('',(0.,-1.));
#17230 = ( GEOMETRIC_REPRESENTATION_CONTEXT(2) 
PARAMETRIC_REPRESENTATION_CONTEXT() REPRESENTATION_CONTEXT('2D SPACE',''
  ) );
#17231 = ORIENTED_EDGE('',*,*,#6789,.T.);
#17232 = ORIENTED_EDGE('',*,*,#17160,.F.);
#17233 = ORIENTED_EDGE('',*,*,#17234,.F.);
#17234 = EDGE_CURVE('',#17210,#17161,#17235,.T.);
#17235 = SURFACE_CURVE('',#17236,(#17240,#17247),.PCURVE_S1.);
#17236 = LINE('',#17237,#17238);
#17237 = CARTESIAN_POINT('',(-14.59115809244,9.536311778198,0.));
#17238 = VECTOR('',#17239,1.);
#17239 = DIRECTION('',(0.980785280403,-0.195090322016,0.));
#17240 = PCURVE('',#6805,#17241);
#17241 = DEFINITIONAL_REPRESENTATION('',(#17242),#17246);
#17242 = LINE('',#17243,#17244);
#17243 = CARTESIAN_POINT('',(0.,0.));
#17244 = VECTOR('',#17245,1.);
#17245 = DIRECTION('',(1.,0.));
#17246 = ( GEOMETRIC_REPRESENTATION_CONTEXT(2) 
PARAMETRIC_REPRESENTATION_CONTEXT() REPRESENTATION_CONTEXT('2D SPACE',''
  ) );
#17247 = PCURVE('',#17028,#17248);
#17248 = DEFINITIONAL_REPRESENTATION('',(#17249),#17253);
#17249 = LINE('',#17250,#17251);
#17250 = CARTESIAN_POINT('',(-0.208841907552,1.586311778198));
#17251 = VECTOR('',#17252,1.);
#17252 = DIRECTION('',(-0.980785280403,-0.195090322016));
#17253 = ( GEOMETRIC_REPRESENTATION_CONTEXT(2) 
PARAMETRIC_REPRESENTATION_CONTEXT() REPRESENTATION_CONTEXT('2D SPACE',''
  ) );
#17254 = ADVANCED_FACE('',(#17255),#6777,.T.);
#17255 = FACE_BOUND('',#17256,.T.);
#17256 = EDGE_LOOP('',(#17257,#17280,#17281,#17282));
#17257 = ORIENTED_EDGE('',*,*,#17258,.T.);
#17258 = EDGE_CURVE('',#17259,#6734,#17261,.T.);
#17259 = VERTEX_POINT('',#17260);
#17260 = CARTESIAN_POINT('',(-14.8,9.55,0.));
#17261 = SURFACE_CURVE('',#17262,(#17266,#17273),.PCURVE_S1.);
#17262 = LINE('',#17263,#17264);
#17263 = CARTESIAN_POINT('',(-14.8,9.55,0.));
#17264 = VECTOR('',#17265,1.);
#17265 = DIRECTION('',(-0.,-0.,1.));
#17266 = PCURVE('',#6777,#17267);
#17267 = DEFINITIONAL_REPRESENTATION('',(#17268),#17272);
#17268 = LINE('',#17269,#17270);
#17269 = CARTESIAN_POINT('',(0.,0.));
#17270 = VECTOR('',#17271,1.);
#17271 = DIRECTION('',(0.,-1.));
#17272 = ( GEOMETRIC_REPRESENTATION_CONTEXT(2) 
PARAMETRIC_REPRESENTATION_CONTEXT() REPRESENTATION_CONTEXT('2D SPACE',''
  ) );
#17273 = PCURVE('',#6749,#17274);
#17274 = DEFINITIONAL_REPRESENTATION('',(#17275),#17279);
#17275 = LINE('',#17276,#17277);
#17276 = CARTESIAN_POINT('',(0.209290013536,0.));
#17277 = VECTOR('',#17278,1.);
#17278 = DIRECTION('',(0.,-1.));
#17279 = ( GEOMETRIC_REPRESENTATION_CONTEXT(2) 
PARAMETRIC_REPRESENTATION_CONTEXT() REPRESENTATION_CONTEXT('2D SPACE',''
  ) );
#17280 = ORIENTED_EDGE('',*,*,#6761,.T.);
#17281 = ORIENTED_EDGE('',*,*,#17209,.F.);
#17282 = ORIENTED_EDGE('',*,*,#17283,.F.);
#17283 = EDGE_CURVE('',#17259,#17210,#17284,.T.);
#17284 = SURFACE_CURVE('',#17285,(#17289,#17296),.PCURVE_S1.);
#17285 = LINE('',#17286,#17287);
#17286 = CARTESIAN_POINT('',(-14.8,9.55,0.));
#17287 = VECTOR('',#17288,1.);
#17288 = DIRECTION('',(0.997858923239,-6.540312923014E-02,0.));
#17289 = PCURVE('',#6777,#17290);
#17290 = DEFINITIONAL_REPRESENTATION('',(#17291),#17295);
#17291 = LINE('',#17292,#17293);
#17292 = CARTESIAN_POINT('',(0.,0.));
#17293 = VECTOR('',#17294,1.);
#17294 = DIRECTION('',(1.,0.));
#17295 = ( GEOMETRIC_REPRESENTATION_CONTEXT(2) 
PARAMETRIC_REPRESENTATION_CONTEXT() REPRESENTATION_CONTEXT('2D SPACE',''
  ) );
#17296 = PCURVE('',#17028,#17297);
#17297 = DEFINITIONAL_REPRESENTATION('',(#17298),#17302);
#17298 = LINE('',#17299,#17300);
#17299 = CARTESIAN_POINT('',(-8.881784197001E-15,1.6));
#17300 = VECTOR('',#17301,1.);
#17301 = DIRECTION('',(-0.997858923239,-6.540312923014E-02));
#17302 = ( GEOMETRIC_REPRESENTATION_CONTEXT(2) 
PARAMETRIC_REPRESENTATION_CONTEXT() REPRESENTATION_CONTEXT('2D SPACE',''
  ) );
#17303 = ADVANCED_FACE('',(#17304),#6749,.T.);
#17304 = FACE_BOUND('',#17305,.T.);
#17305 = EDGE_LOOP('',(#17306,#17329,#17330,#17331));
#17306 = ORIENTED_EDGE('',*,*,#17307,.T.);
#17307 = EDGE_CURVE('',#17308,#6706,#17310,.T.);
#17308 = VERTEX_POINT('',#17309);
#17309 = CARTESIAN_POINT('',(-15.00884190755,9.536311778198,0.));
#17310 = SURFACE_CURVE('',#17311,(#17315,#17322),.PCURVE_S1.);
#17311 = LINE('',#17312,#17313);
#17312 = CARTESIAN_POINT('',(-15.00884190755,9.536311778198,0.));
#17313 = VECTOR('',#17314,1.);
#17314 = DIRECTION('',(-0.,-0.,1.));
#17315 = PCURVE('',#6749,#17316);
#17316 = DEFINITIONAL_REPRESENTATION('',(#17317),#17321);
#17317 = LINE('',#17318,#17319);
#17318 = CARTESIAN_POINT('',(0.,0.));
#17319 = VECTOR('',#17320,1.);
#17320 = DIRECTION('',(0.,-1.));
#17321 = ( GEOMETRIC_REPRESENTATION_CONTEXT(2) 
PARAMETRIC_REPRESENTATION_CONTEXT() REPRESENTATION_CONTEXT('2D SPACE',''
  ) );
#17322 = PCURVE('',#6721,#17323);
#17323 = DEFINITIONAL_REPRESENTATION('',(#17324),#17328);
#17324 = LINE('',#17325,#17326);
#17325 = CARTESIAN_POINT('',(0.209290013536,0.));
#17326 = VECTOR('',#17327,1.);
#17327 = DIRECTION('',(0.,-1.));
#17328 = ( GEOMETRIC_REPRESENTATION_CONTEXT(2) 
PARAMETRIC_REPRESENTATION_CONTEXT() REPRESENTATION_CONTEXT('2D SPACE',''
  ) );
#17329 = ORIENTED_EDGE('',*,*,#6733,.T.);
#17330 = ORIENTED_EDGE('',*,*,#17258,.F.);
#17331 = ORIENTED_EDGE('',*,*,#17332,.F.);
#17332 = EDGE_CURVE('',#17308,#17259,#17333,.T.);
#17333 = SURFACE_CURVE('',#17334,(#17338,#17345),.PCURVE_S1.);
#17334 = LINE('',#17335,#17336);
#17335 = CARTESIAN_POINT('',(-15.00884190755,9.536311778198,0.));
#17336 = VECTOR('',#17337,1.);
#17337 = DIRECTION('',(0.997858923239,6.540312923014E-02,0.));
#17338 = PCURVE('',#6749,#17339);
#17339 = DEFINITIONAL_REPRESENTATION('',(#17340),#17344);
#17340 = LINE('',#17341,#17342);
#17341 = CARTESIAN_POINT('',(0.,0.));
#17342 = VECTOR('',#17343,1.);
#17343 = DIRECTION('',(1.,0.));
#17344 = ( GEOMETRIC_REPRESENTATION_CONTEXT(2) 
PARAMETRIC_REPRESENTATION_CONTEXT() REPRESENTATION_CONTEXT('2D SPACE',''
  ) );
#17345 = PCURVE('',#17028,#17346);
#17346 = DEFINITIONAL_REPRESENTATION('',(#17347),#17351);
#17347 = LINE('',#17348,#17349);
#17348 = CARTESIAN_POINT('',(0.208841907552,1.586311778198));
#17349 = VECTOR('',#17350,1.);
#17350 = DIRECTION('',(-0.997858923239,6.540312923014E-02));
#17351 = ( GEOMETRIC_REPRESENTATION_CONTEXT(2) 
PARAMETRIC_REPRESENTATION_CONTEXT() REPRESENTATION_CONTEXT('2D SPACE',''
  ) );
#17352 = ADVANCED_FACE('',(#17353),#6721,.T.);
#17353 = FACE_BOUND('',#17354,.T.);
#17354 = EDGE_LOOP('',(#17355,#17378,#17379,#17380));
#17355 = ORIENTED_EDGE('',*,*,#17356,.T.);
#17356 = EDGE_CURVE('',#17357,#6678,#17359,.T.);
#17357 = VERTEX_POINT('',#17358);
#17358 = CARTESIAN_POINT('',(-15.21411047216,9.495481322063,0.));
#17359 = SURFACE_CURVE('',#17360,(#17364,#17371),.PCURVE_S1.);
#17360 = LINE('',#17361,#17362);
#17361 = CARTESIAN_POINT('',(-15.21411047216,9.495481322063,0.));
#17362 = VECTOR('',#17363,1.);
#17363 = DIRECTION('',(-0.,-0.,1.));
#17364 = PCURVE('',#6721,#17365);
#17365 = DEFINITIONAL_REPRESENTATION('',(#17366),#17370);
#17366 = LINE('',#17367,#17368);
#17367 = CARTESIAN_POINT('',(0.,0.));
#17368 = VECTOR('',#17369,1.);
#17369 = DIRECTION('',(0.,-1.));
#17370 = ( GEOMETRIC_REPRESENTATION_CONTEXT(2) 
PARAMETRIC_REPRESENTATION_CONTEXT() REPRESENTATION_CONTEXT('2D SPACE',''
  ) );
#17371 = PCURVE('',#6693,#17372);
#17372 = DEFINITIONAL_REPRESENTATION('',(#17373),#17377);
#17373 = LINE('',#17374,#17375);
#17374 = CARTESIAN_POINT('',(0.209290013536,0.));
#17375 = VECTOR('',#17376,1.);
#17376 = DIRECTION('',(0.,-1.));
#17377 = ( GEOMETRIC_REPRESENTATION_CONTEXT(2) 
PARAMETRIC_REPRESENTATION_CONTEXT() REPRESENTATION_CONTEXT('2D SPACE',''
  ) );
#17378 = ORIENTED_EDGE('',*,*,#6705,.T.);
#17379 = ORIENTED_EDGE('',*,*,#17307,.F.);
#17380 = ORIENTED_EDGE('',*,*,#17381,.F.);
#17381 = EDGE_CURVE('',#17357,#17308,#17382,.T.);
#17382 = SURFACE_CURVE('',#17383,(#17387,#17394),.PCURVE_S1.);
#17383 = LINE('',#17384,#17385);
#17384 = CARTESIAN_POINT('',(-15.21411047216,9.495481322063,0.));
#17385 = VECTOR('',#17386,1.);
#17386 = DIRECTION('',(0.980785280403,0.195090322016,0.));
#17387 = PCURVE('',#6721,#17388);
#17388 = DEFINITIONAL_REPRESENTATION('',(#17389),#17393);
#17389 = LINE('',#17390,#17391);
#17390 = CARTESIAN_POINT('',(0.,0.));
#17391 = VECTOR('',#17392,1.);
#17392 = DIRECTION('',(1.,0.));
#17393 = ( GEOMETRIC_REPRESENTATION_CONTEXT(2) 
PARAMETRIC_REPRESENTATION_CONTEXT() REPRESENTATION_CONTEXT('2D SPACE',''
  ) );
#17394 = PCURVE('',#17028,#17395);
#17395 = DEFINITIONAL_REPRESENTATION('',(#17396),#17400);
#17396 = LINE('',#17397,#17398);
#17397 = CARTESIAN_POINT('',(0.414110472164,1.545481322063));
#17398 = VECTOR('',#17399,1.);
#17399 = DIRECTION('',(-0.980785280403,0.195090322016));
#17400 = ( GEOMETRIC_REPRESENTATION_CONTEXT(2) 
PARAMETRIC_REPRESENTATION_CONTEXT() REPRESENTATION_CONTEXT('2D SPACE',''
  ) );
#17401 = ADVANCED_FACE('',(#17402),#6693,.T.);
#17402 = FACE_BOUND('',#17403,.T.);
#17403 = EDGE_LOOP('',(#17404,#17427,#17428,#17429));
#17404 = ORIENTED_EDGE('',*,*,#17405,.T.);
#17405 = EDGE_CURVE('',#17406,#6650,#17408,.T.);
#17406 = VERTEX_POINT('',#17407);
#17407 = CARTESIAN_POINT('',(-15.41229349178,9.428207252018,0.));
#17408 = SURFACE_CURVE('',#17409,(#17413,#17420),.PCURVE_S1.);
#17409 = LINE('',#17410,#17411);
#17410 = CARTESIAN_POINT('',(-15.41229349178,9.428207252018,0.));
#17411 = VECTOR('',#17412,1.);
#17412 = DIRECTION('',(-0.,-0.,1.));
#17413 = PCURVE('',#6693,#17414);
#17414 = DEFINITIONAL_REPRESENTATION('',(#17415),#17419);
#17415 = LINE('',#17416,#17417);
#17416 = CARTESIAN_POINT('',(0.,0.));
#17417 = VECTOR('',#17418,1.);
#17418 = DIRECTION('',(0.,-1.));
#17419 = ( GEOMETRIC_REPRESENTATION_CONTEXT(2) 
PARAMETRIC_REPRESENTATION_CONTEXT() REPRESENTATION_CONTEXT('2D SPACE',''
  ) );
#17420 = PCURVE('',#6665,#17421);
#17421 = DEFINITIONAL_REPRESENTATION('',(#17422),#17426);
#17422 = LINE('',#17423,#17424);
#17423 = CARTESIAN_POINT('',(0.209290013536,0.));
#17424 = VECTOR('',#17425,1.);
#17425 = DIRECTION('',(0.,-1.));
#17426 = ( GEOMETRIC_REPRESENTATION_CONTEXT(2) 
PARAMETRIC_REPRESENTATION_CONTEXT() REPRESENTATION_CONTEXT('2D SPACE',''
  ) );
#17427 = ORIENTED_EDGE('',*,*,#6677,.T.);
#17428 = ORIENTED_EDGE('',*,*,#17356,.F.);
#17429 = ORIENTED_EDGE('',*,*,#17430,.F.);
#17430 = EDGE_CURVE('',#17406,#17357,#17431,.T.);
#17431 = SURFACE_CURVE('',#17432,(#17436,#17443),.PCURVE_S1.);
#17432 = LINE('',#17433,#17434);
#17433 = CARTESIAN_POINT('',(-15.41229349178,9.428207252018,0.));
#17434 = VECTOR('',#17435,1.);
#17435 = DIRECTION('',(0.946930129495,0.321439465303,0.));
#17436 = PCURVE('',#6693,#17437);
#17437 = DEFINITIONAL_REPRESENTATION('',(#17438),#17442);
#17438 = LINE('',#17439,#17440);
#17439 = CARTESIAN_POINT('',(0.,0.));
#17440 = VECTOR('',#17441,1.);
#17441 = DIRECTION('',(1.,0.));
#17442 = ( GEOMETRIC_REPRESENTATION_CONTEXT(2) 
PARAMETRIC_REPRESENTATION_CONTEXT() REPRESENTATION_CONTEXT('2D SPACE',''
  ) );
#17443 = PCURVE('',#17028,#17444);
#17444 = DEFINITIONAL_REPRESENTATION('',(#17445),#17449);
#17445 = LINE('',#17446,#17447);
#17446 = CARTESIAN_POINT('',(0.612293491784,1.478207252018));
#17447 = VECTOR('',#17448,1.);
#17448 = DIRECTION('',(-0.946930129495,0.321439465303));
#17449 = ( GEOMETRIC_REPRESENTATION_CONTEXT(2) 
PARAMETRIC_REPRESENTATION_CONTEXT() REPRESENTATION_CONTEXT('2D SPACE',''
  ) );
#17450 = ADVANCED_FACE('',(#17451),#6665,.T.);
#17451 = FACE_BOUND('',#17452,.T.);
#17452 = EDGE_LOOP('',(#17453,#17476,#17477,#17478));
#17453 = ORIENTED_EDGE('',*,*,#17454,.T.);
#17454 = EDGE_CURVE('',#17455,#6622,#17457,.T.);
#17455 = VERTEX_POINT('',#17456);
#17456 = CARTESIAN_POINT('',(-15.6,9.335640646055,0.));
#17457 = SURFACE_CURVE('',#17458,(#17462,#17469),.PCURVE_S1.);
#17458 = LINE('',#17459,#17460);
#17459 = CARTESIAN_POINT('',(-15.6,9.335640646055,0.));
#17460 = VECTOR('',#17461,1.);
#17461 = DIRECTION('',(-0.,-0.,1.));
#17462 = PCURVE('',#6665,#17463);
#17463 = DEFINITIONAL_REPRESENTATION('',(#17464),#17468);
#17464 = LINE('',#17465,#17466);
#17465 = CARTESIAN_POINT('',(0.,0.));
#17466 = VECTOR('',#17467,1.);
#17467 = DIRECTION('',(0.,-1.));
#17468 = ( GEOMETRIC_REPRESENTATION_CONTEXT(2) 
PARAMETRIC_REPRESENTATION_CONTEXT() REPRESENTATION_CONTEXT('2D SPACE',''
  ) );
#17469 = PCURVE('',#6637,#17470);
#17470 = DEFINITIONAL_REPRESENTATION('',(#17471),#17475);
#17471 = LINE('',#17472,#17473);
#17472 = CARTESIAN_POINT('',(0.209290013536,0.));
#17473 = VECTOR('',#17474,1.);
#17474 = DIRECTION('',(0.,-1.));
#17475 = ( GEOMETRIC_REPRESENTATION_CONTEXT(2) 
PARAMETRIC_REPRESENTATION_CONTEXT() REPRESENTATION_CONTEXT('2D SPACE',''
  ) );
#17476 = ORIENTED_EDGE('',*,*,#6649,.T.);
#17477 = ORIENTED_EDGE('',*,*,#17405,.F.);
#17478 = ORIENTED_EDGE('',*,*,#17479,.F.);
#17479 = EDGE_CURVE('',#17455,#17406,#17480,.T.);
#17480 = SURFACE_CURVE('',#17481,(#17485,#17492),.PCURVE_S1.);
#17481 = LINE('',#17482,#17483);
#17482 = CARTESIAN_POINT('',(-15.6,9.335640646055,0.));
#17483 = VECTOR('',#17484,1.);
#17484 = DIRECTION('',(0.896872741533,0.442288690219,0.));
#17485 = PCURVE('',#6665,#17486);
#17486 = DEFINITIONAL_REPRESENTATION('',(#17487),#17491);
#17487 = LINE('',#17488,#17489);
#17488 = CARTESIAN_POINT('',(0.,0.));
#17489 = VECTOR('',#17490,1.);
#17490 = DIRECTION('',(1.,0.));
#17491 = ( GEOMETRIC_REPRESENTATION_CONTEXT(2) 
PARAMETRIC_REPRESENTATION_CONTEXT() REPRESENTATION_CONTEXT('2D SPACE',''
  ) );
#17492 = PCURVE('',#17028,#17493);
#17493 = DEFINITIONAL_REPRESENTATION('',(#17494),#17498);
#17494 = LINE('',#17495,#17496);
#17495 = CARTESIAN_POINT('',(0.8,1.385640646055));
#17496 = VECTOR('',#17497,1.);
#17497 = DIRECTION('',(-0.896872741533,0.442288690219));
#17498 = ( GEOMETRIC_REPRESENTATION_CONTEXT(2) 
PARAMETRIC_REPRESENTATION_CONTEXT() REPRESENTATION_CONTEXT('2D SPACE',''
  ) );
#17499 = ADVANCED_FACE('',(#17500),#6637,.T.);
#17500 = FACE_BOUND('',#17501,.T.);
#17501 = EDGE_LOOP('',(#17502,#17525,#17526,#17527));
#17502 = ORIENTED_EDGE('',*,*,#17503,.T.);
#17503 = EDGE_CURVE('',#17504,#6594,#17506,.T.);
#17504 = VERTEX_POINT('',#17505);
#17505 = CARTESIAN_POINT('',(-15.77401828641,9.219365344466,0.));
#17506 = SURFACE_CURVE('',#17507,(#17511,#17518),.PCURVE_S1.);
#17507 = LINE('',#17508,#17509);
#17508 = CARTESIAN_POINT('',(-15.77401828641,9.219365344466,0.));
#17509 = VECTOR('',#17510,1.);
#17510 = DIRECTION('',(-0.,-0.,1.));
#17511 = PCURVE('',#6637,#17512);
#17512 = DEFINITIONAL_REPRESENTATION('',(#17513),#17517);
#17513 = LINE('',#17514,#17515);
#17514 = CARTESIAN_POINT('',(0.,0.));
#17515 = VECTOR('',#17516,1.);
#17516 = DIRECTION('',(0.,-1.));
#17517 = ( GEOMETRIC_REPRESENTATION_CONTEXT(2) 
PARAMETRIC_REPRESENTATION_CONTEXT() REPRESENTATION_CONTEXT('2D SPACE',''
  ) );
#17518 = PCURVE('',#6609,#17519);
#17519 = DEFINITIONAL_REPRESENTATION('',(#17520),#17524);
#17520 = LINE('',#17521,#17522);
#17521 = CARTESIAN_POINT('',(0.209290013536,0.));
#17522 = VECTOR('',#17523,1.);
#17523 = DIRECTION('',(0.,-1.));
#17524 = ( GEOMETRIC_REPRESENTATION_CONTEXT(2) 
PARAMETRIC_REPRESENTATION_CONTEXT() REPRESENTATION_CONTEXT('2D SPACE',''
  ) );
#17525 = ORIENTED_EDGE('',*,*,#6621,.T.);
#17526 = ORIENTED_EDGE('',*,*,#17454,.F.);
#17527 = ORIENTED_EDGE('',*,*,#17528,.F.);
#17528 = EDGE_CURVE('',#17504,#17455,#17529,.T.);
#17529 = SURFACE_CURVE('',#17530,(#17534,#17541),.PCURVE_S1.);
#17530 = LINE('',#17531,#17532);
#17531 = CARTESIAN_POINT('',(-15.77401828641,9.219365344466,0.));
#17532 = VECTOR('',#17533,1.);
#17533 = DIRECTION('',(0.831469612303,0.55557023302,0.));
#17534 = PCURVE('',#6637,#17535);
#17535 = DEFINITIONAL_REPRESENTATION('',(#17536),#17540);
#17536 = LINE('',#17537,#17538);
#17537 = CARTESIAN_POINT('',(0.,0.));
#17538 = VECTOR('',#17539,1.);
#17539 = DIRECTION('',(1.,0.));
#17540 = ( GEOMETRIC_REPRESENTATION_CONTEXT(2) 
PARAMETRIC_REPRESENTATION_CONTEXT() REPRESENTATION_CONTEXT('2D SPACE',''
  ) );
#17541 = PCURVE('',#17028,#17542);
#17542 = DEFINITIONAL_REPRESENTATION('',(#17543),#17547);
#17543 = LINE('',#17544,#17545);
#17544 = CARTESIAN_POINT('',(0.974018286414,1.269365344466));
#17545 = VECTOR('',#17546,1.);
#17546 = DIRECTION('',(-0.831469612303,0.55557023302));
#17547 = ( GEOMETRIC_REPRESENTATION_CONTEXT(2) 
PARAMETRIC_REPRESENTATION_CONTEXT() REPRESENTATION_CONTEXT('2D SPACE',''
  ) );
#17548 = ADVANCED_FACE('',(#17549),#6609,.T.);
#17549 = FACE_BOUND('',#17550,.T.);
#17550 = EDGE_LOOP('',(#17551,#17574,#17575,#17576));
#17551 = ORIENTED_EDGE('',*,*,#17552,.T.);
#17552 = EDGE_CURVE('',#17553,#6566,#17555,.T.);
#17553 = VERTEX_POINT('',#17554);
#17554 = CARTESIAN_POINT('',(-15.93137084989,9.081370849898,0.));
#17555 = SURFACE_CURVE('',#17556,(#17560,#17567),.PCURVE_S1.);
#17556 = LINE('',#17557,#17558);
#17557 = CARTESIAN_POINT('',(-15.93137084989,9.081370849898,0.));
#17558 = VECTOR('',#17559,1.);
#17559 = DIRECTION('',(-0.,-0.,1.));
#17560 = PCURVE('',#6609,#17561);
#17561 = DEFINITIONAL_REPRESENTATION('',(#17562),#17566);
#17562 = LINE('',#17563,#17564);
#17563 = CARTESIAN_POINT('',(0.,0.));
#17564 = VECTOR('',#17565,1.);
#17565 = DIRECTION('',(0.,-1.));
#17566 = ( GEOMETRIC_REPRESENTATION_CONTEXT(2) 
PARAMETRIC_REPRESENTATION_CONTEXT() REPRESENTATION_CONTEXT('2D SPACE',''
  ) );
#17567 = PCURVE('',#6581,#17568);
#17568 = DEFINITIONAL_REPRESENTATION('',(#17569),#17573);
#17569 = LINE('',#17570,#17571);
#17570 = CARTESIAN_POINT('',(0.209290013536,0.));
#17571 = VECTOR('',#17572,1.);
#17572 = DIRECTION('',(0.,-1.));
#17573 = ( GEOMETRIC_REPRESENTATION_CONTEXT(2) 
PARAMETRIC_REPRESENTATION_CONTEXT() REPRESENTATION_CONTEXT('2D SPACE',''
  ) );
#17574 = ORIENTED_EDGE('',*,*,#6593,.T.);
#17575 = ORIENTED_EDGE('',*,*,#17503,.F.);
#17576 = ORIENTED_EDGE('',*,*,#17577,.F.);
#17577 = EDGE_CURVE('',#17553,#17504,#17578,.T.);
#17578 = SURFACE_CURVE('',#17579,(#17583,#17590),.PCURVE_S1.);
#17579 = LINE('',#17580,#17581);
#17580 = CARTESIAN_POINT('',(-15.93137084989,9.081370849898,0.));
#17581 = VECTOR('',#17582,1.);
#17582 = DIRECTION('',(0.751839807479,0.6593458151,0.));
#17583 = PCURVE('',#6609,#17584);
#17584 = DEFINITIONAL_REPRESENTATION('',(#17585),#17589);
#17585 = LINE('',#17586,#17587);
#17586 = CARTESIAN_POINT('',(0.,0.));
#17587 = VECTOR('',#17588,1.);
#17588 = DIRECTION('',(1.,0.));
#17589 = ( GEOMETRIC_REPRESENTATION_CONTEXT(2) 
PARAMETRIC_REPRESENTATION_CONTEXT() REPRESENTATION_CONTEXT('2D SPACE',''
  ) );
#17590 = PCURVE('',#17028,#17591);
#17591 = DEFINITIONAL_REPRESENTATION('',(#17592),#17596);
#17592 = LINE('',#17593,#17594);
#17593 = CARTESIAN_POINT('',(1.131370849898,1.131370849898));
#17594 = VECTOR('',#17595,1.);
#17595 = DIRECTION('',(-0.751839807479,0.6593458151));
#17596 = ( GEOMETRIC_REPRESENTATION_CONTEXT(2) 
PARAMETRIC_REPRESENTATION_CONTEXT() REPRESENTATION_CONTEXT('2D SPACE',''
  ) );
#17597 = ADVANCED_FACE('',(#17598),#6581,.T.);
#17598 = FACE_BOUND('',#17599,.T.);
#17599 = EDGE_LOOP('',(#17600,#17623,#17624,#17625));
#17600 = ORIENTED_EDGE('',*,*,#17601,.T.);
#17601 = EDGE_CURVE('',#17602,#6538,#17604,.T.);
#17602 = VERTEX_POINT('',#17603);
#17603 = CARTESIAN_POINT('',(-16.06936534446,8.924018286414,0.));
#17604 = SURFACE_CURVE('',#17605,(#17609,#17616),.PCURVE_S1.);
#17605 = LINE('',#17606,#17607);
#17606 = CARTESIAN_POINT('',(-16.06936534446,8.924018286414,0.));
#17607 = VECTOR('',#17608,1.);
#17608 = DIRECTION('',(-0.,-0.,1.));
#17609 = PCURVE('',#6581,#17610);
#17610 = DEFINITIONAL_REPRESENTATION('',(#17611),#17615);
#17611 = LINE('',#17612,#17613);
#17612 = CARTESIAN_POINT('',(0.,0.));
#17613 = VECTOR('',#17614,1.);
#17614 = DIRECTION('',(0.,-1.));
#17615 = ( GEOMETRIC_REPRESENTATION_CONTEXT(2) 
PARAMETRIC_REPRESENTATION_CONTEXT() REPRESENTATION_CONTEXT('2D SPACE',''
  ) );
#17616 = PCURVE('',#6553,#17617);
#17617 = DEFINITIONAL_REPRESENTATION('',(#17618),#17622);
#17618 = LINE('',#17619,#17620);
#17619 = CARTESIAN_POINT('',(0.209290013536,0.));
#17620 = VECTOR('',#17621,1.);
#17621 = DIRECTION('',(0.,-1.));
#17622 = ( GEOMETRIC_REPRESENTATION_CONTEXT(2) 
PARAMETRIC_REPRESENTATION_CONTEXT() REPRESENTATION_CONTEXT('2D SPACE',''
  ) );
#17623 = ORIENTED_EDGE('',*,*,#6565,.T.);
#17624 = ORIENTED_EDGE('',*,*,#17552,.F.);
#17625 = ORIENTED_EDGE('',*,*,#17626,.F.);
#17626 = EDGE_CURVE('',#17602,#17553,#17627,.T.);
#17627 = SURFACE_CURVE('',#17628,(#17632,#17639),.PCURVE_S1.);
#17628 = LINE('',#17629,#17630);
#17629 = CARTESIAN_POINT('',(-16.06936534446,8.924018286414,0.));
#17630 = VECTOR('',#17631,1.);
#17631 = DIRECTION('',(0.6593458151,0.751839807479,0.));
#17632 = PCURVE('',#6581,#17633);
#17633 = DEFINITIONAL_REPRESENTATION('',(#17634),#17638);
#17634 = LINE('',#17635,#17636);
#17635 = CARTESIAN_POINT('',(0.,0.));
#17636 = VECTOR('',#17637,1.);
#17637 = DIRECTION('',(1.,0.));
#17638 = ( GEOMETRIC_REPRESENTATION_CONTEXT(2) 
PARAMETRIC_REPRESENTATION_CONTEXT() REPRESENTATION_CONTEXT('2D SPACE',''
  ) );
#17639 = PCURVE('',#17028,#17640);
#17640 = DEFINITIONAL_REPRESENTATION('',(#17641),#17645);
#17641 = LINE('',#17642,#17643);
#17642 = CARTESIAN_POINT('',(1.269365344466,0.974018286414));
#17643 = VECTOR('',#17644,1.);
#17644 = DIRECTION('',(-0.6593458151,0.751839807479));
#17645 = ( GEOMETRIC_REPRESENTATION_CONTEXT(2) 
PARAMETRIC_REPRESENTATION_CONTEXT() REPRESENTATION_CONTEXT('2D SPACE',''
  ) );
#17646 = ADVANCED_FACE('',(#17647),#6553,.T.);
#17647 = FACE_BOUND('',#17648,.T.);
#17648 = EDGE_LOOP('',(#17649,#17672,#17673,#17674));
#17649 = ORIENTED_EDGE('',*,*,#17650,.T.);
#17650 = EDGE_CURVE('',#17651,#6510,#17653,.T.);
#17651 = VERTEX_POINT('',#17652);
#17652 = CARTESIAN_POINT('',(-16.18564064605,8.75,0.));
#17653 = SURFACE_CURVE('',#17654,(#17658,#17665),.PCURVE_S1.);
#17654 = LINE('',#17655,#17656);
#17655 = CARTESIAN_POINT('',(-16.18564064605,8.75,0.));
#17656 = VECTOR('',#17657,1.);
#17657 = DIRECTION('',(-0.,-0.,1.));
#17658 = PCURVE('',#6553,#17659);
#17659 = DEFINITIONAL_REPRESENTATION('',(#17660),#17664);
#17660 = LINE('',#17661,#17662);
#17661 = CARTESIAN_POINT('',(0.,0.));
#17662 = VECTOR('',#17663,1.);
#17663 = DIRECTION('',(0.,-1.));
#17664 = ( GEOMETRIC_REPRESENTATION_CONTEXT(2) 
PARAMETRIC_REPRESENTATION_CONTEXT() REPRESENTATION_CONTEXT('2D SPACE',''
  ) );
#17665 = PCURVE('',#6525,#17666);
#17666 = DEFINITIONAL_REPRESENTATION('',(#17667),#17671);
#17667 = LINE('',#17668,#17669);
#17668 = CARTESIAN_POINT('',(0.209290013536,0.));
#17669 = VECTOR('',#17670,1.);
#17670 = DIRECTION('',(0.,-1.));
#17671 = ( GEOMETRIC_REPRESENTATION_CONTEXT(2) 
PARAMETRIC_REPRESENTATION_CONTEXT() REPRESENTATION_CONTEXT('2D SPACE',''
  ) );
#17672 = ORIENTED_EDGE('',*,*,#6537,.T.);
#17673 = ORIENTED_EDGE('',*,*,#17601,.F.);
#17674 = ORIENTED_EDGE('',*,*,#17675,.F.);
#17675 = EDGE_CURVE('',#17651,#17602,#17676,.T.);
#17676 = SURFACE_CURVE('',#17677,(#17681,#17688),.PCURVE_S1.);
#17677 = LINE('',#17678,#17679);
#17678 = CARTESIAN_POINT('',(-16.18564064605,8.75,0.));
#17679 = VECTOR('',#17680,1.);
#17680 = DIRECTION('',(0.55557023302,0.831469612303,0.));
#17681 = PCURVE('',#6553,#17682);
#17682 = DEFINITIONAL_REPRESENTATION('',(#17683),#17687);
#17683 = LINE('',#17684,#17685);
#17684 = CARTESIAN_POINT('',(0.,0.));
#17685 = VECTOR('',#17686,1.);
#17686 = DIRECTION('',(1.,0.));
#17687 = ( GEOMETRIC_REPRESENTATION_CONTEXT(2) 
PARAMETRIC_REPRESENTATION_CONTEXT() REPRESENTATION_CONTEXT('2D SPACE',''
  ) );
#17688 = PCURVE('',#17028,#17689);
#17689 = DEFINITIONAL_REPRESENTATION('',(#17690),#17694);
#17690 = LINE('',#17691,#17692);
#17691 = CARTESIAN_POINT('',(1.385640646055,0.8));
#17692 = VECTOR('',#17693,1.);
#17693 = DIRECTION('',(-0.55557023302,0.831469612303));
#17694 = ( GEOMETRIC_REPRESENTATION_CONTEXT(2) 
PARAMETRIC_REPRESENTATION_CONTEXT() REPRESENTATION_CONTEXT('2D SPACE',''
  ) );
#17695 = ADVANCED_FACE('',(#17696),#6525,.T.);
#17696 = FACE_BOUND('',#17697,.T.);
#17697 = EDGE_LOOP('',(#17698,#17721,#17722,#17723));
#17698 = ORIENTED_EDGE('',*,*,#17699,.T.);
#17699 = EDGE_CURVE('',#17700,#6482,#17702,.T.);
#17700 = VERTEX_POINT('',#17701);
#17701 = CARTESIAN_POINT('',(-16.27820725201,8.562293491784,0.));
#17702 = SURFACE_CURVE('',#17703,(#17707,#17714),.PCURVE_S1.);
#17703 = LINE('',#17704,#17705);
#17704 = CARTESIAN_POINT('',(-16.27820725201,8.562293491784,0.));
#17705 = VECTOR('',#17706,1.);
#17706 = DIRECTION('',(-0.,-0.,1.));
#17707 = PCURVE('',#6525,#17708);
#17708 = DEFINITIONAL_REPRESENTATION('',(#17709),#17713);
#17709 = LINE('',#17710,#17711);
#17710 = CARTESIAN_POINT('',(0.,0.));
#17711 = VECTOR('',#17712,1.);
#17712 = DIRECTION('',(0.,-1.));
#17713 = ( GEOMETRIC_REPRESENTATION_CONTEXT(2) 
PARAMETRIC_REPRESENTATION_CONTEXT() REPRESENTATION_CONTEXT('2D SPACE',''
  ) );
#17714 = PCURVE('',#6497,#17715);
#17715 = DEFINITIONAL_REPRESENTATION('',(#17716),#17720);
#17716 = LINE('',#17717,#17718);
#17717 = CARTESIAN_POINT('',(0.209290013536,0.));
#17718 = VECTOR('',#17719,1.);
#17719 = DIRECTION('',(0.,-1.));
#17720 = ( GEOMETRIC_REPRESENTATION_CONTEXT(2) 
PARAMETRIC_REPRESENTATION_CONTEXT() REPRESENTATION_CONTEXT('2D SPACE',''
  ) );
#17721 = ORIENTED_EDGE('',*,*,#6509,.T.);
#17722 = ORIENTED_EDGE('',*,*,#17650,.F.);
#17723 = ORIENTED_EDGE('',*,*,#17724,.F.);
#17724 = EDGE_CURVE('',#17700,#17651,#17725,.T.);
#17725 = SURFACE_CURVE('',#17726,(#17730,#17737),.PCURVE_S1.);
#17726 = LINE('',#17727,#17728);
#17727 = CARTESIAN_POINT('',(-16.27820725201,8.562293491784,0.));
#17728 = VECTOR('',#17729,1.);
#17729 = DIRECTION('',(0.442288690219,0.896872741533,0.));
#17730 = PCURVE('',#6525,#17731);
#17731 = DEFINITIONAL_REPRESENTATION('',(#17732),#17736);
#17732 = LINE('',#17733,#17734);
#17733 = CARTESIAN_POINT('',(0.,0.));
#17734 = VECTOR('',#17735,1.);
#17735 = DIRECTION('',(1.,0.));
#17736 = ( GEOMETRIC_REPRESENTATION_CONTEXT(2) 
PARAMETRIC_REPRESENTATION_CONTEXT() REPRESENTATION_CONTEXT('2D SPACE',''
  ) );
#17737 = PCURVE('',#17028,#17738);
#17738 = DEFINITIONAL_REPRESENTATION('',(#17739),#17743);
#17739 = LINE('',#17740,#17741);
#17740 = CARTESIAN_POINT('',(1.478207252018,0.612293491784));
#17741 = VECTOR('',#17742,1.);
#17742 = DIRECTION('',(-0.442288690219,0.896872741533));
#17743 = ( GEOMETRIC_REPRESENTATION_CONTEXT(2) 
PARAMETRIC_REPRESENTATION_CONTEXT() REPRESENTATION_CONTEXT('2D SPACE',''
  ) );
#17744 = ADVANCED_FACE('',(#17745),#6497,.T.);
#17745 = FACE_BOUND('',#17746,.T.);
#17746 = EDGE_LOOP('',(#17747,#17770,#17771,#17772));
#17747 = ORIENTED_EDGE('',*,*,#17748,.T.);
#17748 = EDGE_CURVE('',#17749,#6454,#17751,.T.);
#17749 = VERTEX_POINT('',#17750);
#17750 = CARTESIAN_POINT('',(-16.34548132206,8.364110472164,0.));
#17751 = SURFACE_CURVE('',#17752,(#17756,#17763),.PCURVE_S1.);
#17752 = LINE('',#17753,#17754);
#17753 = CARTESIAN_POINT('',(-16.34548132206,8.364110472164,0.));
#17754 = VECTOR('',#17755,1.);
#17755 = DIRECTION('',(-0.,-0.,1.));
#17756 = PCURVE('',#6497,#17757);
#17757 = DEFINITIONAL_REPRESENTATION('',(#17758),#17762);
#17758 = LINE('',#17759,#17760);
#17759 = CARTESIAN_POINT('',(0.,0.));
#17760 = VECTOR('',#17761,1.);
#17761 = DIRECTION('',(0.,-1.));
#17762 = ( GEOMETRIC_REPRESENTATION_CONTEXT(2) 
PARAMETRIC_REPRESENTATION_CONTEXT() REPRESENTATION_CONTEXT('2D SPACE',''
  ) );
#17763 = PCURVE('',#6469,#17764);
#17764 = DEFINITIONAL_REPRESENTATION('',(#17765),#17769);
#17765 = LINE('',#17766,#17767);
#17766 = CARTESIAN_POINT('',(0.209290013536,0.));
#17767 = VECTOR('',#17768,1.);
#17768 = DIRECTION('',(0.,-1.));
#17769 = ( GEOMETRIC_REPRESENTATION_CONTEXT(2) 
PARAMETRIC_REPRESENTATION_CONTEXT() REPRESENTATION_CONTEXT('2D SPACE',''
  ) );
#17770 = ORIENTED_EDGE('',*,*,#6481,.T.);
#17771 = ORIENTED_EDGE('',*,*,#17699,.F.);
#17772 = ORIENTED_EDGE('',*,*,#17773,.F.);
#17773 = EDGE_CURVE('',#17749,#17700,#17774,.T.);
#17774 = SURFACE_CURVE('',#17775,(#17779,#17786),.PCURVE_S1.);
#17775 = LINE('',#17776,#17777);
#17776 = CARTESIAN_POINT('',(-16.34548132206,8.364110472164,0.));
#17777 = VECTOR('',#17778,1.);
#17778 = DIRECTION('',(0.321439465303,0.946930129495,0.));
#17779 = PCURVE('',#6497,#17780);
#17780 = DEFINITIONAL_REPRESENTATION('',(#17781),#17785);
#17781 = LINE('',#17782,#17783);
#17782 = CARTESIAN_POINT('',(0.,0.));
#17783 = VECTOR('',#17784,1.);
#17784 = DIRECTION('',(1.,0.));
#17785 = ( GEOMETRIC_REPRESENTATION_CONTEXT(2) 
PARAMETRIC_REPRESENTATION_CONTEXT() REPRESENTATION_CONTEXT('2D SPACE',''
  ) );
#17786 = PCURVE('',#17028,#17787);
#17787 = DEFINITIONAL_REPRESENTATION('',(#17788),#17792);
#17788 = LINE('',#17789,#17790);
#17789 = CARTESIAN_POINT('',(1.545481322063,0.414110472164));
#17790 = VECTOR('',#17791,1.);
#17791 = DIRECTION('',(-0.321439465303,0.946930129495));
#17792 = ( GEOMETRIC_REPRESENTATION_CONTEXT(2) 
PARAMETRIC_REPRESENTATION_CONTEXT() REPRESENTATION_CONTEXT('2D SPACE',''
  ) );
#17793 = ADVANCED_FACE('',(#17794),#6469,.T.);
#17794 = FACE_BOUND('',#17795,.T.);
#17795 = EDGE_LOOP('',(#17796,#17819,#17820,#17821));
#17796 = ORIENTED_EDGE('',*,*,#17797,.T.);
#17797 = EDGE_CURVE('',#17798,#6426,#17800,.T.);
#17798 = VERTEX_POINT('',#17799);
#17799 = CARTESIAN_POINT('',(-16.38631177819,8.158841907552,0.));
#17800 = SURFACE_CURVE('',#17801,(#17805,#17812),.PCURVE_S1.);
#17801 = LINE('',#17802,#17803);
#17802 = CARTESIAN_POINT('',(-16.38631177819,8.158841907552,0.));
#17803 = VECTOR('',#17804,1.);
#17804 = DIRECTION('',(-0.,-0.,1.));
#17805 = PCURVE('',#6469,#17806);
#17806 = DEFINITIONAL_REPRESENTATION('',(#17807),#17811);
#17807 = LINE('',#17808,#17809);
#17808 = CARTESIAN_POINT('',(0.,0.));
#17809 = VECTOR('',#17810,1.);
#17810 = DIRECTION('',(0.,-1.));
#17811 = ( GEOMETRIC_REPRESENTATION_CONTEXT(2) 
PARAMETRIC_REPRESENTATION_CONTEXT() REPRESENTATION_CONTEXT('2D SPACE',''
  ) );
#17812 = PCURVE('',#6441,#17813);
#17813 = DEFINITIONAL_REPRESENTATION('',(#17814),#17818);
#17814 = LINE('',#17815,#17816);
#17815 = CARTESIAN_POINT('',(0.209290013536,0.));
#17816 = VECTOR('',#17817,1.);
#17817 = DIRECTION('',(0.,-1.));
#17818 = ( GEOMETRIC_REPRESENTATION_CONTEXT(2) 
PARAMETRIC_REPRESENTATION_CONTEXT() REPRESENTATION_CONTEXT('2D SPACE',''
  ) );
#17819 = ORIENTED_EDGE('',*,*,#6453,.T.);
#17820 = ORIENTED_EDGE('',*,*,#17748,.F.);
#17821 = ORIENTED_EDGE('',*,*,#17822,.F.);
#17822 = EDGE_CURVE('',#17798,#17749,#17823,.T.);
#17823 = SURFACE_CURVE('',#17824,(#17828,#17835),.PCURVE_S1.);
#17824 = LINE('',#17825,#17826);
#17825 = CARTESIAN_POINT('',(-16.38631177819,8.158841907552,0.));
#17826 = VECTOR('',#17827,1.);
#17827 = DIRECTION('',(0.195090322016,0.980785280403,0.));
#17828 = PCURVE('',#6469,#17829);
#17829 = DEFINITIONAL_REPRESENTATION('',(#17830),#17834);
#17830 = LINE('',#17831,#17832);
#17831 = CARTESIAN_POINT('',(0.,0.));
#17832 = VECTOR('',#17833,1.);
#17833 = DIRECTION('',(1.,0.));
#17834 = ( GEOMETRIC_REPRESENTATION_CONTEXT(2) 
PARAMETRIC_REPRESENTATION_CONTEXT() REPRESENTATION_CONTEXT('2D SPACE',''
  ) );
#17835 = PCURVE('',#17028,#17836);
#17836 = DEFINITIONAL_REPRESENTATION('',(#17837),#17841);
#17837 = LINE('',#17838,#17839);
#17838 = CARTESIAN_POINT('',(1.586311778198,0.208841907552));
#17839 = VECTOR('',#17840,1.);
#17840 = DIRECTION('',(-0.195090322016,0.980785280403));
#17841 = ( GEOMETRIC_REPRESENTATION_CONTEXT(2) 
PARAMETRIC_REPRESENTATION_CONTEXT() REPRESENTATION_CONTEXT('2D SPACE',''
  ) );
#17842 = ADVANCED_FACE('',(#17843),#6441,.T.);
#17843 = FACE_BOUND('',#17844,.T.);
#17844 = EDGE_LOOP('',(#17845,#17868,#17869,#17870));
#17845 = ORIENTED_EDGE('',*,*,#17846,.T.);
#17846 = EDGE_CURVE('',#17847,#6398,#17849,.T.);
#17847 = VERTEX_POINT('',#17848);
#17848 = CARTESIAN_POINT('',(-16.4,7.95,0.));
#17849 = SURFACE_CURVE('',#17850,(#17854,#17861),.PCURVE_S1.);
#17850 = LINE('',#17851,#17852);
#17851 = CARTESIAN_POINT('',(-16.4,7.95,0.));
#17852 = VECTOR('',#17853,1.);
#17853 = DIRECTION('',(-0.,-0.,1.));
#17854 = PCURVE('',#6441,#17855);
#17855 = DEFINITIONAL_REPRESENTATION('',(#17856),#17860);
#17856 = LINE('',#17857,#17858);
#17857 = CARTESIAN_POINT('',(0.,0.));
#17858 = VECTOR('',#17859,1.);
#17859 = DIRECTION('',(0.,-1.));
#17860 = ( GEOMETRIC_REPRESENTATION_CONTEXT(2) 
PARAMETRIC_REPRESENTATION_CONTEXT() REPRESENTATION_CONTEXT('2D SPACE',''
  ) );
#17861 = PCURVE('',#6413,#17862);
#17862 = DEFINITIONAL_REPRESENTATION('',(#17863),#17867);
#17863 = LINE('',#17864,#17865);
#17864 = CARTESIAN_POINT('',(0.209290013536,0.));
#17865 = VECTOR('',#17866,1.);
#17866 = DIRECTION('',(0.,-1.));
#17867 = ( GEOMETRIC_REPRESENTATION_CONTEXT(2) 
PARAMETRIC_REPRESENTATION_CONTEXT() REPRESENTATION_CONTEXT('2D SPACE',''
  ) );
#17868 = ORIENTED_EDGE('',*,*,#6425,.T.);
#17869 = ORIENTED_EDGE('',*,*,#17797,.F.);
#17870 = ORIENTED_EDGE('',*,*,#17871,.F.);
#17871 = EDGE_CURVE('',#17847,#17798,#17872,.T.);
#17872 = SURFACE_CURVE('',#17873,(#17877,#17884),.PCURVE_S1.);
#17873 = LINE('',#17874,#17875);
#17874 = CARTESIAN_POINT('',(-16.4,7.95,0.));
#17875 = VECTOR('',#17876,1.);
#17876 = DIRECTION('',(6.540312923014E-02,0.997858923239,0.));
#17877 = PCURVE('',#6441,#17878);
#17878 = DEFINITIONAL_REPRESENTATION('',(#17879),#17883);
#17879 = LINE('',#17880,#17881);
#17880 = CARTESIAN_POINT('',(0.,0.));
#17881 = VECTOR('',#17882,1.);
#17882 = DIRECTION('',(1.,0.));
#17883 = ( GEOMETRIC_REPRESENTATION_CONTEXT(2) 
PARAMETRIC_REPRESENTATION_CONTEXT() REPRESENTATION_CONTEXT('2D SPACE',''
  ) );
#17884 = PCURVE('',#17028,#17885);
#17885 = DEFINITIONAL_REPRESENTATION('',(#17886),#17890);
#17886 = LINE('',#17887,#17888);
#17887 = CARTESIAN_POINT('',(1.6,-4.440892098501E-15));
#17888 = VECTOR('',#17889,1.);
#17889 = DIRECTION('',(-6.540312923014E-02,0.997858923239));
#17890 = ( GEOMETRIC_REPRESENTATION_CONTEXT(2) 
PARAMETRIC_REPRESENTATION_CONTEXT() REPRESENTATION_CONTEXT('2D SPACE',''
  ) );
#17891 = ADVANCED_FACE('',(#17892),#6413,.T.);
#17892 = FACE_BOUND('',#17893,.T.);
#17893 = EDGE_LOOP('',(#17894,#17917,#17918,#17919));
#17894 = ORIENTED_EDGE('',*,*,#17895,.T.);
#17895 = EDGE_CURVE('',#17896,#6370,#17898,.T.);
#17896 = VERTEX_POINT('',#17897);
#17897 = CARTESIAN_POINT('',(-16.38631177819,7.741158092448,0.));
#17898 = SURFACE_CURVE('',#17899,(#17903,#17910),.PCURVE_S1.);
#17899 = LINE('',#17900,#17901);
#17900 = CARTESIAN_POINT('',(-16.38631177819,7.741158092448,0.));
#17901 = VECTOR('',#17902,1.);
#17902 = DIRECTION('',(-0.,-0.,1.));
#17903 = PCURVE('',#6413,#17904);
#17904 = DEFINITIONAL_REPRESENTATION('',(#17905),#17909);
#17905 = LINE('',#17906,#17907);
#17906 = CARTESIAN_POINT('',(0.,0.));
#17907 = VECTOR('',#17908,1.);
#17908 = DIRECTION('',(0.,-1.));
#17909 = ( GEOMETRIC_REPRESENTATION_CONTEXT(2) 
PARAMETRIC_REPRESENTATION_CONTEXT() REPRESENTATION_CONTEXT('2D SPACE',''
  ) );
#17910 = PCURVE('',#6385,#17911);
#17911 = DEFINITIONAL_REPRESENTATION('',(#17912),#17916);
#17912 = LINE('',#17913,#17914);
#17913 = CARTESIAN_POINT('',(0.209290013536,0.));
#17914 = VECTOR('',#17915,1.);
#17915 = DIRECTION('',(0.,-1.));
#17916 = ( GEOMETRIC_REPRESENTATION_CONTEXT(2) 
PARAMETRIC_REPRESENTATION_CONTEXT() REPRESENTATION_CONTEXT('2D SPACE',''
  ) );
#17917 = ORIENTED_EDGE('',*,*,#6397,.T.);
#17918 = ORIENTED_EDGE('',*,*,#17846,.F.);
#17919 = ORIENTED_EDGE('',*,*,#17920,.F.);
#17920 = EDGE_CURVE('',#17896,#17847,#17921,.T.);
#17921 = SURFACE_CURVE('',#17922,(#17926,#17933),.PCURVE_S1.);
#17922 = LINE('',#17923,#17924);
#17923 = CARTESIAN_POINT('',(-16.38631177819,7.741158092448,0.));
#17924 = VECTOR('',#17925,1.);
#17925 = DIRECTION('',(-6.540312923014E-02,0.997858923239,0.));
#17926 = PCURVE('',#6413,#17927);
#17927 = DEFINITIONAL_REPRESENTATION('',(#17928),#17932);
#17928 = LINE('',#17929,#17930);
#17929 = CARTESIAN_POINT('',(0.,0.));
#17930 = VECTOR('',#17931,1.);
#17931 = DIRECTION('',(1.,0.));
#17932 = ( GEOMETRIC_REPRESENTATION_CONTEXT(2) 
PARAMETRIC_REPRESENTATION_CONTEXT() REPRESENTATION_CONTEXT('2D SPACE',''
  ) );
#17933 = PCURVE('',#17028,#17934);
#17934 = DEFINITIONAL_REPRESENTATION('',(#17935),#17939);
#17935 = LINE('',#17936,#17937);
#17936 = CARTESIAN_POINT('',(1.586311778198,-0.208841907552));
#17937 = VECTOR('',#17938,1.);
#17938 = DIRECTION('',(6.540312923014E-02,0.997858923239));
#17939 = ( GEOMETRIC_REPRESENTATION_CONTEXT(2) 
PARAMETRIC_REPRESENTATION_CONTEXT() REPRESENTATION_CONTEXT('2D SPACE',''
  ) );
#17940 = ADVANCED_FACE('',(#17941),#6385,.T.);
#17941 = FACE_BOUND('',#17942,.T.);
#17942 = EDGE_LOOP('',(#17943,#17966,#17967,#17968));
#17943 = ORIENTED_EDGE('',*,*,#17944,.T.);
#17944 = EDGE_CURVE('',#17945,#6342,#17947,.T.);
#17945 = VERTEX_POINT('',#17946);
#17946 = CARTESIAN_POINT('',(-16.34548132206,7.535889527836,0.));
#17947 = SURFACE_CURVE('',#17948,(#17952,#17959),.PCURVE_S1.);
#17948 = LINE('',#17949,#17950);
#17949 = CARTESIAN_POINT('',(-16.34548132206,7.535889527836,0.));
#17950 = VECTOR('',#17951,1.);
#17951 = DIRECTION('',(-0.,-0.,1.));
#17952 = PCURVE('',#6385,#17953);
#17953 = DEFINITIONAL_REPRESENTATION('',(#17954),#17958);
#17954 = LINE('',#17955,#17956);
#17955 = CARTESIAN_POINT('',(0.,0.));
#17956 = VECTOR('',#17957,1.);
#17957 = DIRECTION('',(0.,-1.));
#17958 = ( GEOMETRIC_REPRESENTATION_CONTEXT(2) 
PARAMETRIC_REPRESENTATION_CONTEXT() REPRESENTATION_CONTEXT('2D SPACE',''
  ) );
#17959 = PCURVE('',#6357,#17960);
#17960 = DEFINITIONAL_REPRESENTATION('',(#17961),#17965);
#17961 = LINE('',#17962,#17963);
#17962 = CARTESIAN_POINT('',(0.209290013536,0.));
#17963 = VECTOR('',#17964,1.);
#17964 = DIRECTION('',(0.,-1.));
#17965 = ( GEOMETRIC_REPRESENTATION_CONTEXT(2) 
PARAMETRIC_REPRESENTATION_CONTEXT() REPRESENTATION_CONTEXT('2D SPACE',''
  ) );
#17966 = ORIENTED_EDGE('',*,*,#6369,.T.);
#17967 = ORIENTED_EDGE('',*,*,#17895,.F.);
#17968 = ORIENTED_EDGE('',*,*,#17969,.F.);
#17969 = EDGE_CURVE('',#17945,#17896,#17970,.T.);
#17970 = SURFACE_CURVE('',#17971,(#17975,#17982),.PCURVE_S1.);
#17971 = LINE('',#17972,#17973);
#17972 = CARTESIAN_POINT('',(-16.34548132206,7.535889527836,0.));
#17973 = VECTOR('',#17974,1.);
#17974 = DIRECTION('',(-0.195090322016,0.980785280403,0.));
#17975 = PCURVE('',#6385,#17976);
#17976 = DEFINITIONAL_REPRESENTATION('',(#17977),#17981);
#17977 = LINE('',#17978,#17979);
#17978 = CARTESIAN_POINT('',(0.,0.));
#17979 = VECTOR('',#17980,1.);
#17980 = DIRECTION('',(1.,0.));
#17981 = ( GEOMETRIC_REPRESENTATION_CONTEXT(2) 
PARAMETRIC_REPRESENTATION_CONTEXT() REPRESENTATION_CONTEXT('2D SPACE',''
  ) );
#17982 = PCURVE('',#17028,#17983);
#17983 = DEFINITIONAL_REPRESENTATION('',(#17984),#17988);
#17984 = LINE('',#17985,#17986);
#17985 = CARTESIAN_POINT('',(1.545481322063,-0.414110472164));
#17986 = VECTOR('',#17987,1.);
#17987 = DIRECTION('',(0.195090322016,0.980785280403));
#17988 = ( GEOMETRIC_REPRESENTATION_CONTEXT(2) 
PARAMETRIC_REPRESENTATION_CONTEXT() REPRESENTATION_CONTEXT('2D SPACE',''
  ) );
#17989 = ADVANCED_FACE('',(#17990),#6357,.T.);
#17990 = FACE_BOUND('',#17991,.T.);
#17991 = EDGE_LOOP('',(#17992,#18015,#18016,#18017));
#17992 = ORIENTED_EDGE('',*,*,#17993,.T.);
#17993 = EDGE_CURVE('',#17994,#6314,#17996,.T.);
#17994 = VERTEX_POINT('',#17995);
#17995 = CARTESIAN_POINT('',(-16.27820725201,7.337706508216,0.));
#17996 = SURFACE_CURVE('',#17997,(#18001,#18008),.PCURVE_S1.);
#17997 = LINE('',#17998,#17999);
#17998 = CARTESIAN_POINT('',(-16.27820725201,7.337706508216,0.));
#17999 = VECTOR('',#18000,1.);
#18000 = DIRECTION('',(-0.,-0.,1.));
#18001 = PCURVE('',#6357,#18002);
#18002 = DEFINITIONAL_REPRESENTATION('',(#18003),#18007);
#18003 = LINE('',#18004,#18005);
#18004 = CARTESIAN_POINT('',(0.,0.));
#18005 = VECTOR('',#18006,1.);
#18006 = DIRECTION('',(0.,-1.));
#18007 = ( GEOMETRIC_REPRESENTATION_CONTEXT(2) 
PARAMETRIC_REPRESENTATION_CONTEXT() REPRESENTATION_CONTEXT('2D SPACE',''
  ) );
#18008 = PCURVE('',#6329,#18009);
#18009 = DEFINITIONAL_REPRESENTATION('',(#18010),#18014);
#18010 = LINE('',#18011,#18012);
#18011 = CARTESIAN_POINT('',(0.209290013536,0.));
#18012 = VECTOR('',#18013,1.);
#18013 = DIRECTION('',(0.,-1.));
#18014 = ( GEOMETRIC_REPRESENTATION_CONTEXT(2) 
PARAMETRIC_REPRESENTATION_CONTEXT() REPRESENTATION_CONTEXT('2D SPACE',''
  ) );
#18015 = ORIENTED_EDGE('',*,*,#6341,.T.);
#18016 = ORIENTED_EDGE('',*,*,#17944,.F.);
#18017 = ORIENTED_EDGE('',*,*,#18018,.F.);
#18018 = EDGE_CURVE('',#17994,#17945,#18019,.T.);
#18019 = SURFACE_CURVE('',#18020,(#18024,#18031),.PCURVE_S1.);
#18020 = LINE('',#18021,#18022);
#18021 = CARTESIAN_POINT('',(-16.27820725201,7.337706508216,0.));
#18022 = VECTOR('',#18023,1.);
#18023 = DIRECTION('',(-0.321439465303,0.946930129495,0.));
#18024 = PCURVE('',#6357,#18025);
#18025 = DEFINITIONAL_REPRESENTATION('',(#18026),#18030);
#18026 = LINE('',#18027,#18028);
#18027 = CARTESIAN_POINT('',(0.,0.));
#18028 = VECTOR('',#18029,1.);
#18029 = DIRECTION('',(1.,0.));
#18030 = ( GEOMETRIC_REPRESENTATION_CONTEXT(2) 
PARAMETRIC_REPRESENTATION_CONTEXT() REPRESENTATION_CONTEXT('2D SPACE',''
  ) );
#18031 = PCURVE('',#17028,#18032);
#18032 = DEFINITIONAL_REPRESENTATION('',(#18033),#18037);
#18033 = LINE('',#18034,#18035);
#18034 = CARTESIAN_POINT('',(1.478207252018,-0.612293491784));
#18035 = VECTOR('',#18036,1.);
#18036 = DIRECTION('',(0.321439465303,0.946930129495));
#18037 = ( GEOMETRIC_REPRESENTATION_CONTEXT(2) 
PARAMETRIC_REPRESENTATION_CONTEXT() REPRESENTATION_CONTEXT('2D SPACE',''
  ) );
#18038 = ADVANCED_FACE('',(#18039),#6329,.T.);
#18039 = FACE_BOUND('',#18040,.T.);
#18040 = EDGE_LOOP('',(#18041,#18064,#18065,#18066));
#18041 = ORIENTED_EDGE('',*,*,#18042,.T.);
#18042 = EDGE_CURVE('',#18043,#6286,#18045,.T.);
#18043 = VERTEX_POINT('',#18044);
#18044 = CARTESIAN_POINT('',(-16.18564064605,7.15,0.));
#18045 = SURFACE_CURVE('',#18046,(#18050,#18057),.PCURVE_S1.);
#18046 = LINE('',#18047,#18048);
#18047 = CARTESIAN_POINT('',(-16.18564064605,7.15,0.));
#18048 = VECTOR('',#18049,1.);
#18049 = DIRECTION('',(-0.,-0.,1.));
#18050 = PCURVE('',#6329,#18051);
#18051 = DEFINITIONAL_REPRESENTATION('',(#18052),#18056);
#18052 = LINE('',#18053,#18054);
#18053 = CARTESIAN_POINT('',(0.,0.));
#18054 = VECTOR('',#18055,1.);
#18055 = DIRECTION('',(0.,-1.));
#18056 = ( GEOMETRIC_REPRESENTATION_CONTEXT(2) 
PARAMETRIC_REPRESENTATION_CONTEXT() REPRESENTATION_CONTEXT('2D SPACE',''
  ) );
#18057 = PCURVE('',#6301,#18058);
#18058 = DEFINITIONAL_REPRESENTATION('',(#18059),#18063);
#18059 = LINE('',#18060,#18061);
#18060 = CARTESIAN_POINT('',(0.209290013536,0.));
#18061 = VECTOR('',#18062,1.);
#18062 = DIRECTION('',(0.,-1.));
#18063 = ( GEOMETRIC_REPRESENTATION_CONTEXT(2) 
PARAMETRIC_REPRESENTATION_CONTEXT() REPRESENTATION_CONTEXT('2D SPACE',''
  ) );
#18064 = ORIENTED_EDGE('',*,*,#6313,.T.);
#18065 = ORIENTED_EDGE('',*,*,#17993,.F.);
#18066 = ORIENTED_EDGE('',*,*,#18067,.F.);
#18067 = EDGE_CURVE('',#18043,#17994,#18068,.T.);
#18068 = SURFACE_CURVE('',#18069,(#18073,#18080),.PCURVE_S1.);
#18069 = LINE('',#18070,#18071);
#18070 = CARTESIAN_POINT('',(-16.18564064605,7.15,0.));
#18071 = VECTOR('',#18072,1.);
#18072 = DIRECTION('',(-0.442288690219,0.896872741533,0.));
#18073 = PCURVE('',#6329,#18074);
#18074 = DEFINITIONAL_REPRESENTATION('',(#18075),#18079);
#18075 = LINE('',#18076,#18077);
#18076 = CARTESIAN_POINT('',(0.,0.));
#18077 = VECTOR('',#18078,1.);
#18078 = DIRECTION('',(1.,0.));
#18079 = ( GEOMETRIC_REPRESENTATION_CONTEXT(2) 
PARAMETRIC_REPRESENTATION_CONTEXT() REPRESENTATION_CONTEXT('2D SPACE',''
  ) );
#18080 = PCURVE('',#17028,#18081);
#18081 = DEFINITIONAL_REPRESENTATION('',(#18082),#18086);
#18082 = LINE('',#18083,#18084);
#18083 = CARTESIAN_POINT('',(1.385640646055,-0.8));
#18084 = VECTOR('',#18085,1.);
#18085 = DIRECTION('',(0.442288690219,0.896872741533));
#18086 = ( GEOMETRIC_REPRESENTATION_CONTEXT(2) 
PARAMETRIC_REPRESENTATION_CONTEXT() REPRESENTATION_CONTEXT('2D SPACE',''
  ) );
#18087 = ADVANCED_FACE('',(#18088),#6301,.T.);
#18088 = FACE_BOUND('',#18089,.T.);
#18089 = EDGE_LOOP('',(#18090,#18113,#18114,#18115));
#18090 = ORIENTED_EDGE('',*,*,#18091,.T.);
#18091 = EDGE_CURVE('',#18092,#6258,#18094,.T.);
#18092 = VERTEX_POINT('',#18093);
#18093 = CARTESIAN_POINT('',(-16.06936534446,6.975981713586,0.));
#18094 = SURFACE_CURVE('',#18095,(#18099,#18106),.PCURVE_S1.);
#18095 = LINE('',#18096,#18097);
#18096 = CARTESIAN_POINT('',(-16.06936534446,6.975981713586,0.));
#18097 = VECTOR('',#18098,1.);
#18098 = DIRECTION('',(-0.,-0.,1.));
#18099 = PCURVE('',#6301,#18100);
#18100 = DEFINITIONAL_REPRESENTATION('',(#18101),#18105);
#18101 = LINE('',#18102,#18103);
#18102 = CARTESIAN_POINT('',(0.,0.));
#18103 = VECTOR('',#18104,1.);
#18104 = DIRECTION('',(0.,-1.));
#18105 = ( GEOMETRIC_REPRESENTATION_CONTEXT(2) 
PARAMETRIC_REPRESENTATION_CONTEXT() REPRESENTATION_CONTEXT('2D SPACE',''
  ) );
#18106 = PCURVE('',#6273,#18107);
#18107 = DEFINITIONAL_REPRESENTATION('',(#18108),#18112);
#18108 = LINE('',#18109,#18110);
#18109 = CARTESIAN_POINT('',(0.209290013536,0.));
#18110 = VECTOR('',#18111,1.);
#18111 = DIRECTION('',(0.,-1.));
#18112 = ( GEOMETRIC_REPRESENTATION_CONTEXT(2) 
PARAMETRIC_REPRESENTATION_CONTEXT() REPRESENTATION_CONTEXT('2D SPACE',''
  ) );
#18113 = ORIENTED_EDGE('',*,*,#6285,.T.);
#18114 = ORIENTED_EDGE('',*,*,#18042,.F.);
#18115 = ORIENTED_EDGE('',*,*,#18116,.F.);
#18116 = EDGE_CURVE('',#18092,#18043,#18117,.T.);
#18117 = SURFACE_CURVE('',#18118,(#18122,#18129),.PCURVE_S1.);
#18118 = LINE('',#18119,#18120);
#18119 = CARTESIAN_POINT('',(-16.06936534446,6.975981713586,0.));
#18120 = VECTOR('',#18121,1.);
#18121 = DIRECTION('',(-0.55557023302,0.831469612303,0.));
#18122 = PCURVE('',#6301,#18123);
#18123 = DEFINITIONAL_REPRESENTATION('',(#18124),#18128);
#18124 = LINE('',#18125,#18126);
#18125 = CARTESIAN_POINT('',(0.,0.));
#18126 = VECTOR('',#18127,1.);
#18127 = DIRECTION('',(1.,0.));
#18128 = ( GEOMETRIC_REPRESENTATION_CONTEXT(2) 
PARAMETRIC_REPRESENTATION_CONTEXT() REPRESENTATION_CONTEXT('2D SPACE',''
  ) );
#18129 = PCURVE('',#17028,#18130);
#18130 = DEFINITIONAL_REPRESENTATION('',(#18131),#18135);
#18131 = LINE('',#18132,#18133);
#18132 = CARTESIAN_POINT('',(1.269365344466,-0.974018286414));
#18133 = VECTOR('',#18134,1.);
#18134 = DIRECTION('',(0.55557023302,0.831469612303));
#18135 = ( GEOMETRIC_REPRESENTATION_CONTEXT(2) 
PARAMETRIC_REPRESENTATION_CONTEXT() REPRESENTATION_CONTEXT('2D SPACE',''
  ) );
#18136 = ADVANCED_FACE('',(#18137),#6273,.T.);
#18137 = FACE_BOUND('',#18138,.T.);
#18138 = EDGE_LOOP('',(#18139,#18162,#18163,#18164));
#18139 = ORIENTED_EDGE('',*,*,#18140,.T.);
#18140 = EDGE_CURVE('',#18141,#6230,#18143,.T.);
#18141 = VERTEX_POINT('',#18142);
#18142 = CARTESIAN_POINT('',(-15.93137084989,6.818629150102,0.));
#18143 = SURFACE_CURVE('',#18144,(#18148,#18155),.PCURVE_S1.);
#18144 = LINE('',#18145,#18146);
#18145 = CARTESIAN_POINT('',(-15.93137084989,6.818629150102,0.));
#18146 = VECTOR('',#18147,1.);
#18147 = DIRECTION('',(-0.,-0.,1.));
#18148 = PCURVE('',#6273,#18149);
#18149 = DEFINITIONAL_REPRESENTATION('',(#18150),#18154);
#18150 = LINE('',#18151,#18152);
#18151 = CARTESIAN_POINT('',(0.,0.));
#18152 = VECTOR('',#18153,1.);
#18153 = DIRECTION('',(0.,-1.));
#18154 = ( GEOMETRIC_REPRESENTATION_CONTEXT(2) 
PARAMETRIC_REPRESENTATION_CONTEXT() REPRESENTATION_CONTEXT('2D SPACE',''
  ) );
#18155 = PCURVE('',#6245,#18156);
#18156 = DEFINITIONAL_REPRESENTATION('',(#18157),#18161);
#18157 = LINE('',#18158,#18159);
#18158 = CARTESIAN_POINT('',(0.209290013536,0.));
#18159 = VECTOR('',#18160,1.);
#18160 = DIRECTION('',(0.,-1.));
#18161 = ( GEOMETRIC_REPRESENTATION_CONTEXT(2) 
PARAMETRIC_REPRESENTATION_CONTEXT() REPRESENTATION_CONTEXT('2D SPACE',''
  ) );
#18162 = ORIENTED_EDGE('',*,*,#6257,.T.);
#18163 = ORIENTED_EDGE('',*,*,#18091,.F.);
#18164 = ORIENTED_EDGE('',*,*,#18165,.F.);
#18165 = EDGE_CURVE('',#18141,#18092,#18166,.T.);
#18166 = SURFACE_CURVE('',#18167,(#18171,#18178),.PCURVE_S1.);
#18167 = LINE('',#18168,#18169);
#18168 = CARTESIAN_POINT('',(-15.93137084989,6.818629150102,0.));
#18169 = VECTOR('',#18170,1.);
#18170 = DIRECTION('',(-0.6593458151,0.751839807479,0.));
#18171 = PCURVE('',#6273,#18172);
#18172 = DEFINITIONAL_REPRESENTATION('',(#18173),#18177);
#18173 = LINE('',#18174,#18175);
#18174 = CARTESIAN_POINT('',(0.,0.));
#18175 = VECTOR('',#18176,1.);
#18176 = DIRECTION('',(1.,0.));
#18177 = ( GEOMETRIC_REPRESENTATION_CONTEXT(2) 
PARAMETRIC_REPRESENTATION_CONTEXT() REPRESENTATION_CONTEXT('2D SPACE',''
  ) );
#18178 = PCURVE('',#17028,#18179);
#18179 = DEFINITIONAL_REPRESENTATION('',(#18180),#18184);
#18180 = LINE('',#18181,#18182);
#18181 = CARTESIAN_POINT('',(1.131370849898,-1.131370849898));
#18182 = VECTOR('',#18183,1.);
#18183 = DIRECTION('',(0.6593458151,0.751839807479));
#18184 = ( GEOMETRIC_REPRESENTATION_CONTEXT(2) 
PARAMETRIC_REPRESENTATION_CONTEXT() REPRESENTATION_CONTEXT('2D SPACE',''
  ) );
#18185 = ADVANCED_FACE('',(#18186),#6245,.T.);
#18186 = FACE_BOUND('',#18187,.T.);
#18187 = EDGE_LOOP('',(#18188,#18211,#18212,#18213));
#18188 = ORIENTED_EDGE('',*,*,#18189,.T.);
#18189 = EDGE_CURVE('',#18190,#6202,#18192,.T.);
#18190 = VERTEX_POINT('',#18191);
#18191 = CARTESIAN_POINT('',(-15.77401828641,6.680634655534,0.));
#18192 = SURFACE_CURVE('',#18193,(#18197,#18204),.PCURVE_S1.);
#18193 = LINE('',#18194,#18195);
#18194 = CARTESIAN_POINT('',(-15.77401828641,6.680634655534,0.));
#18195 = VECTOR('',#18196,1.);
#18196 = DIRECTION('',(-0.,-0.,1.));
#18197 = PCURVE('',#6245,#18198);
#18198 = DEFINITIONAL_REPRESENTATION('',(#18199),#18203);
#18199 = LINE('',#18200,#18201);
#18200 = CARTESIAN_POINT('',(0.,0.));
#18201 = VECTOR('',#18202,1.);
#18202 = DIRECTION('',(0.,-1.));
#18203 = ( GEOMETRIC_REPRESENTATION_CONTEXT(2) 
PARAMETRIC_REPRESENTATION_CONTEXT() REPRESENTATION_CONTEXT('2D SPACE',''
  ) );
#18204 = PCURVE('',#6217,#18205);
#18205 = DEFINITIONAL_REPRESENTATION('',(#18206),#18210);
#18206 = LINE('',#18207,#18208);
#18207 = CARTESIAN_POINT('',(0.209290013536,0.));
#18208 = VECTOR('',#18209,1.);
#18209 = DIRECTION('',(0.,-1.));
#18210 = ( GEOMETRIC_REPRESENTATION_CONTEXT(2) 
PARAMETRIC_REPRESENTATION_CONTEXT() REPRESENTATION_CONTEXT('2D SPACE',''
  ) );
#18211 = ORIENTED_EDGE('',*,*,#6229,.T.);
#18212 = ORIENTED_EDGE('',*,*,#18140,.F.);
#18213 = ORIENTED_EDGE('',*,*,#18214,.F.);
#18214 = EDGE_CURVE('',#18190,#18141,#18215,.T.);
#18215 = SURFACE_CURVE('',#18216,(#18220,#18227),.PCURVE_S1.);
#18216 = LINE('',#18217,#18218);
#18217 = CARTESIAN_POINT('',(-15.77401828641,6.680634655534,0.));
#18218 = VECTOR('',#18219,1.);
#18219 = DIRECTION('',(-0.751839807479,0.6593458151,0.));
#18220 = PCURVE('',#6245,#18221);
#18221 = DEFINITIONAL_REPRESENTATION('',(#18222),#18226);
#18222 = LINE('',#18223,#18224);
#18223 = CARTESIAN_POINT('',(0.,0.));
#18224 = VECTOR('',#18225,1.);
#18225 = DIRECTION('',(1.,0.));
#18226 = ( GEOMETRIC_REPRESENTATION_CONTEXT(2) 
PARAMETRIC_REPRESENTATION_CONTEXT() REPRESENTATION_CONTEXT('2D SPACE',''
  ) );
#18227 = PCURVE('',#17028,#18228);
#18228 = DEFINITIONAL_REPRESENTATION('',(#18229),#18233);
#18229 = LINE('',#18230,#18231);
#18230 = CARTESIAN_POINT('',(0.974018286414,-1.269365344466));
#18231 = VECTOR('',#18232,1.);
#18232 = DIRECTION('',(0.751839807479,0.6593458151));
#18233 = ( GEOMETRIC_REPRESENTATION_CONTEXT(2) 
PARAMETRIC_REPRESENTATION_CONTEXT() REPRESENTATION_CONTEXT('2D SPACE',''
  ) );
#18234 = ADVANCED_FACE('',(#18235),#6217,.T.);
#18235 = FACE_BOUND('',#18236,.T.);
#18236 = EDGE_LOOP('',(#18237,#18260,#18261,#18262));
#18237 = ORIENTED_EDGE('',*,*,#18238,.T.);
#18238 = EDGE_CURVE('',#18239,#6174,#18241,.T.);
#18239 = VERTEX_POINT('',#18240);
#18240 = CARTESIAN_POINT('',(-15.6,6.564359353945,0.));
#18241 = SURFACE_CURVE('',#18242,(#18246,#18253),.PCURVE_S1.);
#18242 = LINE('',#18243,#18244);
#18243 = CARTESIAN_POINT('',(-15.6,6.564359353945,0.));
#18244 = VECTOR('',#18245,1.);
#18245 = DIRECTION('',(-0.,-0.,1.));
#18246 = PCURVE('',#6217,#18247);
#18247 = DEFINITIONAL_REPRESENTATION('',(#18248),#18252);
#18248 = LINE('',#18249,#18250);
#18249 = CARTESIAN_POINT('',(0.,0.));
#18250 = VECTOR('',#18251,1.);
#18251 = DIRECTION('',(0.,-1.));
#18252 = ( GEOMETRIC_REPRESENTATION_CONTEXT(2) 
PARAMETRIC_REPRESENTATION_CONTEXT() REPRESENTATION_CONTEXT('2D SPACE',''
  ) );
#18253 = PCURVE('',#6189,#18254);
#18254 = DEFINITIONAL_REPRESENTATION('',(#18255),#18259);
#18255 = LINE('',#18256,#18257);
#18256 = CARTESIAN_POINT('',(0.209290013536,0.));
#18257 = VECTOR('',#18258,1.);
#18258 = DIRECTION('',(0.,-1.));
#18259 = ( GEOMETRIC_REPRESENTATION_CONTEXT(2) 
PARAMETRIC_REPRESENTATION_CONTEXT() REPRESENTATION_CONTEXT('2D SPACE',''
  ) );
#18260 = ORIENTED_EDGE('',*,*,#6201,.T.);
#18261 = ORIENTED_EDGE('',*,*,#18189,.F.);
#18262 = ORIENTED_EDGE('',*,*,#18263,.F.);
#18263 = EDGE_CURVE('',#18239,#18190,#18264,.T.);
#18264 = SURFACE_CURVE('',#18265,(#18269,#18276),.PCURVE_S1.);
#18265 = LINE('',#18266,#18267);
#18266 = CARTESIAN_POINT('',(-15.6,6.564359353945,0.));
#18267 = VECTOR('',#18268,1.);
#18268 = DIRECTION('',(-0.831469612303,0.55557023302,0.));
#18269 = PCURVE('',#6217,#18270);
#18270 = DEFINITIONAL_REPRESENTATION('',(#18271),#18275);
#18271 = LINE('',#18272,#18273);
#18272 = CARTESIAN_POINT('',(0.,0.));
#18273 = VECTOR('',#18274,1.);
#18274 = DIRECTION('',(1.,0.));
#18275 = ( GEOMETRIC_REPRESENTATION_CONTEXT(2) 
PARAMETRIC_REPRESENTATION_CONTEXT() REPRESENTATION_CONTEXT('2D SPACE',''
  ) );
#18276 = PCURVE('',#17028,#18277);
#18277 = DEFINITIONAL_REPRESENTATION('',(#18278),#18282);
#18278 = LINE('',#18279,#18280);
#18279 = CARTESIAN_POINT('',(0.8,-1.385640646055));
#18280 = VECTOR('',#18281,1.);
#18281 = DIRECTION('',(0.831469612303,0.55557023302));
#18282 = ( GEOMETRIC_REPRESENTATION_CONTEXT(2) 
PARAMETRIC_REPRESENTATION_CONTEXT() REPRESENTATION_CONTEXT('2D SPACE',''
  ) );
#18283 = ADVANCED_FACE('',(#18284),#6189,.T.);
#18284 = FACE_BOUND('',#18285,.T.);
#18285 = EDGE_LOOP('',(#18286,#18309,#18310,#18311));
#18286 = ORIENTED_EDGE('',*,*,#18287,.T.);
#18287 = EDGE_CURVE('',#18288,#6146,#18290,.T.);
#18288 = VERTEX_POINT('',#18289);
#18289 = CARTESIAN_POINT('',(-15.41229349178,6.471792747982,0.));
#18290 = SURFACE_CURVE('',#18291,(#18295,#18302),.PCURVE_S1.);
#18291 = LINE('',#18292,#18293);
#18292 = CARTESIAN_POINT('',(-15.41229349178,6.471792747982,0.));
#18293 = VECTOR('',#18294,1.);
#18294 = DIRECTION('',(-0.,-0.,1.));
#18295 = PCURVE('',#6189,#18296);
#18296 = DEFINITIONAL_REPRESENTATION('',(#18297),#18301);
#18297 = LINE('',#18298,#18299);
#18298 = CARTESIAN_POINT('',(0.,0.));
#18299 = VECTOR('',#18300,1.);
#18300 = DIRECTION('',(0.,-1.));
#18301 = ( GEOMETRIC_REPRESENTATION_CONTEXT(2) 
PARAMETRIC_REPRESENTATION_CONTEXT() REPRESENTATION_CONTEXT('2D SPACE',''
  ) );
#18302 = PCURVE('',#6161,#18303);
#18303 = DEFINITIONAL_REPRESENTATION('',(#18304),#18308);
#18304 = LINE('',#18305,#18306);
#18305 = CARTESIAN_POINT('',(0.209290013536,0.));
#18306 = VECTOR('',#18307,1.);
#18307 = DIRECTION('',(0.,-1.));
#18308 = ( GEOMETRIC_REPRESENTATION_CONTEXT(2) 
PARAMETRIC_REPRESENTATION_CONTEXT() REPRESENTATION_CONTEXT('2D SPACE',''
  ) );
#18309 = ORIENTED_EDGE('',*,*,#6173,.T.);
#18310 = ORIENTED_EDGE('',*,*,#18238,.F.);
#18311 = ORIENTED_EDGE('',*,*,#18312,.F.);
#18312 = EDGE_CURVE('',#18288,#18239,#18313,.T.);
#18313 = SURFACE_CURVE('',#18314,(#18318,#18325),.PCURVE_S1.);
#18314 = LINE('',#18315,#18316);
#18315 = CARTESIAN_POINT('',(-15.41229349178,6.471792747982,0.));
#18316 = VECTOR('',#18317,1.);
#18317 = DIRECTION('',(-0.896872741533,0.442288690219,0.));
#18318 = PCURVE('',#6189,#18319);
#18319 = DEFINITIONAL_REPRESENTATION('',(#18320),#18324);
#18320 = LINE('',#18321,#18322);
#18321 = CARTESIAN_POINT('',(0.,0.));
#18322 = VECTOR('',#18323,1.);
#18323 = DIRECTION('',(1.,0.));
#18324 = ( GEOMETRIC_REPRESENTATION_CONTEXT(2) 
PARAMETRIC_REPRESENTATION_CONTEXT() REPRESENTATION_CONTEXT('2D SPACE',''
  ) );
#18325 = PCURVE('',#17028,#18326);
#18326 = DEFINITIONAL_REPRESENTATION('',(#18327),#18331);
#18327 = LINE('',#18328,#18329);
#18328 = CARTESIAN_POINT('',(0.612293491784,-1.478207252018));
#18329 = VECTOR('',#18330,1.);
#18330 = DIRECTION('',(0.896872741533,0.442288690219));
#18331 = ( GEOMETRIC_REPRESENTATION_CONTEXT(2) 
PARAMETRIC_REPRESENTATION_CONTEXT() REPRESENTATION_CONTEXT('2D SPACE',''
  ) );
#18332 = ADVANCED_FACE('',(#18333),#6161,.T.);
#18333 = FACE_BOUND('',#18334,.T.);
#18334 = EDGE_LOOP('',(#18335,#18358,#18359,#18360));
#18335 = ORIENTED_EDGE('',*,*,#18336,.T.);
#18336 = EDGE_CURVE('',#18337,#6118,#18339,.T.);
#18337 = VERTEX_POINT('',#18338);
#18338 = CARTESIAN_POINT('',(-15.21411047216,6.404518677937,0.));
#18339 = SURFACE_CURVE('',#18340,(#18344,#18351),.PCURVE_S1.);
#18340 = LINE('',#18341,#18342);
#18341 = CARTESIAN_POINT('',(-15.21411047216,6.404518677937,0.));
#18342 = VECTOR('',#18343,1.);
#18343 = DIRECTION('',(-0.,-0.,1.));
#18344 = PCURVE('',#6161,#18345);
#18345 = DEFINITIONAL_REPRESENTATION('',(#18346),#18350);
#18346 = LINE('',#18347,#18348);
#18347 = CARTESIAN_POINT('',(0.,0.));
#18348 = VECTOR('',#18349,1.);
#18349 = DIRECTION('',(0.,-1.));
#18350 = ( GEOMETRIC_REPRESENTATION_CONTEXT(2) 
PARAMETRIC_REPRESENTATION_CONTEXT() REPRESENTATION_CONTEXT('2D SPACE',''
  ) );
#18351 = PCURVE('',#6133,#18352);
#18352 = DEFINITIONAL_REPRESENTATION('',(#18353),#18357);
#18353 = LINE('',#18354,#18355);
#18354 = CARTESIAN_POINT('',(0.209290013536,0.));
#18355 = VECTOR('',#18356,1.);
#18356 = DIRECTION('',(0.,-1.));
#18357 = ( GEOMETRIC_REPRESENTATION_CONTEXT(2) 
PARAMETRIC_REPRESENTATION_CONTEXT() REPRESENTATION_CONTEXT('2D SPACE',''
  ) );
#18358 = ORIENTED_EDGE('',*,*,#6145,.T.);
#18359 = ORIENTED_EDGE('',*,*,#18287,.F.);
#18360 = ORIENTED_EDGE('',*,*,#18361,.F.);
#18361 = EDGE_CURVE('',#18337,#18288,#18362,.T.);
#18362 = SURFACE_CURVE('',#18363,(#18367,#18374),.PCURVE_S1.);
#18363 = LINE('',#18364,#18365);
#18364 = CARTESIAN_POINT('',(-15.21411047216,6.404518677937,0.));
#18365 = VECTOR('',#18366,1.);
#18366 = DIRECTION('',(-0.946930129495,0.321439465303,0.));
#18367 = PCURVE('',#6161,#18368);
#18368 = DEFINITIONAL_REPRESENTATION('',(#18369),#18373);
#18369 = LINE('',#18370,#18371);
#18370 = CARTESIAN_POINT('',(0.,0.));
#18371 = VECTOR('',#18372,1.);
#18372 = DIRECTION('',(1.,0.));
#18373 = ( GEOMETRIC_REPRESENTATION_CONTEXT(2) 
PARAMETRIC_REPRESENTATION_CONTEXT() REPRESENTATION_CONTEXT('2D SPACE',''
  ) );
#18374 = PCURVE('',#17028,#18375);
#18375 = DEFINITIONAL_REPRESENTATION('',(#18376),#18380);
#18376 = LINE('',#18377,#18378);
#18377 = CARTESIAN_POINT('',(0.414110472164,-1.545481322063));
#18378 = VECTOR('',#18379,1.);
#18379 = DIRECTION('',(0.946930129495,0.321439465303));
#18380 = ( GEOMETRIC_REPRESENTATION_CONTEXT(2) 
PARAMETRIC_REPRESENTATION_CONTEXT() REPRESENTATION_CONTEXT('2D SPACE',''
  ) );
#18381 = ADVANCED_FACE('',(#18382),#6133,.T.);
#18382 = FACE_BOUND('',#18383,.T.);
#18383 = EDGE_LOOP('',(#18384,#18407,#18408,#18409));
#18384 = ORIENTED_EDGE('',*,*,#18385,.T.);
#18385 = EDGE_CURVE('',#18386,#6090,#18388,.T.);
#18386 = VERTEX_POINT('',#18387);
#18387 = CARTESIAN_POINT('',(-15.00884190755,6.363688221802,0.));
#18388 = SURFACE_CURVE('',#18389,(#18393,#18400),.PCURVE_S1.);
#18389 = LINE('',#18390,#18391);
#18390 = CARTESIAN_POINT('',(-15.00884190755,6.363688221802,0.));
#18391 = VECTOR('',#18392,1.);
#18392 = DIRECTION('',(-0.,-0.,1.));
#18393 = PCURVE('',#6133,#18394);
#18394 = DEFINITIONAL_REPRESENTATION('',(#18395),#18399);
#18395 = LINE('',#18396,#18397);
#18396 = CARTESIAN_POINT('',(0.,0.));
#18397 = VECTOR('',#18398,1.);
#18398 = DIRECTION('',(0.,-1.));
#18399 = ( GEOMETRIC_REPRESENTATION_CONTEXT(2) 
PARAMETRIC_REPRESENTATION_CONTEXT() REPRESENTATION_CONTEXT('2D SPACE',''
  ) );
#18400 = PCURVE('',#6105,#18401);
#18401 = DEFINITIONAL_REPRESENTATION('',(#18402),#18406);
#18402 = LINE('',#18403,#18404);
#18403 = CARTESIAN_POINT('',(0.209290013536,0.));
#18404 = VECTOR('',#18405,1.);
#18405 = DIRECTION('',(0.,-1.));
#18406 = ( GEOMETRIC_REPRESENTATION_CONTEXT(2) 
PARAMETRIC_REPRESENTATION_CONTEXT() REPRESENTATION_CONTEXT('2D SPACE',''
  ) );
#18407 = ORIENTED_EDGE('',*,*,#6117,.T.);
#18408 = ORIENTED_EDGE('',*,*,#18336,.F.);
#18409 = ORIENTED_EDGE('',*,*,#18410,.F.);
#18410 = EDGE_CURVE('',#18386,#18337,#18411,.T.);
#18411 = SURFACE_CURVE('',#18412,(#18416,#18423),.PCURVE_S1.);
#18412 = LINE('',#18413,#18414);
#18413 = CARTESIAN_POINT('',(-15.00884190755,6.363688221802,0.));
#18414 = VECTOR('',#18415,1.);
#18415 = DIRECTION('',(-0.980785280403,0.195090322016,0.));
#18416 = PCURVE('',#6133,#18417);
#18417 = DEFINITIONAL_REPRESENTATION('',(#18418),#18422);
#18418 = LINE('',#18419,#18420);
#18419 = CARTESIAN_POINT('',(0.,0.));
#18420 = VECTOR('',#18421,1.);
#18421 = DIRECTION('',(1.,0.));
#18422 = ( GEOMETRIC_REPRESENTATION_CONTEXT(2) 
PARAMETRIC_REPRESENTATION_CONTEXT() REPRESENTATION_CONTEXT('2D SPACE',''
  ) );
#18423 = PCURVE('',#17028,#18424);
#18424 = DEFINITIONAL_REPRESENTATION('',(#18425),#18429);
#18425 = LINE('',#18426,#18427);
#18426 = CARTESIAN_POINT('',(0.208841907552,-1.586311778198));
#18427 = VECTOR('',#18428,1.);
#18428 = DIRECTION('',(0.980785280403,0.195090322016));
#18429 = ( GEOMETRIC_REPRESENTATION_CONTEXT(2) 
PARAMETRIC_REPRESENTATION_CONTEXT() REPRESENTATION_CONTEXT('2D SPACE',''
  ) );
#18430 = ADVANCED_FACE('',(#18431),#6105,.T.);
#18431 = FACE_BOUND('',#18432,.T.);
#18432 = EDGE_LOOP('',(#18433,#18456,#18457,#18458));
#18433 = ORIENTED_EDGE('',*,*,#18434,.T.);
#18434 = EDGE_CURVE('',#18435,#6062,#18437,.T.);
#18435 = VERTEX_POINT('',#18436);
#18436 = CARTESIAN_POINT('',(-14.8,6.35,0.));
#18437 = SURFACE_CURVE('',#18438,(#18442,#18449),.PCURVE_S1.);
#18438 = LINE('',#18439,#18440);
#18439 = CARTESIAN_POINT('',(-14.8,6.35,0.));
#18440 = VECTOR('',#18441,1.);
#18441 = DIRECTION('',(-0.,-0.,1.));
#18442 = PCURVE('',#6105,#18443);
#18443 = DEFINITIONAL_REPRESENTATION('',(#18444),#18448);
#18444 = LINE('',#18445,#18446);
#18445 = CARTESIAN_POINT('',(0.,0.));
#18446 = VECTOR('',#18447,1.);
#18447 = DIRECTION('',(0.,-1.));
#18448 = ( GEOMETRIC_REPRESENTATION_CONTEXT(2) 
PARAMETRIC_REPRESENTATION_CONTEXT() REPRESENTATION_CONTEXT('2D SPACE',''
  ) );
#18449 = PCURVE('',#6077,#18450);
#18450 = DEFINITIONAL_REPRESENTATION('',(#18451),#18455);
#18451 = LINE('',#18452,#18453);
#18452 = CARTESIAN_POINT('',(0.209290013536,0.));
#18453 = VECTOR('',#18454,1.);
#18454 = DIRECTION('',(0.,-1.));
#18455 = ( GEOMETRIC_REPRESENTATION_CONTEXT(2) 
PARAMETRIC_REPRESENTATION_CONTEXT() REPRESENTATION_CONTEXT('2D SPACE',''
  ) );
#18456 = ORIENTED_EDGE('',*,*,#6089,.T.);
#18457 = ORIENTED_EDGE('',*,*,#18385,.F.);
#18458 = ORIENTED_EDGE('',*,*,#18459,.F.);
#18459 = EDGE_CURVE('',#18435,#18386,#18460,.T.);
#18460 = SURFACE_CURVE('',#18461,(#18465,#18472),.PCURVE_S1.);
#18461 = LINE('',#18462,#18463);
#18462 = CARTESIAN_POINT('',(-14.8,6.35,0.));
#18463 = VECTOR('',#18464,1.);
#18464 = DIRECTION('',(-0.997858923239,6.540312923014E-02,0.));
#18465 = PCURVE('',#6105,#18466);
#18466 = DEFINITIONAL_REPRESENTATION('',(#18467),#18471);
#18467 = LINE('',#18468,#18469);
#18468 = CARTESIAN_POINT('',(0.,0.));
#18469 = VECTOR('',#18470,1.);
#18470 = DIRECTION('',(1.,0.));
#18471 = ( GEOMETRIC_REPRESENTATION_CONTEXT(2) 
PARAMETRIC_REPRESENTATION_CONTEXT() REPRESENTATION_CONTEXT('2D SPACE',''
  ) );
#18472 = PCURVE('',#17028,#18473);
#18473 = DEFINITIONAL_REPRESENTATION('',(#18474),#18478);
#18474 = LINE('',#18475,#18476);
#18475 = CARTESIAN_POINT('',(-8.881784197001E-15,-1.6));
#18476 = VECTOR('',#18477,1.);
#18477 = DIRECTION('',(0.997858923239,6.540312923014E-02));
#18478 = ( GEOMETRIC_REPRESENTATION_CONTEXT(2) 
PARAMETRIC_REPRESENTATION_CONTEXT() REPRESENTATION_CONTEXT('2D SPACE',''
  ) );
#18479 = ADVANCED_FACE('',(#18480),#6077,.T.);
#18480 = FACE_BOUND('',#18481,.T.);
#18481 = EDGE_LOOP('',(#18482,#18505,#18506,#18507));
#18482 = ORIENTED_EDGE('',*,*,#18483,.T.);
#18483 = EDGE_CURVE('',#18484,#6034,#18486,.T.);
#18484 = VERTEX_POINT('',#18485);
#18485 = CARTESIAN_POINT('',(-14.59115809244,6.363688221802,0.));
#18486 = SURFACE_CURVE('',#18487,(#18491,#18498),.PCURVE_S1.);
#18487 = LINE('',#18488,#18489);
#18488 = CARTESIAN_POINT('',(-14.59115809244,6.363688221802,0.));
#18489 = VECTOR('',#18490,1.);
#18490 = DIRECTION('',(-0.,-0.,1.));
#18491 = PCURVE('',#6077,#18492);
#18492 = DEFINITIONAL_REPRESENTATION('',(#18493),#18497);
#18493 = LINE('',#18494,#18495);
#18494 = CARTESIAN_POINT('',(0.,0.));
#18495 = VECTOR('',#18496,1.);
#18496 = DIRECTION('',(0.,-1.));
#18497 = ( GEOMETRIC_REPRESENTATION_CONTEXT(2) 
PARAMETRIC_REPRESENTATION_CONTEXT() REPRESENTATION_CONTEXT('2D SPACE',''
  ) );
#18498 = PCURVE('',#6049,#18499);
#18499 = DEFINITIONAL_REPRESENTATION('',(#18500),#18504);
#18500 = LINE('',#18501,#18502);
#18501 = CARTESIAN_POINT('',(0.209290013536,0.));
#18502 = VECTOR('',#18503,1.);
#18503 = DIRECTION('',(0.,-1.));
#18504 = ( GEOMETRIC_REPRESENTATION_CONTEXT(2) 
PARAMETRIC_REPRESENTATION_CONTEXT() REPRESENTATION_CONTEXT('2D SPACE',''
  ) );
#18505 = ORIENTED_EDGE('',*,*,#6061,.T.);
#18506 = ORIENTED_EDGE('',*,*,#18434,.F.);
#18507 = ORIENTED_EDGE('',*,*,#18508,.F.);
#18508 = EDGE_CURVE('',#18484,#18435,#18509,.T.);
#18509 = SURFACE_CURVE('',#18510,(#18514,#18521),.PCURVE_S1.);
#18510 = LINE('',#18511,#18512);
#18511 = CARTESIAN_POINT('',(-14.59115809244,6.363688221802,0.));
#18512 = VECTOR('',#18513,1.);
#18513 = DIRECTION('',(-0.997858923239,-6.540312923015E-02,0.));
#18514 = PCURVE('',#6077,#18515);
#18515 = DEFINITIONAL_REPRESENTATION('',(#18516),#18520);
#18516 = LINE('',#18517,#18518);
#18517 = CARTESIAN_POINT('',(0.,0.));
#18518 = VECTOR('',#18519,1.);
#18519 = DIRECTION('',(1.,0.));
#18520 = ( GEOMETRIC_REPRESENTATION_CONTEXT(2) 
PARAMETRIC_REPRESENTATION_CONTEXT() REPRESENTATION_CONTEXT('2D SPACE',''
  ) );
#18521 = PCURVE('',#17028,#18522);
#18522 = DEFINITIONAL_REPRESENTATION('',(#18523),#18527);
#18523 = LINE('',#18524,#18525);
#18524 = CARTESIAN_POINT('',(-0.208841907552,-1.586311778198));
#18525 = VECTOR('',#18526,1.);
#18526 = DIRECTION('',(0.997858923239,-6.540312923015E-02));
#18527 = ( GEOMETRIC_REPRESENTATION_CONTEXT(2) 
PARAMETRIC_REPRESENTATION_CONTEXT() REPRESENTATION_CONTEXT('2D SPACE',''
  ) );
#18528 = ADVANCED_FACE('',(#18529),#6049,.T.);
#18529 = FACE_BOUND('',#18530,.T.);
#18530 = EDGE_LOOP('',(#18531,#18552,#18553,#18554));
#18531 = ORIENTED_EDGE('',*,*,#18532,.F.);
#18532 = EDGE_CURVE('',#16991,#18484,#18533,.T.);
#18533 = SURFACE_CURVE('',#18534,(#18538,#18545),.PCURVE_S1.);
#18534 = LINE('',#18535,#18536);
#18535 = CARTESIAN_POINT('',(-14.38588952783,6.404518677937,0.));
#18536 = VECTOR('',#18537,1.);
#18537 = DIRECTION('',(-0.980785280403,-0.195090322016,0.));
#18538 = PCURVE('',#6049,#18539);
#18539 = DEFINITIONAL_REPRESENTATION('',(#18540),#18544);
#18540 = LINE('',#18541,#18542);
#18541 = CARTESIAN_POINT('',(0.,0.));
#18542 = VECTOR('',#18543,1.);
#18543 = DIRECTION('',(1.,0.));
#18544 = ( GEOMETRIC_REPRESENTATION_CONTEXT(2) 
PARAMETRIC_REPRESENTATION_CONTEXT() REPRESENTATION_CONTEXT('2D SPACE',''
  ) );
#18545 = PCURVE('',#17028,#18546);
#18546 = DEFINITIONAL_REPRESENTATION('',(#18547),#18551);
#18547 = LINE('',#18548,#18549);
#18548 = CARTESIAN_POINT('',(-0.414110472164,-1.545481322063));
#18549 = VECTOR('',#18550,1.);
#18550 = DIRECTION('',(0.980785280403,-0.195090322016));
#18551 = ( GEOMETRIC_REPRESENTATION_CONTEXT(2) 
PARAMETRIC_REPRESENTATION_CONTEXT() REPRESENTATION_CONTEXT('2D SPACE',''
  ) );
#18552 = ORIENTED_EDGE('',*,*,#16990,.F.);
#18553 = ORIENTED_EDGE('',*,*,#6033,.T.);
#18554 = ORIENTED_EDGE('',*,*,#18483,.F.);
#18555 = ADVANCED_FACE('',(#18556),#7189,.F.);
#18556 = FACE_BOUND('',#18557,.F.);
#18557 = EDGE_LOOP('',(#18558,#18559,#18583));
#18558 = ORIENTED_EDGE('',*,*,#7172,.F.);
#18559 = ORIENTED_EDGE('',*,*,#18560,.F.);
#18560 = EDGE_CURVE('',#18561,#7173,#18563,.T.);
#18561 = VERTEX_POINT('',#18562);
#18562 = CARTESIAN_POINT('',(-22.45,-0.1,1.8));
#18563 = SEAM_CURVE('',#18564,(#18569,#18576),.PCURVE_S1.);
#18564 = CIRCLE('',#18565,4.);
#18565 = AXIS2_PLACEMENT_3D('',#18566,#18567,#18568);
#18566 = CARTESIAN_POINT('',(-22.45,-0.1,5.8));
#18567 = DIRECTION('',(-2.449293598295E-16,-1.,0.));
#18568 = DIRECTION('',(1.,-2.449293598295E-16,0.));
#18569 = PCURVE('',#7189,#18570);
#18570 = DEFINITIONAL_REPRESENTATION('',(#18571),#18575);
#18571 = LINE('',#18572,#18573);
#18572 = CARTESIAN_POINT('',(6.28318530718,-6.28318530718));
#18573 = VECTOR('',#18574,1.);
#18574 = DIRECTION('',(0.,1.));
#18575 = ( GEOMETRIC_REPRESENTATION_CONTEXT(2) 
PARAMETRIC_REPRESENTATION_CONTEXT() REPRESENTATION_CONTEXT('2D SPACE',''
  ) );
#18576 = PCURVE('',#7189,#18577);
#18577 = DEFINITIONAL_REPRESENTATION('',(#18578),#18582);
#18578 = LINE('',#18579,#18580);
#18579 = CARTESIAN_POINT('',(0.,-6.28318530718));
#18580 = VECTOR('',#18581,1.);
#18581 = DIRECTION('',(0.,1.));
#18582 = ( GEOMETRIC_REPRESENTATION_CONTEXT(2) 
PARAMETRIC_REPRESENTATION_CONTEXT() REPRESENTATION_CONTEXT('2D SPACE',''
  ) );
#18583 = ORIENTED_EDGE('',*,*,#18560,.T.);
#18584 = ADVANCED_FACE('',(#18585),#7571,.T.);
#18585 = FACE_BOUND('',#18586,.T.);
#18586 = EDGE_LOOP('',(#18587,#18588,#18589,#18590,#18591,#18592,#18593,
    #18594,#18595,#18596,#18597,#18598,#18599,#18600,#18601,#18602,
    #18603,#18604,#18605,#18606,#18607,#18608,#18609,#18610,#18611,
    #18612,#18613,#18614,#18615,#18616,#18617,#18618,#18619,#18620,
    #18621,#18622,#18623,#18624,#18625,#18626,#18627,#18628,#18629,
    #18630,#18631,#18632,#18633,#18634));
#18587 = ORIENTED_EDGE('',*,*,#7660,.T.);
#18588 = ORIENTED_EDGE('',*,*,#7758,.T.);
#18589 = ORIENTED_EDGE('',*,*,#7856,.T.);
#18590 = ORIENTED_EDGE('',*,*,#7954,.T.);
#18591 = ORIENTED_EDGE('',*,*,#8052,.T.);
#18592 = ORIENTED_EDGE('',*,*,#8150,.T.);
#18593 = ORIENTED_EDGE('',*,*,#8248,.T.);
#18594 = ORIENTED_EDGE('',*,*,#8346,.T.);
#18595 = ORIENTED_EDGE('',*,*,#8444,.T.);
#18596 = ORIENTED_EDGE('',*,*,#8542,.T.);
#18597 = ORIENTED_EDGE('',*,*,#8640,.T.);
#18598 = ORIENTED_EDGE('',*,*,#8738,.T.);
#18599 = ORIENTED_EDGE('',*,*,#8836,.T.);
#18600 = ORIENTED_EDGE('',*,*,#8934,.T.);
#18601 = ORIENTED_EDGE('',*,*,#9032,.T.);
#18602 = ORIENTED_EDGE('',*,*,#9130,.T.);
#18603 = ORIENTED_EDGE('',*,*,#9228,.T.);
#18604 = ORIENTED_EDGE('',*,*,#9326,.T.);
#18605 = ORIENTED_EDGE('',*,*,#9424,.T.);
#18606 = ORIENTED_EDGE('',*,*,#9522,.T.);
#18607 = ORIENTED_EDGE('',*,*,#9620,.T.);
#18608 = ORIENTED_EDGE('',*,*,#9718,.T.);
#18609 = ORIENTED_EDGE('',*,*,#9816,.T.);
#18610 = ORIENTED_EDGE('',*,*,#9843,.T.);
#18611 = ORIENTED_EDGE('',*,*,#9767,.T.);
#18612 = ORIENTED_EDGE('',*,*,#9669,.T.);
#18613 = ORIENTED_EDGE('',*,*,#9571,.T.);
#18614 = ORIENTED_EDGE('',*,*,#9473,.T.);
#18615 = ORIENTED_EDGE('',*,*,#9375,.T.);
#18616 = ORIENTED_EDGE('',*,*,#9277,.T.);
#18617 = ORIENTED_EDGE('',*,*,#9179,.T.);
#18618 = ORIENTED_EDGE('',*,*,#9081,.T.);
#18619 = ORIENTED_EDGE('',*,*,#8983,.T.);
#18620 = ORIENTED_EDGE('',*,*,#8885,.T.);
#18621 = ORIENTED_EDGE('',*,*,#8787,.T.);
#18622 = ORIENTED_EDGE('',*,*,#8689,.T.);
#18623 = ORIENTED_EDGE('',*,*,#8591,.T.);
#18624 = ORIENTED_EDGE('',*,*,#8493,.T.);
#18625 = ORIENTED_EDGE('',*,*,#8395,.T.);
#18626 = ORIENTED_EDGE('',*,*,#8297,.T.);
#18627 = ORIENTED_EDGE('',*,*,#8199,.T.);
#18628 = ORIENTED_EDGE('',*,*,#8101,.T.);
#18629 = ORIENTED_EDGE('',*,*,#8003,.T.);
#18630 = ORIENTED_EDGE('',*,*,#7905,.T.);
#18631 = ORIENTED_EDGE('',*,*,#7807,.T.);
#18632 = ORIENTED_EDGE('',*,*,#7709,.T.);
#18633 = ORIENTED_EDGE('',*,*,#7611,.T.);
#18634 = ORIENTED_EDGE('',*,*,#7557,.T.);
#18635 = ADVANCED_FACE('',(#18636),#9928,.T.);
#18636 = FACE_BOUND('',#18637,.T.);
#18637 = EDGE_LOOP('',(#18638,#18639,#18640,#18641,#18642,#18643,#18644,
    #18645,#18646,#18647,#18648,#18649,#18650,#18651,#18652,#18653,
    #18654,#18655,#18656,#18657,#18658,#18659,#18660,#18661,#18662,
    #18663,#18664,#18665,#18666,#18667,#18668,#18669,#18670,#18671,
    #18672,#18673,#18674,#18675,#18676,#18677,#18678,#18679,#18680,
    #18681,#18682,#18683,#18684,#18685));
#18638 = ORIENTED_EDGE('',*,*,#10017,.T.);
#18639 = ORIENTED_EDGE('',*,*,#10115,.T.);
#18640 = ORIENTED_EDGE('',*,*,#10213,.T.);
#18641 = ORIENTED_EDGE('',*,*,#10311,.T.);
#18642 = ORIENTED_EDGE('',*,*,#10409,.T.);
#18643 = ORIENTED_EDGE('',*,*,#10507,.T.);
#18644 = ORIENTED_EDGE('',*,*,#10605,.T.);
#18645 = ORIENTED_EDGE('',*,*,#10703,.T.);
#18646 = ORIENTED_EDGE('',*,*,#10801,.T.);
#18647 = ORIENTED_EDGE('',*,*,#10899,.T.);
#18648 = ORIENTED_EDGE('',*,*,#10997,.T.);
#18649 = ORIENTED_EDGE('',*,*,#11095,.T.);
#18650 = ORIENTED_EDGE('',*,*,#11193,.T.);
#18651 = ORIENTED_EDGE('',*,*,#11291,.T.);
#18652 = ORIENTED_EDGE('',*,*,#11389,.T.);
#18653 = ORIENTED_EDGE('',*,*,#11487,.T.);
#18654 = ORIENTED_EDGE('',*,*,#11585,.T.);
#18655 = ORIENTED_EDGE('',*,*,#11683,.T.);
#18656 = ORIENTED_EDGE('',*,*,#11781,.T.);
#18657 = ORIENTED_EDGE('',*,*,#11879,.T.);
#18658 = ORIENTED_EDGE('',*,*,#11977,.T.);
#18659 = ORIENTED_EDGE('',*,*,#12075,.T.);
#18660 = ORIENTED_EDGE('',*,*,#12173,.T.);
#18661 = ORIENTED_EDGE('',*,*,#12200,.T.);
#18662 = ORIENTED_EDGE('',*,*,#12124,.T.);
#18663 = ORIENTED_EDGE('',*,*,#12026,.T.);
#18664 = ORIENTED_EDGE('',*,*,#11928,.T.);
#18665 = ORIENTED_EDGE('',*,*,#11830,.T.);
#18666 = ORIENTED_EDGE('',*,*,#11732,.T.);
#18667 = ORIENTED_EDGE('',*,*,#11634,.T.);
#18668 = ORIENTED_EDGE('',*,*,#11536,.T.);
#18669 = ORIENTED_EDGE('',*,*,#11438,.T.);
#18670 = ORIENTED_EDGE('',*,*,#11340,.T.);
#18671 = ORIENTED_EDGE('',*,*,#11242,.T.);
#18672 = ORIENTED_EDGE('',*,*,#11144,.T.);
#18673 = ORIENTED_EDGE('',*,*,#11046,.T.);
#18674 = ORIENTED_EDGE('',*,*,#10948,.T.);
#18675 = ORIENTED_EDGE('',*,*,#10850,.T.);
#18676 = ORIENTED_EDGE('',*,*,#10752,.T.);
#18677 = ORIENTED_EDGE('',*,*,#10654,.T.);
#18678 = ORIENTED_EDGE('',*,*,#10556,.T.);
#18679 = ORIENTED_EDGE('',*,*,#10458,.T.);
#18680 = ORIENTED_EDGE('',*,*,#10360,.T.);
#18681 = ORIENTED_EDGE('',*,*,#10262,.T.);
#18682 = ORIENTED_EDGE('',*,*,#10164,.T.);
#18683 = ORIENTED_EDGE('',*,*,#10066,.T.);
#18684 = ORIENTED_EDGE('',*,*,#9968,.T.);
#18685 = ORIENTED_EDGE('',*,*,#9914,.T.);
#18686 = ADVANCED_FACE('',(#18687),#12285,.T.);
#18687 = FACE_BOUND('',#18688,.T.);
#18688 = EDGE_LOOP('',(#18689,#18690,#18691,#18692,#18693,#18694,#18695,
    #18696,#18697,#18698,#18699,#18700,#18701,#18702,#18703,#18704,
    #18705,#18706,#18707,#18708,#18709,#18710,#18711,#18712,#18713,
    #18714,#18715,#18716,#18717,#18718,#18719,#18720,#18721,#18722,
    #18723,#18724,#18725,#18726,#18727,#18728,#18729,#18730,#18731,
    #18732,#18733,#18734,#18735,#18736));
#18689 = ORIENTED_EDGE('',*,*,#12374,.T.);
#18690 = ORIENTED_EDGE('',*,*,#12472,.T.);
#18691 = ORIENTED_EDGE('',*,*,#12570,.T.);
#18692 = ORIENTED_EDGE('',*,*,#12668,.T.);
#18693 = ORIENTED_EDGE('',*,*,#12766,.T.);
#18694 = ORIENTED_EDGE('',*,*,#12864,.T.);
#18695 = ORIENTED_EDGE('',*,*,#12962,.T.);
#18696 = ORIENTED_EDGE('',*,*,#13060,.T.);
#18697 = ORIENTED_EDGE('',*,*,#13158,.T.);
#18698 = ORIENTED_EDGE('',*,*,#13256,.T.);
#18699 = ORIENTED_EDGE('',*,*,#13354,.T.);
#18700 = ORIENTED_EDGE('',*,*,#13452,.T.);
#18701 = ORIENTED_EDGE('',*,*,#13550,.T.);
#18702 = ORIENTED_EDGE('',*,*,#13648,.T.);
#18703 = ORIENTED_EDGE('',*,*,#13746,.T.);
#18704 = ORIENTED_EDGE('',*,*,#13844,.T.);
#18705 = ORIENTED_EDGE('',*,*,#13942,.T.);
#18706 = ORIENTED_EDGE('',*,*,#14040,.T.);
#18707 = ORIENTED_EDGE('',*,*,#14138,.T.);
#18708 = ORIENTED_EDGE('',*,*,#14236,.T.);
#18709 = ORIENTED_EDGE('',*,*,#14334,.T.);
#18710 = ORIENTED_EDGE('',*,*,#14432,.T.);
#18711 = ORIENTED_EDGE('',*,*,#14530,.T.);
#18712 = ORIENTED_EDGE('',*,*,#14557,.T.);
#18713 = ORIENTED_EDGE('',*,*,#14481,.T.);
#18714 = ORIENTED_EDGE('',*,*,#14383,.T.);
#18715 = ORIENTED_EDGE('',*,*,#14285,.T.);
#18716 = ORIENTED_EDGE('',*,*,#14187,.T.);
#18717 = ORIENTED_EDGE('',*,*,#14089,.T.);
#18718 = ORIENTED_EDGE('',*,*,#13991,.T.);
#18719 = ORIENTED_EDGE('',*,*,#13893,.T.);
#18720 = ORIENTED_EDGE('',*,*,#13795,.T.);
#18721 = ORIENTED_EDGE('',*,*,#13697,.T.);
#18722 = ORIENTED_EDGE('',*,*,#13599,.T.);
#18723 = ORIENTED_EDGE('',*,*,#13501,.T.);
#18724 = ORIENTED_EDGE('',*,*,#13403,.T.);
#18725 = ORIENTED_EDGE('',*,*,#13305,.T.);
#18726 = ORIENTED_EDGE('',*,*,#13207,.T.);
#18727 = ORIENTED_EDGE('',*,*,#13109,.T.);
#18728 = ORIENTED_EDGE('',*,*,#13011,.T.);
#18729 = ORIENTED_EDGE('',*,*,#12913,.T.);
#18730 = ORIENTED_EDGE('',*,*,#12815,.T.);
#18731 = ORIENTED_EDGE('',*,*,#12717,.T.);
#18732 = ORIENTED_EDGE('',*,*,#12619,.T.);
#18733 = ORIENTED_EDGE('',*,*,#12521,.T.);
#18734 = ORIENTED_EDGE('',*,*,#12423,.T.);
#18735 = ORIENTED_EDGE('',*,*,#12325,.T.);
#18736 = ORIENTED_EDGE('',*,*,#12271,.T.);
#18737 = ADVANCED_FACE('',(#18738),#14669,.T.);
#18738 = FACE_BOUND('',#18739,.T.);
#18739 = EDGE_LOOP('',(#18740,#18741,#18742,#18743,#18744,#18745,#18746,
    #18747,#18748,#18749,#18750,#18751,#18752,#18753,#18754,#18755,
    #18756,#18757,#18758,#18759,#18760,#18761,#18762,#18763,#18764,
    #18765,#18766,#18767,#18768,#18769,#18770,#18771,#18772,#18773,
    #18774,#18775,#18776,#18777,#18778,#18779,#18780,#18781,#18782,
    #18783,#18784,#18785,#18786,#18787));
#18740 = ORIENTED_EDGE('',*,*,#14758,.T.);
#18741 = ORIENTED_EDGE('',*,*,#14856,.T.);
#18742 = ORIENTED_EDGE('',*,*,#14954,.T.);
#18743 = ORIENTED_EDGE('',*,*,#15052,.T.);
#18744 = ORIENTED_EDGE('',*,*,#15150,.T.);
#18745 = ORIENTED_EDGE('',*,*,#15248,.T.);
#18746 = ORIENTED_EDGE('',*,*,#15346,.T.);
#18747 = ORIENTED_EDGE('',*,*,#15444,.T.);
#18748 = ORIENTED_EDGE('',*,*,#15542,.T.);
#18749 = ORIENTED_EDGE('',*,*,#15640,.T.);
#18750 = ORIENTED_EDGE('',*,*,#15738,.T.);
#18751 = ORIENTED_EDGE('',*,*,#15836,.T.);
#18752 = ORIENTED_EDGE('',*,*,#15934,.T.);
#18753 = ORIENTED_EDGE('',*,*,#16032,.T.);
#18754 = ORIENTED_EDGE('',*,*,#16130,.T.);
#18755 = ORIENTED_EDGE('',*,*,#16228,.T.);
#18756 = ORIENTED_EDGE('',*,*,#16326,.T.);
#18757 = ORIENTED_EDGE('',*,*,#16424,.T.);
#18758 = ORIENTED_EDGE('',*,*,#16522,.T.);
#18759 = ORIENTED_EDGE('',*,*,#16620,.T.);
#18760 = ORIENTED_EDGE('',*,*,#16718,.T.);
#18761 = ORIENTED_EDGE('',*,*,#16816,.T.);
#18762 = ORIENTED_EDGE('',*,*,#16914,.T.);
#18763 = ORIENTED_EDGE('',*,*,#16941,.T.);
#18764 = ORIENTED_EDGE('',*,*,#16865,.T.);
#18765 = ORIENTED_EDGE('',*,*,#16767,.T.);
#18766 = ORIENTED_EDGE('',*,*,#16669,.T.);
#18767 = ORIENTED_EDGE('',*,*,#16571,.T.);
#18768 = ORIENTED_EDGE('',*,*,#16473,.T.);
#18769 = ORIENTED_EDGE('',*,*,#16375,.T.);
#18770 = ORIENTED_EDGE('',*,*,#16277,.T.);
#18771 = ORIENTED_EDGE('',*,*,#16179,.T.);
#18772 = ORIENTED_EDGE('',*,*,#16081,.T.);
#18773 = ORIENTED_EDGE('',*,*,#15983,.T.);
#18774 = ORIENTED_EDGE('',*,*,#15885,.T.);
#18775 = ORIENTED_EDGE('',*,*,#15787,.T.);
#18776 = ORIENTED_EDGE('',*,*,#15689,.T.);
#18777 = ORIENTED_EDGE('',*,*,#15591,.T.);
#18778 = ORIENTED_EDGE('',*,*,#15493,.T.);
#18779 = ORIENTED_EDGE('',*,*,#15395,.T.);
#18780 = ORIENTED_EDGE('',*,*,#15297,.T.);
#18781 = ORIENTED_EDGE('',*,*,#15199,.T.);
#18782 = ORIENTED_EDGE('',*,*,#15101,.T.);
#18783 = ORIENTED_EDGE('',*,*,#15003,.T.);
#18784 = ORIENTED_EDGE('',*,*,#14905,.T.);
#18785 = ORIENTED_EDGE('',*,*,#14807,.T.);
#18786 = ORIENTED_EDGE('',*,*,#14709,.T.);
#18787 = ORIENTED_EDGE('',*,*,#14655,.T.);
#18788 = ADVANCED_FACE('',(#18789),#17028,.T.);
#18789 = FACE_BOUND('',#18790,.T.);
#18790 = EDGE_LOOP('',(#18791,#18792,#18793,#18794,#18795,#18796,#18797,
    #18798,#18799,#18800,#18801,#18802,#18803,#18804,#18805,#18806,
    #18807,#18808,#18809,#18810,#18811,#18812,#18813,#18814,#18815,
    #18816,#18817,#18818,#18819,#18820,#18821,#18822));
#18791 = ORIENTED_EDGE('',*,*,#17011,.F.);
#18792 = ORIENTED_EDGE('',*,*,#18532,.T.);
#18793 = ORIENTED_EDGE('',*,*,#18508,.T.);
#18794 = ORIENTED_EDGE('',*,*,#18459,.T.);
#18795 = ORIENTED_EDGE('',*,*,#18410,.T.);
#18796 = ORIENTED_EDGE('',*,*,#18361,.T.);
#18797 = ORIENTED_EDGE('',*,*,#18312,.T.);
#18798 = ORIENTED_EDGE('',*,*,#18263,.T.);
#18799 = ORIENTED_EDGE('',*,*,#18214,.T.);
#18800 = ORIENTED_EDGE('',*,*,#18165,.T.);
#18801 = ORIENTED_EDGE('',*,*,#18116,.T.);
#18802 = ORIENTED_EDGE('',*,*,#18067,.T.);
#18803 = ORIENTED_EDGE('',*,*,#18018,.T.);
#18804 = ORIENTED_EDGE('',*,*,#17969,.T.);
#18805 = ORIENTED_EDGE('',*,*,#17920,.T.);
#18806 = ORIENTED_EDGE('',*,*,#17871,.T.);
#18807 = ORIENTED_EDGE('',*,*,#17822,.T.);
#18808 = ORIENTED_EDGE('',*,*,#17773,.T.);
#18809 = ORIENTED_EDGE('',*,*,#17724,.T.);
#18810 = ORIENTED_EDGE('',*,*,#17675,.T.);
#18811 = ORIENTED_EDGE('',*,*,#17626,.T.);
#18812 = ORIENTED_EDGE('',*,*,#17577,.T.);
#18813 = ORIENTED_EDGE('',*,*,#17528,.T.);
#18814 = ORIENTED_EDGE('',*,*,#17479,.T.);
#18815 = ORIENTED_EDGE('',*,*,#17430,.T.);
#18816 = ORIENTED_EDGE('',*,*,#17381,.T.);
#18817 = ORIENTED_EDGE('',*,*,#17332,.T.);
#18818 = ORIENTED_EDGE('',*,*,#17283,.T.);
#18819 = ORIENTED_EDGE('',*,*,#17234,.T.);
#18820 = ORIENTED_EDGE('',*,*,#17185,.T.);
#18821 = ORIENTED_EDGE('',*,*,#17136,.T.);
#18822 = ORIENTED_EDGE('',*,*,#17062,.T.);
#18823 = ( GEOMETRIC_REPRESENTATION_CONTEXT(3) 
GLOBAL_UNCERTAINTY_ASSIGNED_CONTEXT((#18827)) 
GLOBAL_UNIT_ASSIGNED_CONTEXT((#18824,#18825,#18826)) 
REPRESENTATION_CONTEXT('Context #1',
  '3D Context with UNIT and UNCERTAINTY') );
#18824 = ( LENGTH_UNIT() NAMED_UNIT(*) SI_UNIT(.MILLI.,.METRE.) );
#18825 = ( NAMED_UNIT(*) PLANE_ANGLE_UNIT() SI_UNIT($,.RADIAN.) );
#18826 = ( NAMED_UNIT(*) SI_UNIT($,.STERADIAN.) SOLID_ANGLE_UNIT() );
#18827 = UNCERTAINTY_MEASURE_WITH_UNIT(LENGTH_MEASURE(1.E-07),#18824,
  'distance_accuracy_value','confusion accuracy');
#18828 = PRODUCT_RELATED_PRODUCT_CATEGORY('part',$,(#7));
ENDSEC;
END-ISO-10303-21;
